2026-08-25 18:02:20,348:WARNING:
'cuml' is a soft dependency and not included in the pycaret installation. Please run: `pip install cuml` to install.
2026-08-25 18:02:20,348:WARNING:
'cuml' is a soft dependency and not included in the pycaret installation. Please run: `pip install cuml` to install.
2026-08-25 18:02:20,348:WARNING:
'cuml' is a soft dependency and not included in the pycaret installation. Please run: `pip install cuml` to install.
2026-08-25 18:02:20,348:WARNING:
'cuml' is a soft dependency and not included in the pycaret installation. Please run: `pip install cuml` to install.
2026-08-25 18:02:20,516:INFO:PyCaret RegressionExperiment
2026-08-25 18:02:20,516:INFO:Logging name: reg-default-name
2026-08-25 18:02:20,516:INFO:ML Usecase: MLUsecase.REGRESSION
2026-08-25 18:02:20,517:INFO:version 3.3.2
2026-08-25 18:02:20,517:INFO:Initializing setup()
2026-08-25 18:02:20,517:INFO:self.USI: 2235
2026-08-25 18:02:20,517:INFO:self._variable_keys: {'X_train', 'exp_name_log', 'gpu_param', 'gpu_n_jobs_param', 'transform_target_param', 'USI', 'exp_id', 'y_test', 'target_param', 'memory', 'X_test', 'data', 'logging_param', 'y', 'n_jobs_param', 'fold_groups_param', '_ml_usecase', 'pipeline', 'y_train', 'X', '_available_plots', 'log_plots_param', 'fold_generator', 'idx', 'seed', 'fold_shuffle_param', 'html_param'}
2026-08-25 18:02:20,517:INFO:Checking environment
2026-08-25 18:02:20,517:INFO:python_version: 3.11.4
2026-08-25 18:02:20,517:INFO:python_build: ('tags/v3.11.4:d2340ef', 'Jun  7 2023 05:45:37')
2026-08-25 18:02:20,517:INFO:machine: AMD64
2026-08-25 18:02:20,536:INFO:platform: Windows-10-10.0.26200-SP0
2026-08-25 18:02:20,537:INFO:Memory: svmem(total=16830971904, available=3469864960, percent=79.4, used=13361106944, free=3469864960)
2026-08-25 18:02:20,537:INFO:Physical Core: 14
2026-08-25 18:02:20,537:INFO:Logical Core: 20
2026-08-25 18:02:20,537:INFO:Checking libraries
2026-08-25 18:02:20,537:INFO:System:
2026-08-25 18:02:20,537:INFO:    python: 3.11.4 (tags/v3.11.4:d2340ef, Jun  7 2023, 05:45:37) [MSC v.1934 64 bit (AMD64)]
2026-08-25 18:02:20,537:INFO:executable: C:\Users\youne\Desktop\AutoMLapp\.venv\Scripts\python.exe
2026-08-25 18:02:20,537:INFO:   machine: Windows-10-10.0.26200-SP0
2026-08-25 18:02:20,537:INFO:PyCaret required dependencies:
2026-08-25 18:02:20,537:WARNING:C:\Users\youne\Desktop\AutoMLapp\.venv\Lib\site-packages\_distutils_hack\__init__.py:30: UserWarning:

Setuptools is replacing distutils. Support for replacing an already imported distutils is deprecated. In the future, this condition will fail. Register concerns at https://github.com/pypa/setuptools/issues/new?template=distutils-deprecation.yml


2026-08-25 18:02:20,874:INFO:                 pip: 26.2.1
2026-08-25 18:02:20,874:INFO:          setuptools: 80.10.2
2026-08-25 18:02:20,874:INFO:             pycaret: 3.3.2
2026-08-25 18:02:20,874:INFO:             IPython: 9.16.1
2026-08-25 18:02:20,874:INFO:          ipywidgets: 8.1.9
2026-08-25 18:02:20,874:INFO:                tqdm: 4.70.0
2026-08-25 18:02:20,874:INFO:               numpy: 1.26.4
2026-08-25 18:02:20,874:INFO:              pandas: 2.1.4
2026-08-25 18:02:20,874:INFO:              jinja2: 3.1.6
2026-08-25 18:02:20,874:INFO:               scipy: 1.11.4
2026-08-25 18:02:20,874:INFO:              joblib: 1.3.2
2026-08-25 18:02:20,875:INFO:             sklearn: 1.4.2
2026-08-25 18:02:20,875:INFO:                pyod: 3.4.0
2026-08-25 18:02:20,875:INFO:            imblearn: 0.14.2
2026-08-25 18:02:20,875:INFO:   category_encoders: 2.7.0
2026-08-25 18:02:20,875:INFO:            lightgbm: 4.7.0
2026-08-25 18:02:20,875:INFO:               numba: 0.59.1
2026-08-25 18:02:20,875:INFO:            requests: 2.34.2
2026-08-25 18:02:20,875:INFO:          matplotlib: 3.7.5
2026-08-25 18:02:20,875:INFO:          scikitplot: 0.3.7
2026-08-25 18:02:20,875:INFO:         yellowbrick: 1.5
2026-08-25 18:02:20,875:INFO:              plotly: 5.24.1
2026-08-25 18:02:20,875:INFO:    plotly-resampler: Not installed
2026-08-25 18:02:20,875:INFO:             kaleido: 1.3.0
2026-08-25 18:02:20,875:INFO:           schemdraw: 0.15
2026-08-25 18:02:20,875:INFO:         statsmodels: 0.14.6
2026-08-25 18:02:20,875:INFO:              sktime: 0.26.0
2026-08-25 18:02:20,875:INFO:               tbats: 1.1.3
2026-08-25 18:02:20,875:INFO:            pmdarima: 2.0.4
2026-08-25 18:02:20,875:INFO:              psutil: 7.2.2
2026-08-25 18:02:20,875:INFO:          markupsafe: 3.0.3
2026-08-25 18:02:20,875:INFO:             pickle5: Not installed
2026-08-25 18:02:20,875:INFO:         cloudpickle: 3.1.2
2026-08-25 18:02:20,876:INFO:         deprecation: 2.1.0
2026-08-25 18:02:20,876:INFO:              xxhash: 4.0.1
2026-08-25 18:02:20,876:INFO:           wurlitzer: Not installed
2026-08-25 18:02:20,876:INFO:PyCaret optional dependencies:
2026-08-25 18:02:20,892:INFO:                shap: Not installed
2026-08-25 18:02:20,892:INFO:           interpret: Not installed
2026-08-25 18:02:20,892:INFO:                umap: Not installed
2026-08-25 18:02:20,892:INFO:     ydata_profiling: Not installed
2026-08-25 18:02:20,892:INFO:  explainerdashboard: Not installed
2026-08-25 18:02:20,892:INFO:             autoviz: Not installed
2026-08-25 18:02:20,892:INFO:           fairlearn: Not installed
2026-08-25 18:02:20,892:INFO:          deepchecks: Not installed
2026-08-25 18:02:20,892:INFO:             xgboost: Not installed
2026-08-25 18:02:20,892:INFO:            catboost: Not installed
2026-08-25 18:02:20,892:INFO:              kmodes: Not installed
2026-08-25 18:02:20,892:INFO:             mlxtend: Not installed
2026-08-25 18:02:20,892:INFO:       statsforecast: Not installed
2026-08-25 18:02:20,892:INFO:        tune_sklearn: Not installed
2026-08-25 18:02:20,892:INFO:                 ray: Not installed
2026-08-25 18:02:20,892:INFO:            hyperopt: Not installed
2026-08-25 18:02:20,892:INFO:              optuna: Not installed
2026-08-25 18:02:20,892:INFO:               skopt: Not installed
2026-08-25 18:02:20,892:INFO:              mlflow: Not installed
2026-08-25 18:02:20,892:INFO:              gradio: Not installed
2026-08-25 18:02:20,892:INFO:             fastapi: Not installed
2026-08-25 18:02:20,892:INFO:             uvicorn: Not installed
2026-08-25 18:02:20,892:INFO:              m2cgen: Not installed
2026-08-25 18:02:20,892:INFO:           evidently: Not installed
2026-08-25 18:02:20,892:INFO:               fugue: Not installed
2026-08-25 18:02:20,892:INFO:           streamlit: 1.25.0
2026-08-25 18:02:20,892:INFO:             prophet: Not installed
2026-08-25 18:02:20,892:INFO:None
2026-08-25 18:02:20,892:INFO:Set up data.
2026-08-25 18:02:20,895:INFO:Set up folding strategy.
2026-08-25 18:02:20,895:INFO:Set up train/test split.
2026-08-25 18:02:20,956:INFO:Set up index.
2026-08-25 18:02:20,956:INFO:Assigning column types.
2026-08-25 18:02:20,960:INFO:Engine successfully changes for model 'lr' to 'sklearn'.
2026-08-25 18:02:20,960:INFO:Engine for model 'lasso' has not been set explicitly, hence returning None.
2026-08-25 18:02:20,964:INFO:Engine for model 'ridge' has not been set explicitly, hence returning None.
2026-08-25 18:02:20,967:INFO:Engine for model 'en' has not been set explicitly, hence returning None.
2026-08-25 18:02:21,014:INFO:Engine for model 'svm' has not been set explicitly, hence returning None.
2026-08-25 18:02:21,045:INFO:Engine for model 'knn' has not been set explicitly, hence returning None.
2026-08-25 18:02:21,046:WARNING:
'xgboost' is a soft dependency and not included in the pycaret installation. Please run: `pip install xgboost` to install.
Alternately, you can install this by running `pip install pycaret[models]`
2026-08-25 18:02:21,047:WARNING:
'catboost' is a soft dependency and not included in the pycaret installation. Please run: `pip install catboost` to install.
Alternately, you can install this by running `pip install pycaret[models]`
2026-08-25 18:02:21,047:INFO:Engine for model 'lasso' has not been set explicitly, hence returning None.
2026-08-25 18:02:21,051:INFO:Engine for model 'ridge' has not been set explicitly, hence returning None.
2026-08-25 18:02:21,055:INFO:Engine for model 'en' has not been set explicitly, hence returning None.
2026-08-25 18:02:21,088:INFO:Engine for model 'svm' has not been set explicitly, hence returning None.
2026-08-25 18:02:21,111:INFO:Engine for model 'knn' has not been set explicitly, hence returning None.
2026-08-25 18:02:21,112:WARNING:
'xgboost' is a soft dependency and not included in the pycaret installation. Please run: `pip install xgboost` to install.
Alternately, you can install this by running `pip install pycaret[models]`
2026-08-25 18:02:21,112:WARNING:
'catboost' is a soft dependency and not included in the pycaret installation. Please run: `pip install catboost` to install.
Alternately, you can install this by running `pip install pycaret[models]`
2026-08-25 18:02:21,112:INFO:Engine successfully changes for model 'lasso' to 'sklearn'.
2026-08-25 18:02:21,119:INFO:Engine for model 'ridge' has not been set explicitly, hence returning None.
2026-08-25 18:02:21,123:INFO:Engine for model 'en' has not been set explicitly, hence returning None.
2026-08-25 18:02:21,154:INFO:Engine for model 'svm' has not been set explicitly, hence returning None.
2026-08-25 18:02:21,178:INFO:Engine for model 'knn' has not been set explicitly, hence returning None.
2026-08-25 18:02:21,179:WARNING:
'xgboost' is a soft dependency and not included in the pycaret installation. Please run: `pip install xgboost` to install.
Alternately, you can install this by running `pip install pycaret[models]`
2026-08-25 18:02:21,179:WARNING:
'catboost' is a soft dependency and not included in the pycaret installation. Please run: `pip install catboost` to install.
Alternately, you can install this by running `pip install pycaret[models]`
2026-08-25 18:02:21,181:INFO:Engine for model 'ridge' has not been set explicitly, hence returning None.
2026-08-25 18:02:21,183:INFO:Engine for model 'en' has not been set explicitly, hence returning None.
2026-08-25 18:02:21,244:INFO:Engine for model 'svm' has not been set explicitly, hence returning None.
2026-08-25 18:02:21,297:INFO:Engine for model 'knn' has not been set explicitly, hence returning None.
2026-08-25 18:02:21,298:WARNING:
'xgboost' is a soft dependency and not included in the pycaret installation. Please run: `pip install xgboost` to install.
Alternately, you can install this by running `pip install pycaret[models]`
2026-08-25 18:02:21,298:WARNING:
'catboost' is a soft dependency and not included in the pycaret installation. Please run: `pip install catboost` to install.
Alternately, you can install this by running `pip install pycaret[models]`
2026-08-25 18:02:21,298:INFO:Engine successfully changes for model 'ridge' to 'sklearn'.
2026-08-25 18:02:21,305:INFO:Engine for model 'en' has not been set explicitly, hence returning None.
2026-08-25 18:02:21,338:INFO:Engine for model 'svm' has not been set explicitly, hence returning None.
2026-08-25 18:02:21,365:INFO:Engine for model 'knn' has not been set explicitly, hence returning None.
2026-08-25 18:02:21,366:WARNING:
'xgboost' is a soft dependency and not included in the pycaret installation. Please run: `pip install xgboost` to install.
Alternately, you can install this by running `pip install pycaret[models]`
2026-08-25 18:02:21,366:WARNING:
'catboost' is a soft dependency and not included in the pycaret installation. Please run: `pip install catboost` to install.
Alternately, you can install this by running `pip install pycaret[models]`
2026-08-25 18:02:21,371:INFO:Engine for model 'en' has not been set explicitly, hence returning None.
2026-08-25 18:02:21,428:INFO:Engine for model 'svm' has not been set explicitly, hence returning None.
2026-08-25 18:02:21,477:INFO:Engine for model 'knn' has not been set explicitly, hence returning None.
2026-08-25 18:02:21,478:WARNING:
'xgboost' is a soft dependency and not included in the pycaret installation. Please run: `pip install xgboost` to install.
Alternately, you can install this by running `pip install pycaret[models]`
2026-08-25 18:02:21,478:WARNING:
'catboost' is a soft dependency and not included in the pycaret installation. Please run: `pip install catboost` to install.
Alternately, you can install this by running `pip install pycaret[models]`
2026-08-25 18:02:21,478:INFO:Engine successfully changes for model 'en' to 'sklearn'.
2026-08-25 18:02:21,519:INFO:Engine for model 'svm' has not been set explicitly, hence returning None.
2026-08-25 18:02:21,544:INFO:Engine for model 'knn' has not been set explicitly, hence returning None.
2026-08-25 18:02:21,545:WARNING:
'xgboost' is a soft dependency and not included in the pycaret installation. Please run: `pip install xgboost` to install.
Alternately, you can install this by running `pip install pycaret[models]`
2026-08-25 18:02:21,545:WARNING:
'catboost' is a soft dependency and not included in the pycaret installation. Please run: `pip install catboost` to install.
Alternately, you can install this by running `pip install pycaret[models]`
2026-08-25 18:02:21,585:INFO:Engine for model 'svm' has not been set explicitly, hence returning None.
2026-08-25 18:02:21,608:INFO:Engine for model 'knn' has not been set explicitly, hence returning None.
2026-08-25 18:02:21,608:WARNING:
'xgboost' is a soft dependency and not included in the pycaret installation. Please run: `pip install xgboost` to install.
Alternately, you can install this by running `pip install pycaret[models]`
2026-08-25 18:02:21,608:WARNING:
'catboost' is a soft dependency and not included in the pycaret installation. Please run: `pip install catboost` to install.
Alternately, you can install this by running `pip install pycaret[models]`
2026-08-25 18:02:21,608:INFO:Engine successfully changes for model 'knn' to 'sklearn'.
2026-08-25 18:02:21,647:INFO:Engine for model 'svm' has not been set explicitly, hence returning None.
2026-08-25 18:02:21,671:WARNING:
'xgboost' is a soft dependency and not included in the pycaret installation. Please run: `pip install xgboost` to install.
Alternately, you can install this by running `pip install pycaret[models]`
2026-08-25 18:02:21,672:WARNING:
'catboost' is a soft dependency and not included in the pycaret installation. Please run: `pip install catboost` to install.
Alternately, you can install this by running `pip install pycaret[models]`
2026-08-25 18:02:21,723:INFO:Engine for model 'svm' has not been set explicitly, hence returning None.
2026-08-25 18:02:21,752:WARNING:
'xgboost' is a soft dependency and not included in the pycaret installation. Please run: `pip install xgboost` to install.
Alternately, you can install this by running `pip install pycaret[models]`
2026-08-25 18:02:21,752:WARNING:
'catboost' is a soft dependency and not included in the pycaret installation. Please run: `pip install catboost` to install.
Alternately, you can install this by running `pip install pycaret[models]`
2026-08-25 18:02:21,752:INFO:Engine successfully changes for model 'svm' to 'sklearn'.
2026-08-25 18:02:21,832:WARNING:
'xgboost' is a soft dependency and not included in the pycaret installation. Please run: `pip install xgboost` to install.
Alternately, you can install this by running `pip install pycaret[models]`
2026-08-25 18:02:21,832:WARNING:
'catboost' is a soft dependency and not included in the pycaret installation. Please run: `pip install catboost` to install.
Alternately, you can install this by running `pip install pycaret[models]`
2026-08-25 18:02:21,908:WARNING:
'xgboost' is a soft dependency and not included in the pycaret installation. Please run: `pip install xgboost` to install.
Alternately, you can install this by running `pip install pycaret[models]`
2026-08-25 18:02:21,908:WARNING:
'catboost' is a soft dependency and not included in the pycaret installation. Please run: `pip install catboost` to install.
Alternately, you can install this by running `pip install pycaret[models]`
2026-08-25 18:02:21,910:INFO:Preparing preprocessing pipeline...
2026-08-25 18:02:21,910:INFO:Set up simple imputation.
2026-08-25 18:02:21,911:INFO:Set up column name cleaning.
2026-08-25 18:02:21,932:INFO:Finished creating preprocessing pipeline.
2026-08-25 18:02:21,935:INFO:Pipeline: Pipeline(memory=FastMemory(location=C:\Users\youne\AppData\Local\Temp\joblib),
         steps=[('numerical_imputer',
                 TransformerWrapper(include=['sepal.length', 'sepal.width',
                                             'petal.length', 'petal.width'],
                                    transformer=SimpleImputer())),
                ('categorical_imputer',
                 TransformerWrapper(include=[],
                                    transformer=SimpleImputer(strategy='most_frequent'))),
                ('clean_column_names',
                 TransformerWrapper(transformer=CleanColumnNames()))])
2026-08-25 18:02:21,935:INFO:Creating final display dataframe.
2026-08-25 18:02:21,986:INFO:Setup _display_container:                     Description             Value
0                    Session id              2900
1                        Target           variety
2                   Target type        Regression
3           Original data shape          (150, 5)
4        Transformed data shape          (150, 5)
5   Transformed train set shape          (105, 5)
6    Transformed test set shape           (45, 5)
7              Numeric features                 4
8                    Preprocess              True
9               Imputation type            simple
10           Numeric imputation              mean
11       Categorical imputation              mode
12               Fold Generator             KFold
13                  Fold Number                10
14                     CPU Jobs                -1
15                      Use GPU             False
16               Log Experiment             False
17              Experiment Name  reg-default-name
18                          USI              2235
2026-08-25 18:02:22,059:WARNING:
'xgboost' is a soft dependency and not included in the pycaret installation. Please run: `pip install xgboost` to install.
Alternately, you can install this by running `pip install pycaret[models]`
2026-08-25 18:02:22,061:WARNING:
'catboost' is a soft dependency and not included in the pycaret installation. Please run: `pip install catboost` to install.
Alternately, you can install this by running `pip install pycaret[models]`
2026-08-25 18:02:22,149:WARNING:
'xgboost' is a soft dependency and not included in the pycaret installation. Please run: `pip install xgboost` to install.
Alternately, you can install this by running `pip install pycaret[models]`
2026-08-25 18:02:22,149:WARNING:
'catboost' is a soft dependency and not included in the pycaret installation. Please run: `pip install catboost` to install.
Alternately, you can install this by running `pip install pycaret[models]`
2026-08-25 18:02:22,150:INFO:setup() successfully completed in 1.64s...............
2026-08-25 18:02:22,150:INFO:Initializing compare_models()
2026-08-25 18:02:22,150:INFO:compare_models(self=<pycaret.regression.oop.RegressionExperiment object at 0x00000220CBD40450>, include=None, exclude=None, fold=None, round=4, cross_validation=True, sort=R2, n_select=1, budget_time=None, turbo=True, errors=ignore, fit_kwargs=None, groups=None, experiment_custom_tags=None, probability_threshold=None, verbose=True, parallel=None, caller_params={'self': <pycaret.regression.oop.RegressionExperiment object at 0x00000220CBD40450>, 'include': None, 'exclude': None, 'fold': None, 'round': 4, 'cross_validation': True, 'sort': 'R2', 'n_select': 1, 'budget_time': None, 'turbo': True, 'errors': 'ignore', 'fit_kwargs': None, 'groups': None, 'experiment_custom_tags': None, 'engine': None, 'verbose': True, 'parallel': None, '__class__': <class 'pycaret.regression.oop.RegressionExperiment'>})
2026-08-25 18:02:22,150:INFO:Checking exceptions
2026-08-25 18:02:22,151:INFO:Preparing display monitor
2026-08-25 18:02:22,155:INFO:Initializing Linear Regression
2026-08-25 18:02:22,155:INFO:Total runtime is 0.0 minutes
2026-08-25 18:02:22,156:INFO:SubProcess create_model() called ==================================
2026-08-25 18:02:22,156:INFO:Initializing create_model()
2026-08-25 18:02:22,156:INFO:create_model(self=<pycaret.regression.oop.RegressionExperiment object at 0x00000220CBD40450>, estimator=lr, fold=KFold(n_splits=10, random_state=None, shuffle=False), round=4, cross_validation=True, predict=True, fit_kwargs={}, groups=None, refit=False, probability_threshold=None, experiment_custom_tags=None, verbose=False, system=False, add_to_model_list=True, metrics=None, display=<pycaret.internal.display.display.CommonDisplay object at 0x000002211C6F2C10>, model_only=True, return_train_score=False, error_score=0.0, kwargs={})
2026-08-25 18:02:22,156:INFO:Checking exceptions
2026-08-25 18:02:22,156:INFO:Importing libraries
2026-08-25 18:02:22,156:INFO:Copying training dataset
2026-08-25 18:02:22,159:INFO:Defining folds
2026-08-25 18:02:22,159:INFO:Declaring metric variables
2026-08-25 18:02:22,159:INFO:Importing untrained model
2026-08-25 18:02:22,159:INFO:Linear Regression Imported successfully
2026-08-25 18:02:22,160:INFO:Starting cross validation
2026-08-25 18:02:22,164:INFO:Cross validating with KFold(n_splits=10, random_state=None, shuffle=False), n_jobs=-1
2026-08-25 18:02:24,940:WARNING:C:\Users\youne\Desktop\AutoMLapp\.venv\Lib\site-packages\_distutils_hack\__init__.py:30: UserWarning: Setuptools is replacing distutils. Support for replacing an already imported distutils is deprecated. In the future, this condition will fail. Register concerns at https://github.com/pypa/setuptools/issues/new?template=distutils-deprecation.yml
  warnings.warn(

2026-08-25 18:02:24,961:WARNING:C:\Users\youne\Desktop\AutoMLapp\.venv\Lib\site-packages\_distutils_hack\__init__.py:30: UserWarning: Setuptools is replacing distutils. Support for replacing an already imported distutils is deprecated. In the future, this condition will fail. Register concerns at https://github.com/pypa/setuptools/issues/new?template=distutils-deprecation.yml
  warnings.warn(

2026-08-25 18:02:24,972:WARNING:C:\Users\youne\Desktop\AutoMLapp\.venv\Lib\site-packages\_distutils_hack\__init__.py:30: UserWarning: Setuptools is replacing distutils. Support for replacing an already imported distutils is deprecated. In the future, this condition will fail. Register concerns at https://github.com/pypa/setuptools/issues/new?template=distutils-deprecation.yml
  warnings.warn(

2026-08-25 18:02:24,993:WARNING:C:\Users\youne\Desktop\AutoMLapp\.venv\Lib\site-packages\_distutils_hack\__init__.py:30: UserWarning: Setuptools is replacing distutils. Support for replacing an already imported distutils is deprecated. In the future, this condition will fail. Register concerns at https://github.com/pypa/setuptools/issues/new?template=distutils-deprecation.yml
  warnings.warn(

2026-08-25 18:02:25,000:WARNING:C:\Users\youne\Desktop\AutoMLapp\.venv\Lib\site-packages\_distutils_hack\__init__.py:30: UserWarning: Setuptools is replacing distutils. Support for replacing an already imported distutils is deprecated. In the future, this condition will fail. Register concerns at https://github.com/pypa/setuptools/issues/new?template=distutils-deprecation.yml
  warnings.warn(

2026-08-25 18:02:25,002:WARNING:C:\Users\youne\Desktop\AutoMLapp\.venv\Lib\site-packages\_distutils_hack\__init__.py:30: UserWarning: Setuptools is replacing distutils. Support for replacing an already imported distutils is deprecated. In the future, this condition will fail. Register concerns at https://github.com/pypa/setuptools/issues/new?template=distutils-deprecation.yml
  warnings.warn(

2026-08-25 18:02:25,005:WARNING:C:\Users\youne\Desktop\AutoMLapp\.venv\Lib\site-packages\_distutils_hack\__init__.py:30: UserWarning: Setuptools is replacing distutils. Support for replacing an already imported distutils is deprecated. In the future, this condition will fail. Register concerns at https://github.com/pypa/setuptools/issues/new?template=distutils-deprecation.yml
  warnings.warn(

2026-08-25 18:02:25,006:WARNING:C:\Users\youne\Desktop\AutoMLapp\.venv\Lib\site-packages\_distutils_hack\__init__.py:30: UserWarning: Setuptools is replacing distutils. Support for replacing an already imported distutils is deprecated. In the future, this condition will fail. Register concerns at https://github.com/pypa/setuptools/issues/new?template=distutils-deprecation.yml
  warnings.warn(

2026-08-25 18:02:25,008:WARNING:C:\Users\youne\Desktop\AutoMLapp\.venv\Lib\site-packages\_distutils_hack\__init__.py:30: UserWarning: Setuptools is replacing distutils. Support for replacing an already imported distutils is deprecated. In the future, this condition will fail. Register concerns at https://github.com/pypa/setuptools/issues/new?template=distutils-deprecation.yml
  warnings.warn(

2026-08-25 18:02:25,011:WARNING:C:\Users\youne\Desktop\AutoMLapp\.venv\Lib\site-packages\_distutils_hack\__init__.py:30: UserWarning: Setuptools is replacing distutils. Support for replacing an already imported distutils is deprecated. In the future, this condition will fail. Register concerns at https://github.com/pypa/setuptools/issues/new?template=distutils-deprecation.yml
  warnings.warn(

2026-08-25 18:02:25,224:WARNING:create_model() for lr raised an exception or returned all 0.0, trying without fit_kwargs:
2026-08-25 18:02:25,230:WARNING:Traceback (most recent call last):
  File "C:\Users\youne\Desktop\AutoMLapp\.venv\Lib\site-packages\pycaret\internal\pycaret_experiment\supervised_experiment.py", line 794, in compare_models
    model, model_fit_time = self._create_model(**create_model_args)
                            ^^^^^^^^^^^^^^^^^^^^^^^^^^^^^^^^^^^^^^^
  File "C:\Users\youne\Desktop\AutoMLapp\.venv\Lib\site-packages\pycaret\internal\pycaret_experiment\supervised_experiment.py", line 1533, in _create_model
    model, model_fit_time, model_results, _ = self._create_model_with_cv(
                                              ^^^^^^^^^^^^^^^^^^^^^^^^^^^
  File "C:\Users\youne\Desktop\AutoMLapp\.venv\Lib\site-packages\pycaret\internal\pycaret_experiment\supervised_experiment.py", line 1126, in _create_model_with_cv
    scores = cross_validate(
             ^^^^^^^^^^^^^^^
  File "C:\Users\youne\Desktop\AutoMLapp\.venv\Lib\site-packages\sklearn\utils\_param_validation.py", line 213, in wrapper
    return func(*args, **kwargs)
           ^^^^^^^^^^^^^^^^^^^^^
  File "C:\Users\youne\Desktop\AutoMLapp\.venv\Lib\site-packages\sklearn\model_selection\_validation.py", line 450, in cross_validate
    _warn_or_raise_about_fit_failures(results, error_score)
  File "C:\Users\youne\Desktop\AutoMLapp\.venv\Lib\site-packages\sklearn\model_selection\_validation.py", line 536, in _warn_or_raise_about_fit_failures
    raise ValueError(all_fits_failed_message)
ValueError: 
All the 10 fits failed.
It is very likely that your model is misconfigured.
You can try to debug the error by setting error_score='raise'.

Below are more details about the failures:
--------------------------------------------------------------------------------
1 fits failed with the following error:
Traceback (most recent call last):
  File "C:\Users\youne\Desktop\AutoMLapp\.venv\Lib\site-packages\sklearn\model_selection\_validation.py", line 895, in _fit_and_score
    estimator.fit(X_train, y_train, **fit_params)
  File "C:\Users\youne\Desktop\AutoMLapp\.venv\Lib\site-packages\pycaret\internal\pipeline.py", line 278, in fit
    fitted_estimator = self._memory_fit(
                       ^^^^^^^^^^^^^^^^^
  File "C:\Users\youne\Desktop\AutoMLapp\.venv\Lib\site-packages\joblib\memory.py", line 353, in __call__
    return self.func(*args, **kwargs)
           ^^^^^^^^^^^^^^^^^^^^^^^^^^
  File "C:\Users\youne\Desktop\AutoMLapp\.venv\Lib\site-packages\pycaret\internal\pipeline.py", line 69, in _fit_one
    transformer.fit(*args)
  File "C:\Users\youne\Desktop\AutoMLapp\.venv\Lib\site-packages\sklearn\base.py", line 1474, in wrapper
    return fit_method(estimator, *args, **kwargs)
           ^^^^^^^^^^^^^^^^^^^^^^^^^^^^^^^^^^^^^^
  File "C:\Users\youne\Desktop\AutoMLapp\.venv\Lib\site-packages\sklearn\linear_model\_base.py", line 578, in fit
    X, y = self._validate_data(
           ^^^^^^^^^^^^^^^^^^^^
  File "C:\Users\youne\Desktop\AutoMLapp\.venv\Lib\site-packages\sklearn\base.py", line 650, in _validate_data
    X, y = check_X_y(X, y, **check_params)
           ^^^^^^^^^^^^^^^^^^^^^^^^^^^^^^^
  File "C:\Users\youne\Desktop\AutoMLapp\.venv\Lib\site-packages\sklearn\utils\validation.py", line 1279, in check_X_y
    y = _check_y(y, multi_output=multi_output, y_numeric=y_numeric, estimator=estimator)
        ^^^^^^^^^^^^^^^^^^^^^^^^^^^^^^^^^^^^^^^^^^^^^^^^^^^^^^^^^^^^^^^^^^^^^^^^^^^^^^^^
  File "C:\Users\youne\Desktop\AutoMLapp\.venv\Lib\site-packages\sklearn\utils\validation.py", line 1304, in _check_y
    y = y.astype(np.float64)
        ^^^^^^^^^^^^^^^^^^^^
ValueError: could not convert string to float: 'Setosa'

--------------------------------------------------------------------------------
9 fits failed with the following error:
Traceback (most recent call last):
  File "C:\Users\youne\Desktop\AutoMLapp\.venv\Lib\site-packages\sklearn\model_selection\_validation.py", line 895, in _fit_and_score
    estimator.fit(X_train, y_train, **fit_params)
  File "C:\Users\youne\Desktop\AutoMLapp\.venv\Lib\site-packages\pycaret\internal\pipeline.py", line 278, in fit
    fitted_estimator = self._memory_fit(
                       ^^^^^^^^^^^^^^^^^
  File "C:\Users\youne\Desktop\AutoMLapp\.venv\Lib\site-packages\joblib\memory.py", line 353, in __call__
    return self.func(*args, **kwargs)
           ^^^^^^^^^^^^^^^^^^^^^^^^^^
  File "C:\Users\youne\Desktop\AutoMLapp\.venv\Lib\site-packages\pycaret\internal\pipeline.py", line 69, in _fit_one
    transformer.fit(*args)
  File "C:\Users\youne\Desktop\AutoMLapp\.venv\Lib\site-packages\sklearn\base.py", line 1474, in wrapper
    return fit_method(estimator, *args, **kwargs)
           ^^^^^^^^^^^^^^^^^^^^^^^^^^^^^^^^^^^^^^
  File "C:\Users\youne\Desktop\AutoMLapp\.venv\Lib\site-packages\sklearn\linear_model\_base.py", line 578, in fit
    X, y = self._validate_data(
           ^^^^^^^^^^^^^^^^^^^^
  File "C:\Users\youne\Desktop\AutoMLapp\.venv\Lib\site-packages\sklearn\base.py", line 650, in _validate_data
    X, y = check_X_y(X, y, **check_params)
           ^^^^^^^^^^^^^^^^^^^^^^^^^^^^^^^
  File "C:\Users\youne\Desktop\AutoMLapp\.venv\Lib\site-packages\sklearn\utils\validation.py", line 1279, in check_X_y
    y = _check_y(y, multi_output=multi_output, y_numeric=y_numeric, estimator=estimator)
        ^^^^^^^^^^^^^^^^^^^^^^^^^^^^^^^^^^^^^^^^^^^^^^^^^^^^^^^^^^^^^^^^^^^^^^^^^^^^^^^^
  File "C:\Users\youne\Desktop\AutoMLapp\.venv\Lib\site-packages\sklearn\utils\validation.py", line 1304, in _check_y
    y = y.astype(np.float64)
        ^^^^^^^^^^^^^^^^^^^^
ValueError: could not convert string to float: 'Versicolor'


2026-08-25 18:02:25,230:INFO:Initializing create_model()
2026-08-25 18:02:25,230:INFO:create_model(self=<pycaret.regression.oop.RegressionExperiment object at 0x00000220CBD40450>, estimator=lr, fold=KFold(n_splits=10, random_state=None, shuffle=False), round=4, cross_validation=True, predict=True, fit_kwargs={}, groups=None, refit=False, probability_threshold=None, experiment_custom_tags=None, verbose=False, system=False, add_to_model_list=True, metrics=None, display=<pycaret.internal.display.display.CommonDisplay object at 0x000002211C6F2C10>, model_only=True, return_train_score=False, error_score=0.0, kwargs={})
2026-08-25 18:02:25,230:INFO:Checking exceptions
2026-08-25 18:02:25,230:INFO:Importing libraries
2026-08-25 18:02:25,230:INFO:Copying training dataset
2026-08-25 18:02:25,236:INFO:Defining folds
2026-08-25 18:02:25,236:INFO:Declaring metric variables
2026-08-25 18:02:25,236:INFO:Importing untrained model
2026-08-25 18:02:25,237:INFO:Linear Regression Imported successfully
2026-08-25 18:02:25,237:INFO:Starting cross validation
2026-08-25 18:02:25,238:INFO:Cross validating with KFold(n_splits=10, random_state=None, shuffle=False), n_jobs=-1
2026-08-25 18:02:27,761:WARNING:C:\Users\youne\Desktop\AutoMLapp\.venv\Lib\site-packages\_distutils_hack\__init__.py:30: UserWarning: Setuptools is replacing distutils. Support for replacing an already imported distutils is deprecated. In the future, this condition will fail. Register concerns at https://github.com/pypa/setuptools/issues/new?template=distutils-deprecation.yml
  warnings.warn(

2026-08-25 18:02:27,766:WARNING:C:\Users\youne\Desktop\AutoMLapp\.venv\Lib\site-packages\_distutils_hack\__init__.py:30: UserWarning: Setuptools is replacing distutils. Support for replacing an already imported distutils is deprecated. In the future, this condition will fail. Register concerns at https://github.com/pypa/setuptools/issues/new?template=distutils-deprecation.yml
  warnings.warn(

2026-08-25 18:02:27,774:WARNING:C:\Users\youne\Desktop\AutoMLapp\.venv\Lib\site-packages\_distutils_hack\__init__.py:30: UserWarning: Setuptools is replacing distutils. Support for replacing an already imported distutils is deprecated. In the future, this condition will fail. Register concerns at https://github.com/pypa/setuptools/issues/new?template=distutils-deprecation.yml
  warnings.warn(

2026-08-25 18:02:27,784:WARNING:C:\Users\youne\Desktop\AutoMLapp\.venv\Lib\site-packages\_distutils_hack\__init__.py:30: UserWarning: Setuptools is replacing distutils. Support for replacing an already imported distutils is deprecated. In the future, this condition will fail. Register concerns at https://github.com/pypa/setuptools/issues/new?template=distutils-deprecation.yml
  warnings.warn(

2026-08-25 18:02:27,786:WARNING:C:\Users\youne\Desktop\AutoMLapp\.venv\Lib\site-packages\_distutils_hack\__init__.py:30: UserWarning: Setuptools is replacing distutils. Support for replacing an already imported distutils is deprecated. In the future, this condition will fail. Register concerns at https://github.com/pypa/setuptools/issues/new?template=distutils-deprecation.yml
  warnings.warn(

2026-08-25 18:02:27,790:WARNING:C:\Users\youne\Desktop\AutoMLapp\.venv\Lib\site-packages\_distutils_hack\__init__.py:30: UserWarning: Setuptools is replacing distutils. Support for replacing an already imported distutils is deprecated. In the future, this condition will fail. Register concerns at https://github.com/pypa/setuptools/issues/new?template=distutils-deprecation.yml
  warnings.warn(

2026-08-25 18:02:27,795:WARNING:C:\Users\youne\Desktop\AutoMLapp\.venv\Lib\site-packages\_distutils_hack\__init__.py:30: UserWarning: Setuptools is replacing distutils. Support for replacing an already imported distutils is deprecated. In the future, this condition will fail. Register concerns at https://github.com/pypa/setuptools/issues/new?template=distutils-deprecation.yml
  warnings.warn(

2026-08-25 18:02:27,796:WARNING:C:\Users\youne\Desktop\AutoMLapp\.venv\Lib\site-packages\_distutils_hack\__init__.py:30: UserWarning: Setuptools is replacing distutils. Support for replacing an already imported distutils is deprecated. In the future, this condition will fail. Register concerns at https://github.com/pypa/setuptools/issues/new?template=distutils-deprecation.yml
  warnings.warn(

2026-08-25 18:02:27,802:WARNING:C:\Users\youne\Desktop\AutoMLapp\.venv\Lib\site-packages\_distutils_hack\__init__.py:30: UserWarning: Setuptools is replacing distutils. Support for replacing an already imported distutils is deprecated. In the future, this condition will fail. Register concerns at https://github.com/pypa/setuptools/issues/new?template=distutils-deprecation.yml
  warnings.warn(

2026-08-25 18:02:27,822:WARNING:C:\Users\youne\Desktop\AutoMLapp\.venv\Lib\site-packages\_distutils_hack\__init__.py:30: UserWarning: Setuptools is replacing distutils. Support for replacing an already imported distutils is deprecated. In the future, this condition will fail. Register concerns at https://github.com/pypa/setuptools/issues/new?template=distutils-deprecation.yml
  warnings.warn(

2026-08-25 18:02:28,055:ERROR:create_model() for lr raised an exception or returned all 0.0:
2026-08-25 18:02:28,057:ERROR:Traceback (most recent call last):
  File "C:\Users\youne\Desktop\AutoMLapp\.venv\Lib\site-packages\pycaret\internal\pycaret_experiment\supervised_experiment.py", line 794, in compare_models
    model, model_fit_time = self._create_model(**create_model_args)
                            ^^^^^^^^^^^^^^^^^^^^^^^^^^^^^^^^^^^^^^^
  File "C:\Users\youne\Desktop\AutoMLapp\.venv\Lib\site-packages\pycaret\internal\pycaret_experiment\supervised_experiment.py", line 1533, in _create_model
    model, model_fit_time, model_results, _ = self._create_model_with_cv(
                                              ^^^^^^^^^^^^^^^^^^^^^^^^^^^
  File "C:\Users\youne\Desktop\AutoMLapp\.venv\Lib\site-packages\pycaret\internal\pycaret_experiment\supervised_experiment.py", line 1126, in _create_model_with_cv
    scores = cross_validate(
             ^^^^^^^^^^^^^^^
  File "C:\Users\youne\Desktop\AutoMLapp\.venv\Lib\site-packages\sklearn\utils\_param_validation.py", line 213, in wrapper
    return func(*args, **kwargs)
           ^^^^^^^^^^^^^^^^^^^^^
  File "C:\Users\youne\Desktop\AutoMLapp\.venv\Lib\site-packages\sklearn\model_selection\_validation.py", line 450, in cross_validate
    _warn_or_raise_about_fit_failures(results, error_score)
  File "C:\Users\youne\Desktop\AutoMLapp\.venv\Lib\site-packages\sklearn\model_selection\_validation.py", line 536, in _warn_or_raise_about_fit_failures
    raise ValueError(all_fits_failed_message)
ValueError: 
All the 10 fits failed.
It is very likely that your model is misconfigured.
You can try to debug the error by setting error_score='raise'.

Below are more details about the failures:
--------------------------------------------------------------------------------
1 fits failed with the following error:
Traceback (most recent call last):
  File "C:\Users\youne\Desktop\AutoMLapp\.venv\Lib\site-packages\sklearn\model_selection\_validation.py", line 895, in _fit_and_score
    estimator.fit(X_train, y_train, **fit_params)
  File "C:\Users\youne\Desktop\AutoMLapp\.venv\Lib\site-packages\pycaret\internal\pipeline.py", line 278, in fit
    fitted_estimator = self._memory_fit(
                       ^^^^^^^^^^^^^^^^^
  File "C:\Users\youne\Desktop\AutoMLapp\.venv\Lib\site-packages\joblib\memory.py", line 353, in __call__
    return self.func(*args, **kwargs)
           ^^^^^^^^^^^^^^^^^^^^^^^^^^
  File "C:\Users\youne\Desktop\AutoMLapp\.venv\Lib\site-packages\pycaret\internal\pipeline.py", line 69, in _fit_one
    transformer.fit(*args)
  File "C:\Users\youne\Desktop\AutoMLapp\.venv\Lib\site-packages\sklearn\base.py", line 1474, in wrapper
    return fit_method(estimator, *args, **kwargs)
           ^^^^^^^^^^^^^^^^^^^^^^^^^^^^^^^^^^^^^^
  File "C:\Users\youne\Desktop\AutoMLapp\.venv\Lib\site-packages\sklearn\linear_model\_base.py", line 578, in fit
    X, y = self._validate_data(
           ^^^^^^^^^^^^^^^^^^^^
  File "C:\Users\youne\Desktop\AutoMLapp\.venv\Lib\site-packages\sklearn\base.py", line 650, in _validate_data
    X, y = check_X_y(X, y, **check_params)
           ^^^^^^^^^^^^^^^^^^^^^^^^^^^^^^^
  File "C:\Users\youne\Desktop\AutoMLapp\.venv\Lib\site-packages\sklearn\utils\validation.py", line 1279, in check_X_y
    y = _check_y(y, multi_output=multi_output, y_numeric=y_numeric, estimator=estimator)
        ^^^^^^^^^^^^^^^^^^^^^^^^^^^^^^^^^^^^^^^^^^^^^^^^^^^^^^^^^^^^^^^^^^^^^^^^^^^^^^^^
  File "C:\Users\youne\Desktop\AutoMLapp\.venv\Lib\site-packages\sklearn\utils\validation.py", line 1304, in _check_y
    y = y.astype(np.float64)
        ^^^^^^^^^^^^^^^^^^^^
ValueError: could not convert string to float: 'Setosa'

--------------------------------------------------------------------------------
9 fits failed with the following error:
Traceback (most recent call last):
  File "C:\Users\youne\Desktop\AutoMLapp\.venv\Lib\site-packages\sklearn\model_selection\_validation.py", line 895, in _fit_and_score
    estimator.fit(X_train, y_train, **fit_params)
  File "C:\Users\youne\Desktop\AutoMLapp\.venv\Lib\site-packages\pycaret\internal\pipeline.py", line 278, in fit
    fitted_estimator = self._memory_fit(
                       ^^^^^^^^^^^^^^^^^
  File "C:\Users\youne\Desktop\AutoMLapp\.venv\Lib\site-packages\joblib\memory.py", line 353, in __call__
    return self.func(*args, **kwargs)
           ^^^^^^^^^^^^^^^^^^^^^^^^^^
  File "C:\Users\youne\Desktop\AutoMLapp\.venv\Lib\site-packages\pycaret\internal\pipeline.py", line 69, in _fit_one
    transformer.fit(*args)
  File "C:\Users\youne\Desktop\AutoMLapp\.venv\Lib\site-packages\sklearn\base.py", line 1474, in wrapper
    return fit_method(estimator, *args, **kwargs)
           ^^^^^^^^^^^^^^^^^^^^^^^^^^^^^^^^^^^^^^
  File "C:\Users\youne\Desktop\AutoMLapp\.venv\Lib\site-packages\sklearn\linear_model\_base.py", line 578, in fit
    X, y = self._validate_data(
           ^^^^^^^^^^^^^^^^^^^^
  File "C:\Users\youne\Desktop\AutoMLapp\.venv\Lib\site-packages\sklearn\base.py", line 650, in _validate_data
    X, y = check_X_y(X, y, **check_params)
           ^^^^^^^^^^^^^^^^^^^^^^^^^^^^^^^
  File "C:\Users\youne\Desktop\AutoMLapp\.venv\Lib\site-packages\sklearn\utils\validation.py", line 1279, in check_X_y
    y = _check_y(y, multi_output=multi_output, y_numeric=y_numeric, estimator=estimator)
        ^^^^^^^^^^^^^^^^^^^^^^^^^^^^^^^^^^^^^^^^^^^^^^^^^^^^^^^^^^^^^^^^^^^^^^^^^^^^^^^^
  File "C:\Users\youne\Desktop\AutoMLapp\.venv\Lib\site-packages\sklearn\utils\validation.py", line 1304, in _check_y
    y = y.astype(np.float64)
        ^^^^^^^^^^^^^^^^^^^^
ValueError: could not convert string to float: 'Versicolor'


During handling of the above exception, another exception occurred:

Traceback (most recent call last):
  File "C:\Users\youne\Desktop\AutoMLapp\.venv\Lib\site-packages\pycaret\internal\pycaret_experiment\supervised_experiment.py", line 815, in compare_models
    model, model_fit_time = self._create_model(**create_model_args)
                            ^^^^^^^^^^^^^^^^^^^^^^^^^^^^^^^^^^^^^^^
  File "C:\Users\youne\Desktop\AutoMLapp\.venv\Lib\site-packages\pycaret\internal\pycaret_experiment\supervised_experiment.py", line 1533, in _create_model
    model, model_fit_time, model_results, _ = self._create_model_with_cv(
                                              ^^^^^^^^^^^^^^^^^^^^^^^^^^^
  File "C:\Users\youne\Desktop\AutoMLapp\.venv\Lib\site-packages\pycaret\internal\pycaret_experiment\supervised_experiment.py", line 1126, in _create_model_with_cv
    scores = cross_validate(
             ^^^^^^^^^^^^^^^
  File "C:\Users\youne\Desktop\AutoMLapp\.venv\Lib\site-packages\sklearn\utils\_param_validation.py", line 213, in wrapper
    return func(*args, **kwargs)
           ^^^^^^^^^^^^^^^^^^^^^
  File "C:\Users\youne\Desktop\AutoMLapp\.venv\Lib\site-packages\sklearn\model_selection\_validation.py", line 450, in cross_validate
    _warn_or_raise_about_fit_failures(results, error_score)
  File "C:\Users\youne\Desktop\AutoMLapp\.venv\Lib\site-packages\sklearn\model_selection\_validation.py", line 536, in _warn_or_raise_about_fit_failures
    raise ValueError(all_fits_failed_message)
ValueError: 
All the 10 fits failed.
It is very likely that your model is misconfigured.
You can try to debug the error by setting error_score='raise'.

Below are more details about the failures:
--------------------------------------------------------------------------------
1 fits failed with the following error:
Traceback (most recent call last):
  File "C:\Users\youne\Desktop\AutoMLapp\.venv\Lib\site-packages\sklearn\model_selection\_validation.py", line 895, in _fit_and_score
    estimator.fit(X_train, y_train, **fit_params)
  File "C:\Users\youne\Desktop\AutoMLapp\.venv\Lib\site-packages\pycaret\internal\pipeline.py", line 278, in fit
    fitted_estimator = self._memory_fit(
                       ^^^^^^^^^^^^^^^^^
  File "C:\Users\youne\Desktop\AutoMLapp\.venv\Lib\site-packages\joblib\memory.py", line 353, in __call__
    return self.func(*args, **kwargs)
           ^^^^^^^^^^^^^^^^^^^^^^^^^^
  File "C:\Users\youne\Desktop\AutoMLapp\.venv\Lib\site-packages\pycaret\internal\pipeline.py", line 69, in _fit_one
    transformer.fit(*args)
  File "C:\Users\youne\Desktop\AutoMLapp\.venv\Lib\site-packages\sklearn\base.py", line 1474, in wrapper
    return fit_method(estimator, *args, **kwargs)
           ^^^^^^^^^^^^^^^^^^^^^^^^^^^^^^^^^^^^^^
  File "C:\Users\youne\Desktop\AutoMLapp\.venv\Lib\site-packages\sklearn\linear_model\_base.py", line 578, in fit
    X, y = self._validate_data(
           ^^^^^^^^^^^^^^^^^^^^
  File "C:\Users\youne\Desktop\AutoMLapp\.venv\Lib\site-packages\sklearn\base.py", line 650, in _validate_data
    X, y = check_X_y(X, y, **check_params)
           ^^^^^^^^^^^^^^^^^^^^^^^^^^^^^^^
  File "C:\Users\youne\Desktop\AutoMLapp\.venv\Lib\site-packages\sklearn\utils\validation.py", line 1279, in check_X_y
    y = _check_y(y, multi_output=multi_output, y_numeric=y_numeric, estimator=estimator)
        ^^^^^^^^^^^^^^^^^^^^^^^^^^^^^^^^^^^^^^^^^^^^^^^^^^^^^^^^^^^^^^^^^^^^^^^^^^^^^^^^
  File "C:\Users\youne\Desktop\AutoMLapp\.venv\Lib\site-packages\sklearn\utils\validation.py", line 1304, in _check_y
    y = y.astype(np.float64)
        ^^^^^^^^^^^^^^^^^^^^
ValueError: could not convert string to float: 'Setosa'

--------------------------------------------------------------------------------
9 fits failed with the following error:
Traceback (most recent call last):
  File "C:\Users\youne\Desktop\AutoMLapp\.venv\Lib\site-packages\sklearn\model_selection\_validation.py", line 895, in _fit_and_score
    estimator.fit(X_train, y_train, **fit_params)
  File "C:\Users\youne\Desktop\AutoMLapp\.venv\Lib\site-packages\pycaret\internal\pipeline.py", line 278, in fit
    fitted_estimator = self._memory_fit(
                       ^^^^^^^^^^^^^^^^^
  File "C:\Users\youne\Desktop\AutoMLapp\.venv\Lib\site-packages\joblib\memory.py", line 353, in __call__
    return self.func(*args, **kwargs)
           ^^^^^^^^^^^^^^^^^^^^^^^^^^
  File "C:\Users\youne\Desktop\AutoMLapp\.venv\Lib\site-packages\pycaret\internal\pipeline.py", line 69, in _fit_one
    transformer.fit(*args)
  File "C:\Users\youne\Desktop\AutoMLapp\.venv\Lib\site-packages\sklearn\base.py", line 1474, in wrapper
    return fit_method(estimator, *args, **kwargs)
           ^^^^^^^^^^^^^^^^^^^^^^^^^^^^^^^^^^^^^^
  File "C:\Users\youne\Desktop\AutoMLapp\.venv\Lib\site-packages\sklearn\linear_model\_base.py", line 578, in fit
    X, y = self._validate_data(
           ^^^^^^^^^^^^^^^^^^^^
  File "C:\Users\youne\Desktop\AutoMLapp\.venv\Lib\site-packages\sklearn\base.py", line 650, in _validate_data
    X, y = check_X_y(X, y, **check_params)
           ^^^^^^^^^^^^^^^^^^^^^^^^^^^^^^^
  File "C:\Users\youne\Desktop\AutoMLapp\.venv\Lib\site-packages\sklearn\utils\validation.py", line 1279, in check_X_y
    y = _check_y(y, multi_output=multi_output, y_numeric=y_numeric, estimator=estimator)
        ^^^^^^^^^^^^^^^^^^^^^^^^^^^^^^^^^^^^^^^^^^^^^^^^^^^^^^^^^^^^^^^^^^^^^^^^^^^^^^^^
  File "C:\Users\youne\Desktop\AutoMLapp\.venv\Lib\site-packages\sklearn\utils\validation.py", line 1304, in _check_y
    y = y.astype(np.float64)
        ^^^^^^^^^^^^^^^^^^^^
ValueError: could not convert string to float: 'Versicolor'


2026-08-25 18:02:28,057:INFO:Initializing Lasso Regression
2026-08-25 18:02:28,057:INFO:Total runtime is 0.09837311506271362 minutes
2026-08-25 18:02:28,058:INFO:SubProcess create_model() called ==================================
2026-08-25 18:02:28,058:INFO:Initializing create_model()
2026-08-25 18:02:28,058:INFO:create_model(self=<pycaret.regression.oop.RegressionExperiment object at 0x00000220CBD40450>, estimator=lasso, fold=KFold(n_splits=10, random_state=None, shuffle=False), round=4, cross_validation=True, predict=True, fit_kwargs={}, groups=None, refit=False, probability_threshold=None, experiment_custom_tags=None, verbose=False, system=False, add_to_model_list=True, metrics=None, display=<pycaret.internal.display.display.CommonDisplay object at 0x000002211C6F2C10>, model_only=True, return_train_score=False, error_score=0.0, kwargs={})
2026-08-25 18:02:28,058:INFO:Checking exceptions
2026-08-25 18:02:28,058:INFO:Importing libraries
2026-08-25 18:02:28,059:INFO:Copying training dataset
2026-08-25 18:02:28,062:INFO:Defining folds
2026-08-25 18:02:28,062:INFO:Declaring metric variables
2026-08-25 18:02:28,063:INFO:Importing untrained model
2026-08-25 18:02:28,063:INFO:Lasso Regression Imported successfully
2026-08-25 18:02:28,064:INFO:Starting cross validation
2026-08-25 18:02:28,065:INFO:Cross validating with KFold(n_splits=10, random_state=None, shuffle=False), n_jobs=-1
2026-08-25 18:02:28,131:WARNING:create_model() for lasso raised an exception or returned all 0.0, trying without fit_kwargs:
2026-08-25 18:02:28,132:WARNING:Traceback (most recent call last):
  File "C:\Users\youne\Desktop\AutoMLapp\.venv\Lib\site-packages\pycaret\internal\pycaret_experiment\supervised_experiment.py", line 794, in compare_models
    model, model_fit_time = self._create_model(**create_model_args)
                            ^^^^^^^^^^^^^^^^^^^^^^^^^^^^^^^^^^^^^^^
  File "C:\Users\youne\Desktop\AutoMLapp\.venv\Lib\site-packages\pycaret\internal\pycaret_experiment\supervised_experiment.py", line 1533, in _create_model
    model, model_fit_time, model_results, _ = self._create_model_with_cv(
                                              ^^^^^^^^^^^^^^^^^^^^^^^^^^^
  File "C:\Users\youne\Desktop\AutoMLapp\.venv\Lib\site-packages\pycaret\internal\pycaret_experiment\supervised_experiment.py", line 1126, in _create_model_with_cv
    scores = cross_validate(
             ^^^^^^^^^^^^^^^
  File "C:\Users\youne\Desktop\AutoMLapp\.venv\Lib\site-packages\sklearn\utils\_param_validation.py", line 213, in wrapper
    return func(*args, **kwargs)
           ^^^^^^^^^^^^^^^^^^^^^
  File "C:\Users\youne\Desktop\AutoMLapp\.venv\Lib\site-packages\sklearn\model_selection\_validation.py", line 450, in cross_validate
    _warn_or_raise_about_fit_failures(results, error_score)
  File "C:\Users\youne\Desktop\AutoMLapp\.venv\Lib\site-packages\sklearn\model_selection\_validation.py", line 536, in _warn_or_raise_about_fit_failures
    raise ValueError(all_fits_failed_message)
ValueError: 
All the 10 fits failed.
It is very likely that your model is misconfigured.
You can try to debug the error by setting error_score='raise'.

Below are more details about the failures:
--------------------------------------------------------------------------------
1 fits failed with the following error:
Traceback (most recent call last):
  File "C:\Users\youne\Desktop\AutoMLapp\.venv\Lib\site-packages\sklearn\model_selection\_validation.py", line 895, in _fit_and_score
    estimator.fit(X_train, y_train, **fit_params)
  File "C:\Users\youne\Desktop\AutoMLapp\.venv\Lib\site-packages\pycaret\internal\pipeline.py", line 278, in fit
    fitted_estimator = self._memory_fit(
                       ^^^^^^^^^^^^^^^^^
  File "C:\Users\youne\Desktop\AutoMLapp\.venv\Lib\site-packages\joblib\memory.py", line 353, in __call__
    return self.func(*args, **kwargs)
           ^^^^^^^^^^^^^^^^^^^^^^^^^^
  File "C:\Users\youne\Desktop\AutoMLapp\.venv\Lib\site-packages\pycaret\internal\pipeline.py", line 69, in _fit_one
    transformer.fit(*args)
  File "C:\Users\youne\Desktop\AutoMLapp\.venv\Lib\site-packages\sklearn\base.py", line 1474, in wrapper
    return fit_method(estimator, *args, **kwargs)
           ^^^^^^^^^^^^^^^^^^^^^^^^^^^^^^^^^^^^^^
  File "C:\Users\youne\Desktop\AutoMLapp\.venv\Lib\site-packages\sklearn\linear_model\_coordinate_descent.py", line 955, in fit
    X, y = self._validate_data(
           ^^^^^^^^^^^^^^^^^^^^
  File "C:\Users\youne\Desktop\AutoMLapp\.venv\Lib\site-packages\sklearn\base.py", line 650, in _validate_data
    X, y = check_X_y(X, y, **check_params)
           ^^^^^^^^^^^^^^^^^^^^^^^^^^^^^^^
  File "C:\Users\youne\Desktop\AutoMLapp\.venv\Lib\site-packages\sklearn\utils\validation.py", line 1279, in check_X_y
    y = _check_y(y, multi_output=multi_output, y_numeric=y_numeric, estimator=estimator)
        ^^^^^^^^^^^^^^^^^^^^^^^^^^^^^^^^^^^^^^^^^^^^^^^^^^^^^^^^^^^^^^^^^^^^^^^^^^^^^^^^
  File "C:\Users\youne\Desktop\AutoMLapp\.venv\Lib\site-packages\sklearn\utils\validation.py", line 1304, in _check_y
    y = y.astype(np.float64)
        ^^^^^^^^^^^^^^^^^^^^
ValueError: could not convert string to float: 'Setosa'

--------------------------------------------------------------------------------
9 fits failed with the following error:
Traceback (most recent call last):
  File "C:\Users\youne\Desktop\AutoMLapp\.venv\Lib\site-packages\sklearn\model_selection\_validation.py", line 895, in _fit_and_score
    estimator.fit(X_train, y_train, **fit_params)
  File "C:\Users\youne\Desktop\AutoMLapp\.venv\Lib\site-packages\pycaret\internal\pipeline.py", line 278, in fit
    fitted_estimator = self._memory_fit(
                       ^^^^^^^^^^^^^^^^^
  File "C:\Users\youne\Desktop\AutoMLapp\.venv\Lib\site-packages\joblib\memory.py", line 353, in __call__
    return self.func(*args, **kwargs)
           ^^^^^^^^^^^^^^^^^^^^^^^^^^
  File "C:\Users\youne\Desktop\AutoMLapp\.venv\Lib\site-packages\pycaret\internal\pipeline.py", line 69, in _fit_one
    transformer.fit(*args)
  File "C:\Users\youne\Desktop\AutoMLapp\.venv\Lib\site-packages\sklearn\base.py", line 1474, in wrapper
    return fit_method(estimator, *args, **kwargs)
           ^^^^^^^^^^^^^^^^^^^^^^^^^^^^^^^^^^^^^^
  File "C:\Users\youne\Desktop\AutoMLapp\.venv\Lib\site-packages\sklearn\linear_model\_coordinate_descent.py", line 955, in fit
    X, y = self._validate_data(
           ^^^^^^^^^^^^^^^^^^^^
  File "C:\Users\youne\Desktop\AutoMLapp\.venv\Lib\site-packages\sklearn\base.py", line 650, in _validate_data
    X, y = check_X_y(X, y, **check_params)
           ^^^^^^^^^^^^^^^^^^^^^^^^^^^^^^^
  File "C:\Users\youne\Desktop\AutoMLapp\.venv\Lib\site-packages\sklearn\utils\validation.py", line 1279, in check_X_y
    y = _check_y(y, multi_output=multi_output, y_numeric=y_numeric, estimator=estimator)
        ^^^^^^^^^^^^^^^^^^^^^^^^^^^^^^^^^^^^^^^^^^^^^^^^^^^^^^^^^^^^^^^^^^^^^^^^^^^^^^^^
  File "C:\Users\youne\Desktop\AutoMLapp\.venv\Lib\site-packages\sklearn\utils\validation.py", line 1304, in _check_y
    y = y.astype(np.float64)
        ^^^^^^^^^^^^^^^^^^^^
ValueError: could not convert string to float: 'Versicolor'


2026-08-25 18:02:28,132:INFO:Initializing create_model()
2026-08-25 18:02:28,132:INFO:create_model(self=<pycaret.regression.oop.RegressionExperiment object at 0x00000220CBD40450>, estimator=lasso, fold=KFold(n_splits=10, random_state=None, shuffle=False), round=4, cross_validation=True, predict=True, fit_kwargs={}, groups=None, refit=False, probability_threshold=None, experiment_custom_tags=None, verbose=False, system=False, add_to_model_list=True, metrics=None, display=<pycaret.internal.display.display.CommonDisplay object at 0x000002211C6F2C10>, model_only=True, return_train_score=False, error_score=0.0, kwargs={})
2026-08-25 18:02:28,133:INFO:Checking exceptions
2026-08-25 18:02:28,133:INFO:Importing libraries
2026-08-25 18:02:28,133:INFO:Copying training dataset
2026-08-25 18:02:28,136:INFO:Defining folds
2026-08-25 18:02:28,136:INFO:Declaring metric variables
2026-08-25 18:02:28,136:INFO:Importing untrained model
2026-08-25 18:02:28,136:INFO:Lasso Regression Imported successfully
2026-08-25 18:02:28,137:INFO:Starting cross validation
2026-08-25 18:02:28,137:INFO:Cross validating with KFold(n_splits=10, random_state=None, shuffle=False), n_jobs=-1
2026-08-25 18:02:28,194:ERROR:create_model() for lasso raised an exception or returned all 0.0:
2026-08-25 18:02:28,196:ERROR:Traceback (most recent call last):
  File "C:\Users\youne\Desktop\AutoMLapp\.venv\Lib\site-packages\pycaret\internal\pycaret_experiment\supervised_experiment.py", line 794, in compare_models
    model, model_fit_time = self._create_model(**create_model_args)
                            ^^^^^^^^^^^^^^^^^^^^^^^^^^^^^^^^^^^^^^^
  File "C:\Users\youne\Desktop\AutoMLapp\.venv\Lib\site-packages\pycaret\internal\pycaret_experiment\supervised_experiment.py", line 1533, in _create_model
    model, model_fit_time, model_results, _ = self._create_model_with_cv(
                                              ^^^^^^^^^^^^^^^^^^^^^^^^^^^
  File "C:\Users\youne\Desktop\AutoMLapp\.venv\Lib\site-packages\pycaret\internal\pycaret_experiment\supervised_experiment.py", line 1126, in _create_model_with_cv
    scores = cross_validate(
             ^^^^^^^^^^^^^^^
  File "C:\Users\youne\Desktop\AutoMLapp\.venv\Lib\site-packages\sklearn\utils\_param_validation.py", line 213, in wrapper
    return func(*args, **kwargs)
           ^^^^^^^^^^^^^^^^^^^^^
  File "C:\Users\youne\Desktop\AutoMLapp\.venv\Lib\site-packages\sklearn\model_selection\_validation.py", line 450, in cross_validate
    _warn_or_raise_about_fit_failures(results, error_score)
  File "C:\Users\youne\Desktop\AutoMLapp\.venv\Lib\site-packages\sklearn\model_selection\_validation.py", line 536, in _warn_or_raise_about_fit_failures
    raise ValueError(all_fits_failed_message)
ValueError: 
All the 10 fits failed.
It is very likely that your model is misconfigured.
You can try to debug the error by setting error_score='raise'.

Below are more details about the failures:
--------------------------------------------------------------------------------
1 fits failed with the following error:
Traceback (most recent call last):
  File "C:\Users\youne\Desktop\AutoMLapp\.venv\Lib\site-packages\sklearn\model_selection\_validation.py", line 895, in _fit_and_score
    estimator.fit(X_train, y_train, **fit_params)
  File "C:\Users\youne\Desktop\AutoMLapp\.venv\Lib\site-packages\pycaret\internal\pipeline.py", line 278, in fit
    fitted_estimator = self._memory_fit(
                       ^^^^^^^^^^^^^^^^^
  File "C:\Users\youne\Desktop\AutoMLapp\.venv\Lib\site-packages\joblib\memory.py", line 353, in __call__
    return self.func(*args, **kwargs)
           ^^^^^^^^^^^^^^^^^^^^^^^^^^
  File "C:\Users\youne\Desktop\AutoMLapp\.venv\Lib\site-packages\pycaret\internal\pipeline.py", line 69, in _fit_one
    transformer.fit(*args)
  File "C:\Users\youne\Desktop\AutoMLapp\.venv\Lib\site-packages\sklearn\base.py", line 1474, in wrapper
    return fit_method(estimator, *args, **kwargs)
           ^^^^^^^^^^^^^^^^^^^^^^^^^^^^^^^^^^^^^^
  File "C:\Users\youne\Desktop\AutoMLapp\.venv\Lib\site-packages\sklearn\linear_model\_coordinate_descent.py", line 955, in fit
    X, y = self._validate_data(
           ^^^^^^^^^^^^^^^^^^^^
  File "C:\Users\youne\Desktop\AutoMLapp\.venv\Lib\site-packages\sklearn\base.py", line 650, in _validate_data
    X, y = check_X_y(X, y, **check_params)
           ^^^^^^^^^^^^^^^^^^^^^^^^^^^^^^^
  File "C:\Users\youne\Desktop\AutoMLapp\.venv\Lib\site-packages\sklearn\utils\validation.py", line 1279, in check_X_y
    y = _check_y(y, multi_output=multi_output, y_numeric=y_numeric, estimator=estimator)
        ^^^^^^^^^^^^^^^^^^^^^^^^^^^^^^^^^^^^^^^^^^^^^^^^^^^^^^^^^^^^^^^^^^^^^^^^^^^^^^^^
  File "C:\Users\youne\Desktop\AutoMLapp\.venv\Lib\site-packages\sklearn\utils\validation.py", line 1304, in _check_y
    y = y.astype(np.float64)
        ^^^^^^^^^^^^^^^^^^^^
ValueError: could not convert string to float: 'Setosa'

--------------------------------------------------------------------------------
9 fits failed with the following error:
Traceback (most recent call last):
  File "C:\Users\youne\Desktop\AutoMLapp\.venv\Lib\site-packages\sklearn\model_selection\_validation.py", line 895, in _fit_and_score
    estimator.fit(X_train, y_train, **fit_params)
  File "C:\Users\youne\Desktop\AutoMLapp\.venv\Lib\site-packages\pycaret\internal\pipeline.py", line 278, in fit
    fitted_estimator = self._memory_fit(
                       ^^^^^^^^^^^^^^^^^
  File "C:\Users\youne\Desktop\AutoMLapp\.venv\Lib\site-packages\joblib\memory.py", line 353, in __call__
    return self.func(*args, **kwargs)
           ^^^^^^^^^^^^^^^^^^^^^^^^^^
  File "C:\Users\youne\Desktop\AutoMLapp\.venv\Lib\site-packages\pycaret\internal\pipeline.py", line 69, in _fit_one
    transformer.fit(*args)
  File "C:\Users\youne\Desktop\AutoMLapp\.venv\Lib\site-packages\sklearn\base.py", line 1474, in wrapper
    return fit_method(estimator, *args, **kwargs)
           ^^^^^^^^^^^^^^^^^^^^^^^^^^^^^^^^^^^^^^
  File "C:\Users\youne\Desktop\AutoMLapp\.venv\Lib\site-packages\sklearn\linear_model\_coordinate_descent.py", line 955, in fit
    X, y = self._validate_data(
           ^^^^^^^^^^^^^^^^^^^^
  File "C:\Users\youne\Desktop\AutoMLapp\.venv\Lib\site-packages\sklearn\base.py", line 650, in _validate_data
    X, y = check_X_y(X, y, **check_params)
           ^^^^^^^^^^^^^^^^^^^^^^^^^^^^^^^
  File "C:\Users\youne\Desktop\AutoMLapp\.venv\Lib\site-packages\sklearn\utils\validation.py", line 1279, in check_X_y
    y = _check_y(y, multi_output=multi_output, y_numeric=y_numeric, estimator=estimator)
        ^^^^^^^^^^^^^^^^^^^^^^^^^^^^^^^^^^^^^^^^^^^^^^^^^^^^^^^^^^^^^^^^^^^^^^^^^^^^^^^^
  File "C:\Users\youne\Desktop\AutoMLapp\.venv\Lib\site-packages\sklearn\utils\validation.py", line 1304, in _check_y
    y = y.astype(np.float64)
        ^^^^^^^^^^^^^^^^^^^^
ValueError: could not convert string to float: 'Versicolor'


During handling of the above exception, another exception occurred:

Traceback (most recent call last):
  File "C:\Users\youne\Desktop\AutoMLapp\.venv\Lib\site-packages\pycaret\internal\pycaret_experiment\supervised_experiment.py", line 815, in compare_models
    model, model_fit_time = self._create_model(**create_model_args)
                            ^^^^^^^^^^^^^^^^^^^^^^^^^^^^^^^^^^^^^^^
  File "C:\Users\youne\Desktop\AutoMLapp\.venv\Lib\site-packages\pycaret\internal\pycaret_experiment\supervised_experiment.py", line 1533, in _create_model
    model, model_fit_time, model_results, _ = self._create_model_with_cv(
                                              ^^^^^^^^^^^^^^^^^^^^^^^^^^^
  File "C:\Users\youne\Desktop\AutoMLapp\.venv\Lib\site-packages\pycaret\internal\pycaret_experiment\supervised_experiment.py", line 1126, in _create_model_with_cv
    scores = cross_validate(
             ^^^^^^^^^^^^^^^
  File "C:\Users\youne\Desktop\AutoMLapp\.venv\Lib\site-packages\sklearn\utils\_param_validation.py", line 213, in wrapper
    return func(*args, **kwargs)
           ^^^^^^^^^^^^^^^^^^^^^
  File "C:\Users\youne\Desktop\AutoMLapp\.venv\Lib\site-packages\sklearn\model_selection\_validation.py", line 450, in cross_validate
    _warn_or_raise_about_fit_failures(results, error_score)
  File "C:\Users\youne\Desktop\AutoMLapp\.venv\Lib\site-packages\sklearn\model_selection\_validation.py", line 536, in _warn_or_raise_about_fit_failures
    raise ValueError(all_fits_failed_message)
ValueError: 
All the 10 fits failed.
It is very likely that your model is misconfigured.
You can try to debug the error by setting error_score='raise'.

Below are more details about the failures:
--------------------------------------------------------------------------------
1 fits failed with the following error:
Traceback (most recent call last):
  File "C:\Users\youne\Desktop\AutoMLapp\.venv\Lib\site-packages\sklearn\model_selection\_validation.py", line 895, in _fit_and_score
    estimator.fit(X_train, y_train, **fit_params)
  File "C:\Users\youne\Desktop\AutoMLapp\.venv\Lib\site-packages\pycaret\internal\pipeline.py", line 278, in fit
    fitted_estimator = self._memory_fit(
                       ^^^^^^^^^^^^^^^^^
  File "C:\Users\youne\Desktop\AutoMLapp\.venv\Lib\site-packages\joblib\memory.py", line 353, in __call__
    return self.func(*args, **kwargs)
           ^^^^^^^^^^^^^^^^^^^^^^^^^^
  File "C:\Users\youne\Desktop\AutoMLapp\.venv\Lib\site-packages\pycaret\internal\pipeline.py", line 69, in _fit_one
    transformer.fit(*args)
  File "C:\Users\youne\Desktop\AutoMLapp\.venv\Lib\site-packages\sklearn\base.py", line 1474, in wrapper
    return fit_method(estimator, *args, **kwargs)
           ^^^^^^^^^^^^^^^^^^^^^^^^^^^^^^^^^^^^^^
  File "C:\Users\youne\Desktop\AutoMLapp\.venv\Lib\site-packages\sklearn\linear_model\_coordinate_descent.py", line 955, in fit
    X, y = self._validate_data(
           ^^^^^^^^^^^^^^^^^^^^
  File "C:\Users\youne\Desktop\AutoMLapp\.venv\Lib\site-packages\sklearn\base.py", line 650, in _validate_data
    X, y = check_X_y(X, y, **check_params)
           ^^^^^^^^^^^^^^^^^^^^^^^^^^^^^^^
  File "C:\Users\youne\Desktop\AutoMLapp\.venv\Lib\site-packages\sklearn\utils\validation.py", line 1279, in check_X_y
    y = _check_y(y, multi_output=multi_output, y_numeric=y_numeric, estimator=estimator)
        ^^^^^^^^^^^^^^^^^^^^^^^^^^^^^^^^^^^^^^^^^^^^^^^^^^^^^^^^^^^^^^^^^^^^^^^^^^^^^^^^
  File "C:\Users\youne\Desktop\AutoMLapp\.venv\Lib\site-packages\sklearn\utils\validation.py", line 1304, in _check_y
    y = y.astype(np.float64)
        ^^^^^^^^^^^^^^^^^^^^
ValueError: could not convert string to float: 'Setosa'

--------------------------------------------------------------------------------
9 fits failed with the following error:
Traceback (most recent call last):
  File "C:\Users\youne\Desktop\AutoMLapp\.venv\Lib\site-packages\sklearn\model_selection\_validation.py", line 895, in _fit_and_score
    estimator.fit(X_train, y_train, **fit_params)
  File "C:\Users\youne\Desktop\AutoMLapp\.venv\Lib\site-packages\pycaret\internal\pipeline.py", line 278, in fit
    fitted_estimator = self._memory_fit(
                       ^^^^^^^^^^^^^^^^^
  File "C:\Users\youne\Desktop\AutoMLapp\.venv\Lib\site-packages\joblib\memory.py", line 353, in __call__
    return self.func(*args, **kwargs)
           ^^^^^^^^^^^^^^^^^^^^^^^^^^
  File "C:\Users\youne\Desktop\AutoMLapp\.venv\Lib\site-packages\pycaret\internal\pipeline.py", line 69, in _fit_one
    transformer.fit(*args)
  File "C:\Users\youne\Desktop\AutoMLapp\.venv\Lib\site-packages\sklearn\base.py", line 1474, in wrapper
    return fit_method(estimator, *args, **kwargs)
           ^^^^^^^^^^^^^^^^^^^^^^^^^^^^^^^^^^^^^^
  File "C:\Users\youne\Desktop\AutoMLapp\.venv\Lib\site-packages\sklearn\linear_model\_coordinate_descent.py", line 955, in fit
    X, y = self._validate_data(
           ^^^^^^^^^^^^^^^^^^^^
  File "C:\Users\youne\Desktop\AutoMLapp\.venv\Lib\site-packages\sklearn\base.py", line 650, in _validate_data
    X, y = check_X_y(X, y, **check_params)
           ^^^^^^^^^^^^^^^^^^^^^^^^^^^^^^^
  File "C:\Users\youne\Desktop\AutoMLapp\.venv\Lib\site-packages\sklearn\utils\validation.py", line 1279, in check_X_y
    y = _check_y(y, multi_output=multi_output, y_numeric=y_numeric, estimator=estimator)
        ^^^^^^^^^^^^^^^^^^^^^^^^^^^^^^^^^^^^^^^^^^^^^^^^^^^^^^^^^^^^^^^^^^^^^^^^^^^^^^^^
  File "C:\Users\youne\Desktop\AutoMLapp\.venv\Lib\site-packages\sklearn\utils\validation.py", line 1304, in _check_y
    y = y.astype(np.float64)
        ^^^^^^^^^^^^^^^^^^^^
ValueError: could not convert string to float: 'Versicolor'


2026-08-25 18:02:28,196:INFO:Initializing Ridge Regression
2026-08-25 18:02:28,196:INFO:Total runtime is 0.1006902535756429 minutes
2026-08-25 18:02:28,197:INFO:SubProcess create_model() called ==================================
2026-08-25 18:02:28,197:INFO:Initializing create_model()
2026-08-25 18:02:28,197:INFO:create_model(self=<pycaret.regression.oop.RegressionExperiment object at 0x00000220CBD40450>, estimator=ridge, fold=KFold(n_splits=10, random_state=None, shuffle=False), round=4, cross_validation=True, predict=True, fit_kwargs={}, groups=None, refit=False, probability_threshold=None, experiment_custom_tags=None, verbose=False, system=False, add_to_model_list=True, metrics=None, display=<pycaret.internal.display.display.CommonDisplay object at 0x000002211C6F2C10>, model_only=True, return_train_score=False, error_score=0.0, kwargs={})
2026-08-25 18:02:28,197:INFO:Checking exceptions
2026-08-25 18:02:28,197:INFO:Importing libraries
2026-08-25 18:02:28,197:INFO:Copying training dataset
2026-08-25 18:02:28,200:INFO:Defining folds
2026-08-25 18:02:28,200:INFO:Declaring metric variables
2026-08-25 18:02:28,200:INFO:Importing untrained model
2026-08-25 18:02:28,201:INFO:Ridge Regression Imported successfully
2026-08-25 18:02:28,201:INFO:Starting cross validation
2026-08-25 18:02:28,202:INFO:Cross validating with KFold(n_splits=10, random_state=None, shuffle=False), n_jobs=-1
2026-08-25 18:02:28,256:WARNING:create_model() for ridge raised an exception or returned all 0.0, trying without fit_kwargs:
2026-08-25 18:02:28,257:WARNING:Traceback (most recent call last):
  File "C:\Users\youne\Desktop\AutoMLapp\.venv\Lib\site-packages\pycaret\internal\pycaret_experiment\supervised_experiment.py", line 794, in compare_models
    model, model_fit_time = self._create_model(**create_model_args)
                            ^^^^^^^^^^^^^^^^^^^^^^^^^^^^^^^^^^^^^^^
  File "C:\Users\youne\Desktop\AutoMLapp\.venv\Lib\site-packages\pycaret\internal\pycaret_experiment\supervised_experiment.py", line 1533, in _create_model
    model, model_fit_time, model_results, _ = self._create_model_with_cv(
                                              ^^^^^^^^^^^^^^^^^^^^^^^^^^^
  File "C:\Users\youne\Desktop\AutoMLapp\.venv\Lib\site-packages\pycaret\internal\pycaret_experiment\supervised_experiment.py", line 1126, in _create_model_with_cv
    scores = cross_validate(
             ^^^^^^^^^^^^^^^
  File "C:\Users\youne\Desktop\AutoMLapp\.venv\Lib\site-packages\sklearn\utils\_param_validation.py", line 213, in wrapper
    return func(*args, **kwargs)
           ^^^^^^^^^^^^^^^^^^^^^
  File "C:\Users\youne\Desktop\AutoMLapp\.venv\Lib\site-packages\sklearn\model_selection\_validation.py", line 450, in cross_validate
    _warn_or_raise_about_fit_failures(results, error_score)
  File "C:\Users\youne\Desktop\AutoMLapp\.venv\Lib\site-packages\sklearn\model_selection\_validation.py", line 536, in _warn_or_raise_about_fit_failures
    raise ValueError(all_fits_failed_message)
ValueError: 
All the 10 fits failed.
It is very likely that your model is misconfigured.
You can try to debug the error by setting error_score='raise'.

Below are more details about the failures:
--------------------------------------------------------------------------------
1 fits failed with the following error:
Traceback (most recent call last):
  File "C:\Users\youne\Desktop\AutoMLapp\.venv\Lib\site-packages\sklearn\model_selection\_validation.py", line 895, in _fit_and_score
    estimator.fit(X_train, y_train, **fit_params)
  File "C:\Users\youne\Desktop\AutoMLapp\.venv\Lib\site-packages\pycaret\internal\pipeline.py", line 278, in fit
    fitted_estimator = self._memory_fit(
                       ^^^^^^^^^^^^^^^^^
  File "C:\Users\youne\Desktop\AutoMLapp\.venv\Lib\site-packages\joblib\memory.py", line 353, in __call__
    return self.func(*args, **kwargs)
           ^^^^^^^^^^^^^^^^^^^^^^^^^^
  File "C:\Users\youne\Desktop\AutoMLapp\.venv\Lib\site-packages\pycaret\internal\pipeline.py", line 69, in _fit_one
    transformer.fit(*args)
  File "C:\Users\youne\Desktop\AutoMLapp\.venv\Lib\site-packages\sklearn\base.py", line 1474, in wrapper
    return fit_method(estimator, *args, **kwargs)
           ^^^^^^^^^^^^^^^^^^^^^^^^^^^^^^^^^^^^^^
  File "C:\Users\youne\Desktop\AutoMLapp\.venv\Lib\site-packages\sklearn\linear_model\_ridge.py", line 1167, in fit
    X, y = self._validate_data(
           ^^^^^^^^^^^^^^^^^^^^
  File "C:\Users\youne\Desktop\AutoMLapp\.venv\Lib\site-packages\sklearn\base.py", line 650, in _validate_data
    X, y = check_X_y(X, y, **check_params)
           ^^^^^^^^^^^^^^^^^^^^^^^^^^^^^^^
  File "C:\Users\youne\Desktop\AutoMLapp\.venv\Lib\site-packages\sklearn\utils\validation.py", line 1279, in check_X_y
    y = _check_y(y, multi_output=multi_output, y_numeric=y_numeric, estimator=estimator)
        ^^^^^^^^^^^^^^^^^^^^^^^^^^^^^^^^^^^^^^^^^^^^^^^^^^^^^^^^^^^^^^^^^^^^^^^^^^^^^^^^
  File "C:\Users\youne\Desktop\AutoMLapp\.venv\Lib\site-packages\sklearn\utils\validation.py", line 1304, in _check_y
    y = y.astype(np.float64)
        ^^^^^^^^^^^^^^^^^^^^
ValueError: could not convert string to float: 'Setosa'

--------------------------------------------------------------------------------
9 fits failed with the following error:
Traceback (most recent call last):
  File "C:\Users\youne\Desktop\AutoMLapp\.venv\Lib\site-packages\sklearn\model_selection\_validation.py", line 895, in _fit_and_score
    estimator.fit(X_train, y_train, **fit_params)
  File "C:\Users\youne\Desktop\AutoMLapp\.venv\Lib\site-packages\pycaret\internal\pipeline.py", line 278, in fit
    fitted_estimator = self._memory_fit(
                       ^^^^^^^^^^^^^^^^^
  File "C:\Users\youne\Desktop\AutoMLapp\.venv\Lib\site-packages\joblib\memory.py", line 353, in __call__
    return self.func(*args, **kwargs)
           ^^^^^^^^^^^^^^^^^^^^^^^^^^
  File "C:\Users\youne\Desktop\AutoMLapp\.venv\Lib\site-packages\pycaret\internal\pipeline.py", line 69, in _fit_one
    transformer.fit(*args)
  File "C:\Users\youne\Desktop\AutoMLapp\.venv\Lib\site-packages\sklearn\base.py", line 1474, in wrapper
    return fit_method(estimator, *args, **kwargs)
           ^^^^^^^^^^^^^^^^^^^^^^^^^^^^^^^^^^^^^^
  File "C:\Users\youne\Desktop\AutoMLapp\.venv\Lib\site-packages\sklearn\linear_model\_ridge.py", line 1167, in fit
    X, y = self._validate_data(
           ^^^^^^^^^^^^^^^^^^^^
  File "C:\Users\youne\Desktop\AutoMLapp\.venv\Lib\site-packages\sklearn\base.py", line 650, in _validate_data
    X, y = check_X_y(X, y, **check_params)
           ^^^^^^^^^^^^^^^^^^^^^^^^^^^^^^^
  File "C:\Users\youne\Desktop\AutoMLapp\.venv\Lib\site-packages\sklearn\utils\validation.py", line 1279, in check_X_y
    y = _check_y(y, multi_output=multi_output, y_numeric=y_numeric, estimator=estimator)
        ^^^^^^^^^^^^^^^^^^^^^^^^^^^^^^^^^^^^^^^^^^^^^^^^^^^^^^^^^^^^^^^^^^^^^^^^^^^^^^^^
  File "C:\Users\youne\Desktop\AutoMLapp\.venv\Lib\site-packages\sklearn\utils\validation.py", line 1304, in _check_y
    y = y.astype(np.float64)
        ^^^^^^^^^^^^^^^^^^^^
ValueError: could not convert string to float: 'Versicolor'


2026-08-25 18:02:28,258:INFO:Initializing create_model()
2026-08-25 18:02:28,258:INFO:create_model(self=<pycaret.regression.oop.RegressionExperiment object at 0x00000220CBD40450>, estimator=ridge, fold=KFold(n_splits=10, random_state=None, shuffle=False), round=4, cross_validation=True, predict=True, fit_kwargs={}, groups=None, refit=False, probability_threshold=None, experiment_custom_tags=None, verbose=False, system=False, add_to_model_list=True, metrics=None, display=<pycaret.internal.display.display.CommonDisplay object at 0x000002211C6F2C10>, model_only=True, return_train_score=False, error_score=0.0, kwargs={})
2026-08-25 18:02:28,258:INFO:Checking exceptions
2026-08-25 18:02:28,258:INFO:Importing libraries
2026-08-25 18:02:28,258:INFO:Copying training dataset
2026-08-25 18:02:28,261:INFO:Defining folds
2026-08-25 18:02:28,261:INFO:Declaring metric variables
2026-08-25 18:02:28,261:INFO:Importing untrained model
2026-08-25 18:02:28,261:INFO:Ridge Regression Imported successfully
2026-08-25 18:02:28,262:INFO:Starting cross validation
2026-08-25 18:02:28,262:INFO:Cross validating with KFold(n_splits=10, random_state=None, shuffle=False), n_jobs=-1
2026-08-25 18:02:28,316:ERROR:create_model() for ridge raised an exception or returned all 0.0:
2026-08-25 18:02:28,318:ERROR:Traceback (most recent call last):
  File "C:\Users\youne\Desktop\AutoMLapp\.venv\Lib\site-packages\pycaret\internal\pycaret_experiment\supervised_experiment.py", line 794, in compare_models
    model, model_fit_time = self._create_model(**create_model_args)
                            ^^^^^^^^^^^^^^^^^^^^^^^^^^^^^^^^^^^^^^^
  File "C:\Users\youne\Desktop\AutoMLapp\.venv\Lib\site-packages\pycaret\internal\pycaret_experiment\supervised_experiment.py", line 1533, in _create_model
    model, model_fit_time, model_results, _ = self._create_model_with_cv(
                                              ^^^^^^^^^^^^^^^^^^^^^^^^^^^
  File "C:\Users\youne\Desktop\AutoMLapp\.venv\Lib\site-packages\pycaret\internal\pycaret_experiment\supervised_experiment.py", line 1126, in _create_model_with_cv
    scores = cross_validate(
             ^^^^^^^^^^^^^^^
  File "C:\Users\youne\Desktop\AutoMLapp\.venv\Lib\site-packages\sklearn\utils\_param_validation.py", line 213, in wrapper
    return func(*args, **kwargs)
           ^^^^^^^^^^^^^^^^^^^^^
  File "C:\Users\youne\Desktop\AutoMLapp\.venv\Lib\site-packages\sklearn\model_selection\_validation.py", line 450, in cross_validate
    _warn_or_raise_about_fit_failures(results, error_score)
  File "C:\Users\youne\Desktop\AutoMLapp\.venv\Lib\site-packages\sklearn\model_selection\_validation.py", line 536, in _warn_or_raise_about_fit_failures
    raise ValueError(all_fits_failed_message)
ValueError: 
All the 10 fits failed.
It is very likely that your model is misconfigured.
You can try to debug the error by setting error_score='raise'.

Below are more details about the failures:
--------------------------------------------------------------------------------
1 fits failed with the following error:
Traceback (most recent call last):
  File "C:\Users\youne\Desktop\AutoMLapp\.venv\Lib\site-packages\sklearn\model_selection\_validation.py", line 895, in _fit_and_score
    estimator.fit(X_train, y_train, **fit_params)
  File "C:\Users\youne\Desktop\AutoMLapp\.venv\Lib\site-packages\pycaret\internal\pipeline.py", line 278, in fit
    fitted_estimator = self._memory_fit(
                       ^^^^^^^^^^^^^^^^^
  File "C:\Users\youne\Desktop\AutoMLapp\.venv\Lib\site-packages\joblib\memory.py", line 353, in __call__
    return self.func(*args, **kwargs)
           ^^^^^^^^^^^^^^^^^^^^^^^^^^
  File "C:\Users\youne\Desktop\AutoMLapp\.venv\Lib\site-packages\pycaret\internal\pipeline.py", line 69, in _fit_one
    transformer.fit(*args)
  File "C:\Users\youne\Desktop\AutoMLapp\.venv\Lib\site-packages\sklearn\base.py", line 1474, in wrapper
    return fit_method(estimator, *args, **kwargs)
           ^^^^^^^^^^^^^^^^^^^^^^^^^^^^^^^^^^^^^^
  File "C:\Users\youne\Desktop\AutoMLapp\.venv\Lib\site-packages\sklearn\linear_model\_ridge.py", line 1167, in fit
    X, y = self._validate_data(
           ^^^^^^^^^^^^^^^^^^^^
  File "C:\Users\youne\Desktop\AutoMLapp\.venv\Lib\site-packages\sklearn\base.py", line 650, in _validate_data
    X, y = check_X_y(X, y, **check_params)
           ^^^^^^^^^^^^^^^^^^^^^^^^^^^^^^^
  File "C:\Users\youne\Desktop\AutoMLapp\.venv\Lib\site-packages\sklearn\utils\validation.py", line 1279, in check_X_y
    y = _check_y(y, multi_output=multi_output, y_numeric=y_numeric, estimator=estimator)
        ^^^^^^^^^^^^^^^^^^^^^^^^^^^^^^^^^^^^^^^^^^^^^^^^^^^^^^^^^^^^^^^^^^^^^^^^^^^^^^^^
  File "C:\Users\youne\Desktop\AutoMLapp\.venv\Lib\site-packages\sklearn\utils\validation.py", line 1304, in _check_y
    y = y.astype(np.float64)
        ^^^^^^^^^^^^^^^^^^^^
ValueError: could not convert string to float: 'Setosa'

--------------------------------------------------------------------------------
9 fits failed with the following error:
Traceback (most recent call last):
  File "C:\Users\youne\Desktop\AutoMLapp\.venv\Lib\site-packages\sklearn\model_selection\_validation.py", line 895, in _fit_and_score
    estimator.fit(X_train, y_train, **fit_params)
  File "C:\Users\youne\Desktop\AutoMLapp\.venv\Lib\site-packages\pycaret\internal\pipeline.py", line 278, in fit
    fitted_estimator = self._memory_fit(
                       ^^^^^^^^^^^^^^^^^
  File "C:\Users\youne\Desktop\AutoMLapp\.venv\Lib\site-packages\joblib\memory.py", line 353, in __call__
    return self.func(*args, **kwargs)
           ^^^^^^^^^^^^^^^^^^^^^^^^^^
  File "C:\Users\youne\Desktop\AutoMLapp\.venv\Lib\site-packages\pycaret\internal\pipeline.py", line 69, in _fit_one
    transformer.fit(*args)
  File "C:\Users\youne\Desktop\AutoMLapp\.venv\Lib\site-packages\sklearn\base.py", line 1474, in wrapper
    return fit_method(estimator, *args, **kwargs)
           ^^^^^^^^^^^^^^^^^^^^^^^^^^^^^^^^^^^^^^
  File "C:\Users\youne\Desktop\AutoMLapp\.venv\Lib\site-packages\sklearn\linear_model\_ridge.py", line 1167, in fit
    X, y = self._validate_data(
           ^^^^^^^^^^^^^^^^^^^^
  File "C:\Users\youne\Desktop\AutoMLapp\.venv\Lib\site-packages\sklearn\base.py", line 650, in _validate_data
    X, y = check_X_y(X, y, **check_params)
           ^^^^^^^^^^^^^^^^^^^^^^^^^^^^^^^
  File "C:\Users\youne\Desktop\AutoMLapp\.venv\Lib\site-packages\sklearn\utils\validation.py", line 1279, in check_X_y
    y = _check_y(y, multi_output=multi_output, y_numeric=y_numeric, estimator=estimator)
        ^^^^^^^^^^^^^^^^^^^^^^^^^^^^^^^^^^^^^^^^^^^^^^^^^^^^^^^^^^^^^^^^^^^^^^^^^^^^^^^^
  File "C:\Users\youne\Desktop\AutoMLapp\.venv\Lib\site-packages\sklearn\utils\validation.py", line 1304, in _check_y
    y = y.astype(np.float64)
        ^^^^^^^^^^^^^^^^^^^^
ValueError: could not convert string to float: 'Versicolor'


During handling of the above exception, another exception occurred:

Traceback (most recent call last):
  File "C:\Users\youne\Desktop\AutoMLapp\.venv\Lib\site-packages\pycaret\internal\pycaret_experiment\supervised_experiment.py", line 815, in compare_models
    model, model_fit_time = self._create_model(**create_model_args)
                            ^^^^^^^^^^^^^^^^^^^^^^^^^^^^^^^^^^^^^^^
  File "C:\Users\youne\Desktop\AutoMLapp\.venv\Lib\site-packages\pycaret\internal\pycaret_experiment\supervised_experiment.py", line 1533, in _create_model
    model, model_fit_time, model_results, _ = self._create_model_with_cv(
                                              ^^^^^^^^^^^^^^^^^^^^^^^^^^^
  File "C:\Users\youne\Desktop\AutoMLapp\.venv\Lib\site-packages\pycaret\internal\pycaret_experiment\supervised_experiment.py", line 1126, in _create_model_with_cv
    scores = cross_validate(
             ^^^^^^^^^^^^^^^
  File "C:\Users\youne\Desktop\AutoMLapp\.venv\Lib\site-packages\sklearn\utils\_param_validation.py", line 213, in wrapper
    return func(*args, **kwargs)
           ^^^^^^^^^^^^^^^^^^^^^
  File "C:\Users\youne\Desktop\AutoMLapp\.venv\Lib\site-packages\sklearn\model_selection\_validation.py", line 450, in cross_validate
    _warn_or_raise_about_fit_failures(results, error_score)
  File "C:\Users\youne\Desktop\AutoMLapp\.venv\Lib\site-packages\sklearn\model_selection\_validation.py", line 536, in _warn_or_raise_about_fit_failures
    raise ValueError(all_fits_failed_message)
ValueError: 
All the 10 fits failed.
It is very likely that your model is misconfigured.
You can try to debug the error by setting error_score='raise'.

Below are more details about the failures:
--------------------------------------------------------------------------------
1 fits failed with the following error:
Traceback (most recent call last):
  File "C:\Users\youne\Desktop\AutoMLapp\.venv\Lib\site-packages\sklearn\model_selection\_validation.py", line 895, in _fit_and_score
    estimator.fit(X_train, y_train, **fit_params)
  File "C:\Users\youne\Desktop\AutoMLapp\.venv\Lib\site-packages\pycaret\internal\pipeline.py", line 278, in fit
    fitted_estimator = self._memory_fit(
                       ^^^^^^^^^^^^^^^^^
  File "C:\Users\youne\Desktop\AutoMLapp\.venv\Lib\site-packages\joblib\memory.py", line 353, in __call__
    return self.func(*args, **kwargs)
           ^^^^^^^^^^^^^^^^^^^^^^^^^^
  File "C:\Users\youne\Desktop\AutoMLapp\.venv\Lib\site-packages\pycaret\internal\pipeline.py", line 69, in _fit_one
    transformer.fit(*args)
  File "C:\Users\youne\Desktop\AutoMLapp\.venv\Lib\site-packages\sklearn\base.py", line 1474, in wrapper
    return fit_method(estimator, *args, **kwargs)
           ^^^^^^^^^^^^^^^^^^^^^^^^^^^^^^^^^^^^^^
  File "C:\Users\youne\Desktop\AutoMLapp\.venv\Lib\site-packages\sklearn\linear_model\_ridge.py", line 1167, in fit
    X, y = self._validate_data(
           ^^^^^^^^^^^^^^^^^^^^
  File "C:\Users\youne\Desktop\AutoMLapp\.venv\Lib\site-packages\sklearn\base.py", line 650, in _validate_data
    X, y = check_X_y(X, y, **check_params)
           ^^^^^^^^^^^^^^^^^^^^^^^^^^^^^^^
  File "C:\Users\youne\Desktop\AutoMLapp\.venv\Lib\site-packages\sklearn\utils\validation.py", line 1279, in check_X_y
    y = _check_y(y, multi_output=multi_output, y_numeric=y_numeric, estimator=estimator)
        ^^^^^^^^^^^^^^^^^^^^^^^^^^^^^^^^^^^^^^^^^^^^^^^^^^^^^^^^^^^^^^^^^^^^^^^^^^^^^^^^
  File "C:\Users\youne\Desktop\AutoMLapp\.venv\Lib\site-packages\sklearn\utils\validation.py", line 1304, in _check_y
    y = y.astype(np.float64)
        ^^^^^^^^^^^^^^^^^^^^
ValueError: could not convert string to float: 'Setosa'

--------------------------------------------------------------------------------
9 fits failed with the following error:
Traceback (most recent call last):
  File "C:\Users\youne\Desktop\AutoMLapp\.venv\Lib\site-packages\sklearn\model_selection\_validation.py", line 895, in _fit_and_score
    estimator.fit(X_train, y_train, **fit_params)
  File "C:\Users\youne\Desktop\AutoMLapp\.venv\Lib\site-packages\pycaret\internal\pipeline.py", line 278, in fit
    fitted_estimator = self._memory_fit(
                       ^^^^^^^^^^^^^^^^^
  File "C:\Users\youne\Desktop\AutoMLapp\.venv\Lib\site-packages\joblib\memory.py", line 353, in __call__
    return self.func(*args, **kwargs)
           ^^^^^^^^^^^^^^^^^^^^^^^^^^
  File "C:\Users\youne\Desktop\AutoMLapp\.venv\Lib\site-packages\pycaret\internal\pipeline.py", line 69, in _fit_one
    transformer.fit(*args)
  File "C:\Users\youne\Desktop\AutoMLapp\.venv\Lib\site-packages\sklearn\base.py", line 1474, in wrapper
    return fit_method(estimator, *args, **kwargs)
           ^^^^^^^^^^^^^^^^^^^^^^^^^^^^^^^^^^^^^^
  File "C:\Users\youne\Desktop\AutoMLapp\.venv\Lib\site-packages\sklearn\linear_model\_ridge.py", line 1167, in fit
    X, y = self._validate_data(
           ^^^^^^^^^^^^^^^^^^^^
  File "C:\Users\youne\Desktop\AutoMLapp\.venv\Lib\site-packages\sklearn\base.py", line 650, in _validate_data
    X, y = check_X_y(X, y, **check_params)
           ^^^^^^^^^^^^^^^^^^^^^^^^^^^^^^^
  File "C:\Users\youne\Desktop\AutoMLapp\.venv\Lib\site-packages\sklearn\utils\validation.py", line 1279, in check_X_y
    y = _check_y(y, multi_output=multi_output, y_numeric=y_numeric, estimator=estimator)
        ^^^^^^^^^^^^^^^^^^^^^^^^^^^^^^^^^^^^^^^^^^^^^^^^^^^^^^^^^^^^^^^^^^^^^^^^^^^^^^^^
  File "C:\Users\youne\Desktop\AutoMLapp\.venv\Lib\site-packages\sklearn\utils\validation.py", line 1304, in _check_y
    y = y.astype(np.float64)
        ^^^^^^^^^^^^^^^^^^^^
ValueError: could not convert string to float: 'Versicolor'


2026-08-25 18:02:28,318:INFO:Initializing Elastic Net
2026-08-25 18:02:28,319:INFO:Total runtime is 0.102738090356191 minutes
2026-08-25 18:02:28,319:INFO:SubProcess create_model() called ==================================
2026-08-25 18:02:28,319:INFO:Initializing create_model()
2026-08-25 18:02:28,319:INFO:create_model(self=<pycaret.regression.oop.RegressionExperiment object at 0x00000220CBD40450>, estimator=en, fold=KFold(n_splits=10, random_state=None, shuffle=False), round=4, cross_validation=True, predict=True, fit_kwargs={}, groups=None, refit=False, probability_threshold=None, experiment_custom_tags=None, verbose=False, system=False, add_to_model_list=True, metrics=None, display=<pycaret.internal.display.display.CommonDisplay object at 0x000002211C6F2C10>, model_only=True, return_train_score=False, error_score=0.0, kwargs={})
2026-08-25 18:02:28,319:INFO:Checking exceptions
2026-08-25 18:02:28,319:INFO:Importing libraries
2026-08-25 18:02:28,319:INFO:Copying training dataset
2026-08-25 18:02:28,322:INFO:Defining folds
2026-08-25 18:02:28,322:INFO:Declaring metric variables
2026-08-25 18:02:28,322:INFO:Importing untrained model
2026-08-25 18:02:28,323:INFO:Elastic Net Imported successfully
2026-08-25 18:02:28,323:INFO:Starting cross validation
2026-08-25 18:02:28,324:INFO:Cross validating with KFold(n_splits=10, random_state=None, shuffle=False), n_jobs=-1
2026-08-25 18:02:28,377:WARNING:create_model() for en raised an exception or returned all 0.0, trying without fit_kwargs:
2026-08-25 18:02:28,377:WARNING:Traceback (most recent call last):
  File "C:\Users\youne\Desktop\AutoMLapp\.venv\Lib\site-packages\pycaret\internal\pycaret_experiment\supervised_experiment.py", line 794, in compare_models
    model, model_fit_time = self._create_model(**create_model_args)
                            ^^^^^^^^^^^^^^^^^^^^^^^^^^^^^^^^^^^^^^^
  File "C:\Users\youne\Desktop\AutoMLapp\.venv\Lib\site-packages\pycaret\internal\pycaret_experiment\supervised_experiment.py", line 1533, in _create_model
    model, model_fit_time, model_results, _ = self._create_model_with_cv(
                                              ^^^^^^^^^^^^^^^^^^^^^^^^^^^
  File "C:\Users\youne\Desktop\AutoMLapp\.venv\Lib\site-packages\pycaret\internal\pycaret_experiment\supervised_experiment.py", line 1126, in _create_model_with_cv
    scores = cross_validate(
             ^^^^^^^^^^^^^^^
  File "C:\Users\youne\Desktop\AutoMLapp\.venv\Lib\site-packages\sklearn\utils\_param_validation.py", line 213, in wrapper
    return func(*args, **kwargs)
           ^^^^^^^^^^^^^^^^^^^^^
  File "C:\Users\youne\Desktop\AutoMLapp\.venv\Lib\site-packages\sklearn\model_selection\_validation.py", line 450, in cross_validate
    _warn_or_raise_about_fit_failures(results, error_score)
  File "C:\Users\youne\Desktop\AutoMLapp\.venv\Lib\site-packages\sklearn\model_selection\_validation.py", line 536, in _warn_or_raise_about_fit_failures
    raise ValueError(all_fits_failed_message)
ValueError: 
All the 10 fits failed.
It is very likely that your model is misconfigured.
You can try to debug the error by setting error_score='raise'.

Below are more details about the failures:
--------------------------------------------------------------------------------
1 fits failed with the following error:
Traceback (most recent call last):
  File "C:\Users\youne\Desktop\AutoMLapp\.venv\Lib\site-packages\sklearn\model_selection\_validation.py", line 895, in _fit_and_score
    estimator.fit(X_train, y_train, **fit_params)
  File "C:\Users\youne\Desktop\AutoMLapp\.venv\Lib\site-packages\pycaret\internal\pipeline.py", line 278, in fit
    fitted_estimator = self._memory_fit(
                       ^^^^^^^^^^^^^^^^^
  File "C:\Users\youne\Desktop\AutoMLapp\.venv\Lib\site-packages\joblib\memory.py", line 353, in __call__
    return self.func(*args, **kwargs)
           ^^^^^^^^^^^^^^^^^^^^^^^^^^
  File "C:\Users\youne\Desktop\AutoMLapp\.venv\Lib\site-packages\pycaret\internal\pipeline.py", line 69, in _fit_one
    transformer.fit(*args)
  File "C:\Users\youne\Desktop\AutoMLapp\.venv\Lib\site-packages\sklearn\base.py", line 1474, in wrapper
    return fit_method(estimator, *args, **kwargs)
           ^^^^^^^^^^^^^^^^^^^^^^^^^^^^^^^^^^^^^^
  File "C:\Users\youne\Desktop\AutoMLapp\.venv\Lib\site-packages\sklearn\linear_model\_coordinate_descent.py", line 955, in fit
    X, y = self._validate_data(
           ^^^^^^^^^^^^^^^^^^^^
  File "C:\Users\youne\Desktop\AutoMLapp\.venv\Lib\site-packages\sklearn\base.py", line 650, in _validate_data
    X, y = check_X_y(X, y, **check_params)
           ^^^^^^^^^^^^^^^^^^^^^^^^^^^^^^^
  File "C:\Users\youne\Desktop\AutoMLapp\.venv\Lib\site-packages\sklearn\utils\validation.py", line 1279, in check_X_y
    y = _check_y(y, multi_output=multi_output, y_numeric=y_numeric, estimator=estimator)
        ^^^^^^^^^^^^^^^^^^^^^^^^^^^^^^^^^^^^^^^^^^^^^^^^^^^^^^^^^^^^^^^^^^^^^^^^^^^^^^^^
  File "C:\Users\youne\Desktop\AutoMLapp\.venv\Lib\site-packages\sklearn\utils\validation.py", line 1304, in _check_y
    y = y.astype(np.float64)
        ^^^^^^^^^^^^^^^^^^^^
ValueError: could not convert string to float: 'Setosa'

--------------------------------------------------------------------------------
9 fits failed with the following error:
Traceback (most recent call last):
  File "C:\Users\youne\Desktop\AutoMLapp\.venv\Lib\site-packages\sklearn\model_selection\_validation.py", line 895, in _fit_and_score
    estimator.fit(X_train, y_train, **fit_params)
  File "C:\Users\youne\Desktop\AutoMLapp\.venv\Lib\site-packages\pycaret\internal\pipeline.py", line 278, in fit
    fitted_estimator = self._memory_fit(
                       ^^^^^^^^^^^^^^^^^
  File "C:\Users\youne\Desktop\AutoMLapp\.venv\Lib\site-packages\joblib\memory.py", line 353, in __call__
    return self.func(*args, **kwargs)
           ^^^^^^^^^^^^^^^^^^^^^^^^^^
  File "C:\Users\youne\Desktop\AutoMLapp\.venv\Lib\site-packages\pycaret\internal\pipeline.py", line 69, in _fit_one
    transformer.fit(*args)
  File "C:\Users\youne\Desktop\AutoMLapp\.venv\Lib\site-packages\sklearn\base.py", line 1474, in wrapper
    return fit_method(estimator, *args, **kwargs)
           ^^^^^^^^^^^^^^^^^^^^^^^^^^^^^^^^^^^^^^
  File "C:\Users\youne\Desktop\AutoMLapp\.venv\Lib\site-packages\sklearn\linear_model\_coordinate_descent.py", line 955, in fit
    X, y = self._validate_data(
           ^^^^^^^^^^^^^^^^^^^^
  File "C:\Users\youne\Desktop\AutoMLapp\.venv\Lib\site-packages\sklearn\base.py", line 650, in _validate_data
    X, y = check_X_y(X, y, **check_params)
           ^^^^^^^^^^^^^^^^^^^^^^^^^^^^^^^
  File "C:\Users\youne\Desktop\AutoMLapp\.venv\Lib\site-packages\sklearn\utils\validation.py", line 1279, in check_X_y
    y = _check_y(y, multi_output=multi_output, y_numeric=y_numeric, estimator=estimator)
        ^^^^^^^^^^^^^^^^^^^^^^^^^^^^^^^^^^^^^^^^^^^^^^^^^^^^^^^^^^^^^^^^^^^^^^^^^^^^^^^^
  File "C:\Users\youne\Desktop\AutoMLapp\.venv\Lib\site-packages\sklearn\utils\validation.py", line 1304, in _check_y
    y = y.astype(np.float64)
        ^^^^^^^^^^^^^^^^^^^^
ValueError: could not convert string to float: 'Versicolor'


2026-08-25 18:02:28,378:INFO:Initializing create_model()
2026-08-25 18:02:28,378:INFO:create_model(self=<pycaret.regression.oop.RegressionExperiment object at 0x00000220CBD40450>, estimator=en, fold=KFold(n_splits=10, random_state=None, shuffle=False), round=4, cross_validation=True, predict=True, fit_kwargs={}, groups=None, refit=False, probability_threshold=None, experiment_custom_tags=None, verbose=False, system=False, add_to_model_list=True, metrics=None, display=<pycaret.internal.display.display.CommonDisplay object at 0x000002211C6F2C10>, model_only=True, return_train_score=False, error_score=0.0, kwargs={})
2026-08-25 18:02:28,378:INFO:Checking exceptions
2026-08-25 18:02:28,378:INFO:Importing libraries
2026-08-25 18:02:28,378:INFO:Copying training dataset
2026-08-25 18:02:28,381:INFO:Defining folds
2026-08-25 18:02:28,381:INFO:Declaring metric variables
2026-08-25 18:02:28,381:INFO:Importing untrained model
2026-08-25 18:02:28,381:INFO:Elastic Net Imported successfully
2026-08-25 18:02:28,381:INFO:Starting cross validation
2026-08-25 18:02:28,382:INFO:Cross validating with KFold(n_splits=10, random_state=None, shuffle=False), n_jobs=-1
2026-08-25 18:02:28,427:ERROR:create_model() for en raised an exception or returned all 0.0:
2026-08-25 18:02:28,429:ERROR:Traceback (most recent call last):
  File "C:\Users\youne\Desktop\AutoMLapp\.venv\Lib\site-packages\pycaret\internal\pycaret_experiment\supervised_experiment.py", line 794, in compare_models
    model, model_fit_time = self._create_model(**create_model_args)
                            ^^^^^^^^^^^^^^^^^^^^^^^^^^^^^^^^^^^^^^^
  File "C:\Users\youne\Desktop\AutoMLapp\.venv\Lib\site-packages\pycaret\internal\pycaret_experiment\supervised_experiment.py", line 1533, in _create_model
    model, model_fit_time, model_results, _ = self._create_model_with_cv(
                                              ^^^^^^^^^^^^^^^^^^^^^^^^^^^
  File "C:\Users\youne\Desktop\AutoMLapp\.venv\Lib\site-packages\pycaret\internal\pycaret_experiment\supervised_experiment.py", line 1126, in _create_model_with_cv
    scores = cross_validate(
             ^^^^^^^^^^^^^^^
  File "C:\Users\youne\Desktop\AutoMLapp\.venv\Lib\site-packages\sklearn\utils\_param_validation.py", line 213, in wrapper
    return func(*args, **kwargs)
           ^^^^^^^^^^^^^^^^^^^^^
  File "C:\Users\youne\Desktop\AutoMLapp\.venv\Lib\site-packages\sklearn\model_selection\_validation.py", line 450, in cross_validate
    _warn_or_raise_about_fit_failures(results, error_score)
  File "C:\Users\youne\Desktop\AutoMLapp\.venv\Lib\site-packages\sklearn\model_selection\_validation.py", line 536, in _warn_or_raise_about_fit_failures
    raise ValueError(all_fits_failed_message)
ValueError: 
All the 10 fits failed.
It is very likely that your model is misconfigured.
You can try to debug the error by setting error_score='raise'.

Below are more details about the failures:
--------------------------------------------------------------------------------
1 fits failed with the following error:
Traceback (most recent call last):
  File "C:\Users\youne\Desktop\AutoMLapp\.venv\Lib\site-packages\sklearn\model_selection\_validation.py", line 895, in _fit_and_score
    estimator.fit(X_train, y_train, **fit_params)
  File "C:\Users\youne\Desktop\AutoMLapp\.venv\Lib\site-packages\pycaret\internal\pipeline.py", line 278, in fit
    fitted_estimator = self._memory_fit(
                       ^^^^^^^^^^^^^^^^^
  File "C:\Users\youne\Desktop\AutoMLapp\.venv\Lib\site-packages\joblib\memory.py", line 353, in __call__
    return self.func(*args, **kwargs)
           ^^^^^^^^^^^^^^^^^^^^^^^^^^
  File "C:\Users\youne\Desktop\AutoMLapp\.venv\Lib\site-packages\pycaret\internal\pipeline.py", line 69, in _fit_one
    transformer.fit(*args)
  File "C:\Users\youne\Desktop\AutoMLapp\.venv\Lib\site-packages\sklearn\base.py", line 1474, in wrapper
    return fit_method(estimator, *args, **kwargs)
           ^^^^^^^^^^^^^^^^^^^^^^^^^^^^^^^^^^^^^^
  File "C:\Users\youne\Desktop\AutoMLapp\.venv\Lib\site-packages\sklearn\linear_model\_coordinate_descent.py", line 955, in fit
    X, y = self._validate_data(
           ^^^^^^^^^^^^^^^^^^^^
  File "C:\Users\youne\Desktop\AutoMLapp\.venv\Lib\site-packages\sklearn\base.py", line 650, in _validate_data
    X, y = check_X_y(X, y, **check_params)
           ^^^^^^^^^^^^^^^^^^^^^^^^^^^^^^^
  File "C:\Users\youne\Desktop\AutoMLapp\.venv\Lib\site-packages\sklearn\utils\validation.py", line 1279, in check_X_y
    y = _check_y(y, multi_output=multi_output, y_numeric=y_numeric, estimator=estimator)
        ^^^^^^^^^^^^^^^^^^^^^^^^^^^^^^^^^^^^^^^^^^^^^^^^^^^^^^^^^^^^^^^^^^^^^^^^^^^^^^^^
  File "C:\Users\youne\Desktop\AutoMLapp\.venv\Lib\site-packages\sklearn\utils\validation.py", line 1304, in _check_y
    y = y.astype(np.float64)
        ^^^^^^^^^^^^^^^^^^^^
ValueError: could not convert string to float: 'Setosa'

--------------------------------------------------------------------------------
9 fits failed with the following error:
Traceback (most recent call last):
  File "C:\Users\youne\Desktop\AutoMLapp\.venv\Lib\site-packages\sklearn\model_selection\_validation.py", line 895, in _fit_and_score
    estimator.fit(X_train, y_train, **fit_params)
  File "C:\Users\youne\Desktop\AutoMLapp\.venv\Lib\site-packages\pycaret\internal\pipeline.py", line 278, in fit
    fitted_estimator = self._memory_fit(
                       ^^^^^^^^^^^^^^^^^
  File "C:\Users\youne\Desktop\AutoMLapp\.venv\Lib\site-packages\joblib\memory.py", line 353, in __call__
    return self.func(*args, **kwargs)
           ^^^^^^^^^^^^^^^^^^^^^^^^^^
  File "C:\Users\youne\Desktop\AutoMLapp\.venv\Lib\site-packages\pycaret\internal\pipeline.py", line 69, in _fit_one
    transformer.fit(*args)
  File "C:\Users\youne\Desktop\AutoMLapp\.venv\Lib\site-packages\sklearn\base.py", line 1474, in wrapper
    return fit_method(estimator, *args, **kwargs)
           ^^^^^^^^^^^^^^^^^^^^^^^^^^^^^^^^^^^^^^
  File "C:\Users\youne\Desktop\AutoMLapp\.venv\Lib\site-packages\sklearn\linear_model\_coordinate_descent.py", line 955, in fit
    X, y = self._validate_data(
           ^^^^^^^^^^^^^^^^^^^^
  File "C:\Users\youne\Desktop\AutoMLapp\.venv\Lib\site-packages\sklearn\base.py", line 650, in _validate_data
    X, y = check_X_y(X, y, **check_params)
           ^^^^^^^^^^^^^^^^^^^^^^^^^^^^^^^
  File "C:\Users\youne\Desktop\AutoMLapp\.venv\Lib\site-packages\sklearn\utils\validation.py", line 1279, in check_X_y
    y = _check_y(y, multi_output=multi_output, y_numeric=y_numeric, estimator=estimator)
        ^^^^^^^^^^^^^^^^^^^^^^^^^^^^^^^^^^^^^^^^^^^^^^^^^^^^^^^^^^^^^^^^^^^^^^^^^^^^^^^^
  File "C:\Users\youne\Desktop\AutoMLapp\.venv\Lib\site-packages\sklearn\utils\validation.py", line 1304, in _check_y
    y = y.astype(np.float64)
        ^^^^^^^^^^^^^^^^^^^^
ValueError: could not convert string to float: 'Versicolor'


During handling of the above exception, another exception occurred:

Traceback (most recent call last):
  File "C:\Users\youne\Desktop\AutoMLapp\.venv\Lib\site-packages\pycaret\internal\pycaret_experiment\supervised_experiment.py", line 815, in compare_models
    model, model_fit_time = self._create_model(**create_model_args)
                            ^^^^^^^^^^^^^^^^^^^^^^^^^^^^^^^^^^^^^^^
  File "C:\Users\youne\Desktop\AutoMLapp\.venv\Lib\site-packages\pycaret\internal\pycaret_experiment\supervised_experiment.py", line 1533, in _create_model
    model, model_fit_time, model_results, _ = self._create_model_with_cv(
                                              ^^^^^^^^^^^^^^^^^^^^^^^^^^^
  File "C:\Users\youne\Desktop\AutoMLapp\.venv\Lib\site-packages\pycaret\internal\pycaret_experiment\supervised_experiment.py", line 1126, in _create_model_with_cv
    scores = cross_validate(
             ^^^^^^^^^^^^^^^
  File "C:\Users\youne\Desktop\AutoMLapp\.venv\Lib\site-packages\sklearn\utils\_param_validation.py", line 213, in wrapper
    return func(*args, **kwargs)
           ^^^^^^^^^^^^^^^^^^^^^
  File "C:\Users\youne\Desktop\AutoMLapp\.venv\Lib\site-packages\sklearn\model_selection\_validation.py", line 450, in cross_validate
    _warn_or_raise_about_fit_failures(results, error_score)
  File "C:\Users\youne\Desktop\AutoMLapp\.venv\Lib\site-packages\sklearn\model_selection\_validation.py", line 536, in _warn_or_raise_about_fit_failures
    raise ValueError(all_fits_failed_message)
ValueError: 
All the 10 fits failed.
It is very likely that your model is misconfigured.
You can try to debug the error by setting error_score='raise'.

Below are more details about the failures:
--------------------------------------------------------------------------------
1 fits failed with the following error:
Traceback (most recent call last):
  File "C:\Users\youne\Desktop\AutoMLapp\.venv\Lib\site-packages\sklearn\model_selection\_validation.py", line 895, in _fit_and_score
    estimator.fit(X_train, y_train, **fit_params)
  File "C:\Users\youne\Desktop\AutoMLapp\.venv\Lib\site-packages\pycaret\internal\pipeline.py", line 278, in fit
    fitted_estimator = self._memory_fit(
                       ^^^^^^^^^^^^^^^^^
  File "C:\Users\youne\Desktop\AutoMLapp\.venv\Lib\site-packages\joblib\memory.py", line 353, in __call__
    return self.func(*args, **kwargs)
           ^^^^^^^^^^^^^^^^^^^^^^^^^^
  File "C:\Users\youne\Desktop\AutoMLapp\.venv\Lib\site-packages\pycaret\internal\pipeline.py", line 69, in _fit_one
    transformer.fit(*args)
  File "C:\Users\youne\Desktop\AutoMLapp\.venv\Lib\site-packages\sklearn\base.py", line 1474, in wrapper
    return fit_method(estimator, *args, **kwargs)
           ^^^^^^^^^^^^^^^^^^^^^^^^^^^^^^^^^^^^^^
  File "C:\Users\youne\Desktop\AutoMLapp\.venv\Lib\site-packages\sklearn\linear_model\_coordinate_descent.py", line 955, in fit
    X, y = self._validate_data(
           ^^^^^^^^^^^^^^^^^^^^
  File "C:\Users\youne\Desktop\AutoMLapp\.venv\Lib\site-packages\sklearn\base.py", line 650, in _validate_data
    X, y = check_X_y(X, y, **check_params)
           ^^^^^^^^^^^^^^^^^^^^^^^^^^^^^^^
  File "C:\Users\youne\Desktop\AutoMLapp\.venv\Lib\site-packages\sklearn\utils\validation.py", line 1279, in check_X_y
    y = _check_y(y, multi_output=multi_output, y_numeric=y_numeric, estimator=estimator)
        ^^^^^^^^^^^^^^^^^^^^^^^^^^^^^^^^^^^^^^^^^^^^^^^^^^^^^^^^^^^^^^^^^^^^^^^^^^^^^^^^
  File "C:\Users\youne\Desktop\AutoMLapp\.venv\Lib\site-packages\sklearn\utils\validation.py", line 1304, in _check_y
    y = y.astype(np.float64)
        ^^^^^^^^^^^^^^^^^^^^
ValueError: could not convert string to float: 'Setosa'

--------------------------------------------------------------------------------
9 fits failed with the following error:
Traceback (most recent call last):
  File "C:\Users\youne\Desktop\AutoMLapp\.venv\Lib\site-packages\sklearn\model_selection\_validation.py", line 895, in _fit_and_score
    estimator.fit(X_train, y_train, **fit_params)
  File "C:\Users\youne\Desktop\AutoMLapp\.venv\Lib\site-packages\pycaret\internal\pipeline.py", line 278, in fit
    fitted_estimator = self._memory_fit(
                       ^^^^^^^^^^^^^^^^^
  File "C:\Users\youne\Desktop\AutoMLapp\.venv\Lib\site-packages\joblib\memory.py", line 353, in __call__
    return self.func(*args, **kwargs)
           ^^^^^^^^^^^^^^^^^^^^^^^^^^
  File "C:\Users\youne\Desktop\AutoMLapp\.venv\Lib\site-packages\pycaret\internal\pipeline.py", line 69, in _fit_one
    transformer.fit(*args)
  File "C:\Users\youne\Desktop\AutoMLapp\.venv\Lib\site-packages\sklearn\base.py", line 1474, in wrapper
    return fit_method(estimator, *args, **kwargs)
           ^^^^^^^^^^^^^^^^^^^^^^^^^^^^^^^^^^^^^^
  File "C:\Users\youne\Desktop\AutoMLapp\.venv\Lib\site-packages\sklearn\linear_model\_coordinate_descent.py", line 955, in fit
    X, y = self._validate_data(
           ^^^^^^^^^^^^^^^^^^^^
  File "C:\Users\youne\Desktop\AutoMLapp\.venv\Lib\site-packages\sklearn\base.py", line 650, in _validate_data
    X, y = check_X_y(X, y, **check_params)
           ^^^^^^^^^^^^^^^^^^^^^^^^^^^^^^^
  File "C:\Users\youne\Desktop\AutoMLapp\.venv\Lib\site-packages\sklearn\utils\validation.py", line 1279, in check_X_y
    y = _check_y(y, multi_output=multi_output, y_numeric=y_numeric, estimator=estimator)
        ^^^^^^^^^^^^^^^^^^^^^^^^^^^^^^^^^^^^^^^^^^^^^^^^^^^^^^^^^^^^^^^^^^^^^^^^^^^^^^^^
  File "C:\Users\youne\Desktop\AutoMLapp\.venv\Lib\site-packages\sklearn\utils\validation.py", line 1304, in _check_y
    y = y.astype(np.float64)
        ^^^^^^^^^^^^^^^^^^^^
ValueError: could not convert string to float: 'Versicolor'


2026-08-25 18:02:28,429:INFO:Initializing Least Angle Regression
2026-08-25 18:02:28,429:INFO:Total runtime is 0.10456571578979491 minutes
2026-08-25 18:02:28,429:INFO:SubProcess create_model() called ==================================
2026-08-25 18:02:28,429:INFO:Initializing create_model()
2026-08-25 18:02:28,429:INFO:create_model(self=<pycaret.regression.oop.RegressionExperiment object at 0x00000220CBD40450>, estimator=lar, fold=KFold(n_splits=10, random_state=None, shuffle=False), round=4, cross_validation=True, predict=True, fit_kwargs={}, groups=None, refit=False, probability_threshold=None, experiment_custom_tags=None, verbose=False, system=False, add_to_model_list=True, metrics=None, display=<pycaret.internal.display.display.CommonDisplay object at 0x000002211C6F2C10>, model_only=True, return_train_score=False, error_score=0.0, kwargs={})
2026-08-25 18:02:28,429:INFO:Checking exceptions
2026-08-25 18:02:28,429:INFO:Importing libraries
2026-08-25 18:02:28,429:INFO:Copying training dataset
2026-08-25 18:02:28,433:INFO:Defining folds
2026-08-25 18:02:28,433:INFO:Declaring metric variables
2026-08-25 18:02:28,433:INFO:Importing untrained model
2026-08-25 18:02:28,434:INFO:Least Angle Regression Imported successfully
2026-08-25 18:02:28,434:INFO:Starting cross validation
2026-08-25 18:02:28,434:INFO:Cross validating with KFold(n_splits=10, random_state=None, shuffle=False), n_jobs=-1
2026-08-25 18:02:28,489:WARNING:create_model() for lar raised an exception or returned all 0.0, trying without fit_kwargs:
2026-08-25 18:02:28,490:WARNING:Traceback (most recent call last):
  File "C:\Users\youne\Desktop\AutoMLapp\.venv\Lib\site-packages\pycaret\internal\pycaret_experiment\supervised_experiment.py", line 794, in compare_models
    model, model_fit_time = self._create_model(**create_model_args)
                            ^^^^^^^^^^^^^^^^^^^^^^^^^^^^^^^^^^^^^^^
  File "C:\Users\youne\Desktop\AutoMLapp\.venv\Lib\site-packages\pycaret\internal\pycaret_experiment\supervised_experiment.py", line 1533, in _create_model
    model, model_fit_time, model_results, _ = self._create_model_with_cv(
                                              ^^^^^^^^^^^^^^^^^^^^^^^^^^^
  File "C:\Users\youne\Desktop\AutoMLapp\.venv\Lib\site-packages\pycaret\internal\pycaret_experiment\supervised_experiment.py", line 1126, in _create_model_with_cv
    scores = cross_validate(
             ^^^^^^^^^^^^^^^
  File "C:\Users\youne\Desktop\AutoMLapp\.venv\Lib\site-packages\sklearn\utils\_param_validation.py", line 213, in wrapper
    return func(*args, **kwargs)
           ^^^^^^^^^^^^^^^^^^^^^
  File "C:\Users\youne\Desktop\AutoMLapp\.venv\Lib\site-packages\sklearn\model_selection\_validation.py", line 450, in cross_validate
    _warn_or_raise_about_fit_failures(results, error_score)
  File "C:\Users\youne\Desktop\AutoMLapp\.venv\Lib\site-packages\sklearn\model_selection\_validation.py", line 536, in _warn_or_raise_about_fit_failures
    raise ValueError(all_fits_failed_message)
ValueError: 
All the 10 fits failed.
It is very likely that your model is misconfigured.
You can try to debug the error by setting error_score='raise'.

Below are more details about the failures:
--------------------------------------------------------------------------------
1 fits failed with the following error:
Traceback (most recent call last):
  File "C:\Users\youne\Desktop\AutoMLapp\.venv\Lib\site-packages\sklearn\model_selection\_validation.py", line 895, in _fit_and_score
    estimator.fit(X_train, y_train, **fit_params)
  File "C:\Users\youne\Desktop\AutoMLapp\.venv\Lib\site-packages\pycaret\internal\pipeline.py", line 278, in fit
    fitted_estimator = self._memory_fit(
                       ^^^^^^^^^^^^^^^^^
  File "C:\Users\youne\Desktop\AutoMLapp\.venv\Lib\site-packages\joblib\memory.py", line 353, in __call__
    return self.func(*args, **kwargs)
           ^^^^^^^^^^^^^^^^^^^^^^^^^^
  File "C:\Users\youne\Desktop\AutoMLapp\.venv\Lib\site-packages\pycaret\internal\pipeline.py", line 69, in _fit_one
    transformer.fit(*args)
  File "C:\Users\youne\Desktop\AutoMLapp\.venv\Lib\site-packages\sklearn\base.py", line 1474, in wrapper
    return fit_method(estimator, *args, **kwargs)
           ^^^^^^^^^^^^^^^^^^^^^^^^^^^^^^^^^^^^^^
  File "C:\Users\youne\Desktop\AutoMLapp\.venv\Lib\site-packages\sklearn\linear_model\_least_angle.py", line 1146, in fit
    X, y = self._validate_data(X, y, y_numeric=True, multi_output=True)
           ^^^^^^^^^^^^^^^^^^^^^^^^^^^^^^^^^^^^^^^^^^^^^^^^^^^^^^^^^^^^
  File "C:\Users\youne\Desktop\AutoMLapp\.venv\Lib\site-packages\sklearn\base.py", line 650, in _validate_data
    X, y = check_X_y(X, y, **check_params)
           ^^^^^^^^^^^^^^^^^^^^^^^^^^^^^^^
  File "C:\Users\youne\Desktop\AutoMLapp\.venv\Lib\site-packages\sklearn\utils\validation.py", line 1279, in check_X_y
    y = _check_y(y, multi_output=multi_output, y_numeric=y_numeric, estimator=estimator)
        ^^^^^^^^^^^^^^^^^^^^^^^^^^^^^^^^^^^^^^^^^^^^^^^^^^^^^^^^^^^^^^^^^^^^^^^^^^^^^^^^
  File "C:\Users\youne\Desktop\AutoMLapp\.venv\Lib\site-packages\sklearn\utils\validation.py", line 1304, in _check_y
    y = y.astype(np.float64)
        ^^^^^^^^^^^^^^^^^^^^
ValueError: could not convert string to float: 'Setosa'

--------------------------------------------------------------------------------
9 fits failed with the following error:
Traceback (most recent call last):
  File "C:\Users\youne\Desktop\AutoMLapp\.venv\Lib\site-packages\sklearn\model_selection\_validation.py", line 895, in _fit_and_score
    estimator.fit(X_train, y_train, **fit_params)
  File "C:\Users\youne\Desktop\AutoMLapp\.venv\Lib\site-packages\pycaret\internal\pipeline.py", line 278, in fit
    fitted_estimator = self._memory_fit(
                       ^^^^^^^^^^^^^^^^^
  File "C:\Users\youne\Desktop\AutoMLapp\.venv\Lib\site-packages\joblib\memory.py", line 353, in __call__
    return self.func(*args, **kwargs)
           ^^^^^^^^^^^^^^^^^^^^^^^^^^
  File "C:\Users\youne\Desktop\AutoMLapp\.venv\Lib\site-packages\pycaret\internal\pipeline.py", line 69, in _fit_one
    transformer.fit(*args)
  File "C:\Users\youne\Desktop\AutoMLapp\.venv\Lib\site-packages\sklearn\base.py", line 1474, in wrapper
    return fit_method(estimator, *args, **kwargs)
           ^^^^^^^^^^^^^^^^^^^^^^^^^^^^^^^^^^^^^^
  File "C:\Users\youne\Desktop\AutoMLapp\.venv\Lib\site-packages\sklearn\linear_model\_least_angle.py", line 1146, in fit
    X, y = self._validate_data(X, y, y_numeric=True, multi_output=True)
           ^^^^^^^^^^^^^^^^^^^^^^^^^^^^^^^^^^^^^^^^^^^^^^^^^^^^^^^^^^^^
  File "C:\Users\youne\Desktop\AutoMLapp\.venv\Lib\site-packages\sklearn\base.py", line 650, in _validate_data
    X, y = check_X_y(X, y, **check_params)
           ^^^^^^^^^^^^^^^^^^^^^^^^^^^^^^^
  File "C:\Users\youne\Desktop\AutoMLapp\.venv\Lib\site-packages\sklearn\utils\validation.py", line 1279, in check_X_y
    y = _check_y(y, multi_output=multi_output, y_numeric=y_numeric, estimator=estimator)
        ^^^^^^^^^^^^^^^^^^^^^^^^^^^^^^^^^^^^^^^^^^^^^^^^^^^^^^^^^^^^^^^^^^^^^^^^^^^^^^^^
  File "C:\Users\youne\Desktop\AutoMLapp\.venv\Lib\site-packages\sklearn\utils\validation.py", line 1304, in _check_y
    y = y.astype(np.float64)
        ^^^^^^^^^^^^^^^^^^^^
ValueError: could not convert string to float: 'Versicolor'


2026-08-25 18:02:28,490:INFO:Initializing create_model()
2026-08-25 18:02:28,490:INFO:create_model(self=<pycaret.regression.oop.RegressionExperiment object at 0x00000220CBD40450>, estimator=lar, fold=KFold(n_splits=10, random_state=None, shuffle=False), round=4, cross_validation=True, predict=True, fit_kwargs={}, groups=None, refit=False, probability_threshold=None, experiment_custom_tags=None, verbose=False, system=False, add_to_model_list=True, metrics=None, display=<pycaret.internal.display.display.CommonDisplay object at 0x000002211C6F2C10>, model_only=True, return_train_score=False, error_score=0.0, kwargs={})
2026-08-25 18:02:28,490:INFO:Checking exceptions
2026-08-25 18:02:28,490:INFO:Importing libraries
2026-08-25 18:02:28,490:INFO:Copying training dataset
2026-08-25 18:02:28,493:INFO:Defining folds
2026-08-25 18:02:28,494:INFO:Declaring metric variables
2026-08-25 18:02:28,494:INFO:Importing untrained model
2026-08-25 18:02:28,494:INFO:Least Angle Regression Imported successfully
2026-08-25 18:02:28,494:INFO:Starting cross validation
2026-08-25 18:02:28,495:INFO:Cross validating with KFold(n_splits=10, random_state=None, shuffle=False), n_jobs=-1
2026-08-25 18:02:28,547:ERROR:create_model() for lar raised an exception or returned all 0.0:
2026-08-25 18:02:28,549:ERROR:Traceback (most recent call last):
  File "C:\Users\youne\Desktop\AutoMLapp\.venv\Lib\site-packages\pycaret\internal\pycaret_experiment\supervised_experiment.py", line 794, in compare_models
    model, model_fit_time = self._create_model(**create_model_args)
                            ^^^^^^^^^^^^^^^^^^^^^^^^^^^^^^^^^^^^^^^
  File "C:\Users\youne\Desktop\AutoMLapp\.venv\Lib\site-packages\pycaret\internal\pycaret_experiment\supervised_experiment.py", line 1533, in _create_model
    model, model_fit_time, model_results, _ = self._create_model_with_cv(
                                              ^^^^^^^^^^^^^^^^^^^^^^^^^^^
  File "C:\Users\youne\Desktop\AutoMLapp\.venv\Lib\site-packages\pycaret\internal\pycaret_experiment\supervised_experiment.py", line 1126, in _create_model_with_cv
    scores = cross_validate(
             ^^^^^^^^^^^^^^^
  File "C:\Users\youne\Desktop\AutoMLapp\.venv\Lib\site-packages\sklearn\utils\_param_validation.py", line 213, in wrapper
    return func(*args, **kwargs)
           ^^^^^^^^^^^^^^^^^^^^^
  File "C:\Users\youne\Desktop\AutoMLapp\.venv\Lib\site-packages\sklearn\model_selection\_validation.py", line 450, in cross_validate
    _warn_or_raise_about_fit_failures(results, error_score)
  File "C:\Users\youne\Desktop\AutoMLapp\.venv\Lib\site-packages\sklearn\model_selection\_validation.py", line 536, in _warn_or_raise_about_fit_failures
    raise ValueError(all_fits_failed_message)
ValueError: 
All the 10 fits failed.
It is very likely that your model is misconfigured.
You can try to debug the error by setting error_score='raise'.

Below are more details about the failures:
--------------------------------------------------------------------------------
1 fits failed with the following error:
Traceback (most recent call last):
  File "C:\Users\youne\Desktop\AutoMLapp\.venv\Lib\site-packages\sklearn\model_selection\_validation.py", line 895, in _fit_and_score
    estimator.fit(X_train, y_train, **fit_params)
  File "C:\Users\youne\Desktop\AutoMLapp\.venv\Lib\site-packages\pycaret\internal\pipeline.py", line 278, in fit
    fitted_estimator = self._memory_fit(
                       ^^^^^^^^^^^^^^^^^
  File "C:\Users\youne\Desktop\AutoMLapp\.venv\Lib\site-packages\joblib\memory.py", line 353, in __call__
    return self.func(*args, **kwargs)
           ^^^^^^^^^^^^^^^^^^^^^^^^^^
  File "C:\Users\youne\Desktop\AutoMLapp\.venv\Lib\site-packages\pycaret\internal\pipeline.py", line 69, in _fit_one
    transformer.fit(*args)
  File "C:\Users\youne\Desktop\AutoMLapp\.venv\Lib\site-packages\sklearn\base.py", line 1474, in wrapper
    return fit_method(estimator, *args, **kwargs)
           ^^^^^^^^^^^^^^^^^^^^^^^^^^^^^^^^^^^^^^
  File "C:\Users\youne\Desktop\AutoMLapp\.venv\Lib\site-packages\sklearn\linear_model\_least_angle.py", line 1146, in fit
    X, y = self._validate_data(X, y, y_numeric=True, multi_output=True)
           ^^^^^^^^^^^^^^^^^^^^^^^^^^^^^^^^^^^^^^^^^^^^^^^^^^^^^^^^^^^^
  File "C:\Users\youne\Desktop\AutoMLapp\.venv\Lib\site-packages\sklearn\base.py", line 650, in _validate_data
    X, y = check_X_y(X, y, **check_params)
           ^^^^^^^^^^^^^^^^^^^^^^^^^^^^^^^
  File "C:\Users\youne\Desktop\AutoMLapp\.venv\Lib\site-packages\sklearn\utils\validation.py", line 1279, in check_X_y
    y = _check_y(y, multi_output=multi_output, y_numeric=y_numeric, estimator=estimator)
        ^^^^^^^^^^^^^^^^^^^^^^^^^^^^^^^^^^^^^^^^^^^^^^^^^^^^^^^^^^^^^^^^^^^^^^^^^^^^^^^^
  File "C:\Users\youne\Desktop\AutoMLapp\.venv\Lib\site-packages\sklearn\utils\validation.py", line 1304, in _check_y
    y = y.astype(np.float64)
        ^^^^^^^^^^^^^^^^^^^^
ValueError: could not convert string to float: 'Setosa'

--------------------------------------------------------------------------------
9 fits failed with the following error:
Traceback (most recent call last):
  File "C:\Users\youne\Desktop\AutoMLapp\.venv\Lib\site-packages\sklearn\model_selection\_validation.py", line 895, in _fit_and_score
    estimator.fit(X_train, y_train, **fit_params)
  File "C:\Users\youne\Desktop\AutoMLapp\.venv\Lib\site-packages\pycaret\internal\pipeline.py", line 278, in fit
    fitted_estimator = self._memory_fit(
                       ^^^^^^^^^^^^^^^^^
  File "C:\Users\youne\Desktop\AutoMLapp\.venv\Lib\site-packages\joblib\memory.py", line 353, in __call__
    return self.func(*args, **kwargs)
           ^^^^^^^^^^^^^^^^^^^^^^^^^^
  File "C:\Users\youne\Desktop\AutoMLapp\.venv\Lib\site-packages\pycaret\internal\pipeline.py", line 69, in _fit_one
    transformer.fit(*args)
  File "C:\Users\youne\Desktop\AutoMLapp\.venv\Lib\site-packages\sklearn\base.py", line 1474, in wrapper
    return fit_method(estimator, *args, **kwargs)
           ^^^^^^^^^^^^^^^^^^^^^^^^^^^^^^^^^^^^^^
  File "C:\Users\youne\Desktop\AutoMLapp\.venv\Lib\site-packages\sklearn\linear_model\_least_angle.py", line 1146, in fit
    X, y = self._validate_data(X, y, y_numeric=True, multi_output=True)
           ^^^^^^^^^^^^^^^^^^^^^^^^^^^^^^^^^^^^^^^^^^^^^^^^^^^^^^^^^^^^
  File "C:\Users\youne\Desktop\AutoMLapp\.venv\Lib\site-packages\sklearn\base.py", line 650, in _validate_data
    X, y = check_X_y(X, y, **check_params)
           ^^^^^^^^^^^^^^^^^^^^^^^^^^^^^^^
  File "C:\Users\youne\Desktop\AutoMLapp\.venv\Lib\site-packages\sklearn\utils\validation.py", line 1279, in check_X_y
    y = _check_y(y, multi_output=multi_output, y_numeric=y_numeric, estimator=estimator)
        ^^^^^^^^^^^^^^^^^^^^^^^^^^^^^^^^^^^^^^^^^^^^^^^^^^^^^^^^^^^^^^^^^^^^^^^^^^^^^^^^
  File "C:\Users\youne\Desktop\AutoMLapp\.venv\Lib\site-packages\sklearn\utils\validation.py", line 1304, in _check_y
    y = y.astype(np.float64)
        ^^^^^^^^^^^^^^^^^^^^
ValueError: could not convert string to float: 'Versicolor'


During handling of the above exception, another exception occurred:

Traceback (most recent call last):
  File "C:\Users\youne\Desktop\AutoMLapp\.venv\Lib\site-packages\pycaret\internal\pycaret_experiment\supervised_experiment.py", line 815, in compare_models
    model, model_fit_time = self._create_model(**create_model_args)
                            ^^^^^^^^^^^^^^^^^^^^^^^^^^^^^^^^^^^^^^^
  File "C:\Users\youne\Desktop\AutoMLapp\.venv\Lib\site-packages\pycaret\internal\pycaret_experiment\supervised_experiment.py", line 1533, in _create_model
    model, model_fit_time, model_results, _ = self._create_model_with_cv(
                                              ^^^^^^^^^^^^^^^^^^^^^^^^^^^
  File "C:\Users\youne\Desktop\AutoMLapp\.venv\Lib\site-packages\pycaret\internal\pycaret_experiment\supervised_experiment.py", line 1126, in _create_model_with_cv
    scores = cross_validate(
             ^^^^^^^^^^^^^^^
  File "C:\Users\youne\Desktop\AutoMLapp\.venv\Lib\site-packages\sklearn\utils\_param_validation.py", line 213, in wrapper
    return func(*args, **kwargs)
           ^^^^^^^^^^^^^^^^^^^^^
  File "C:\Users\youne\Desktop\AutoMLapp\.venv\Lib\site-packages\sklearn\model_selection\_validation.py", line 450, in cross_validate
    _warn_or_raise_about_fit_failures(results, error_score)
  File "C:\Users\youne\Desktop\AutoMLapp\.venv\Lib\site-packages\sklearn\model_selection\_validation.py", line 536, in _warn_or_raise_about_fit_failures
    raise ValueError(all_fits_failed_message)
ValueError: 
All the 10 fits failed.
It is very likely that your model is misconfigured.
You can try to debug the error by setting error_score='raise'.

Below are more details about the failures:
--------------------------------------------------------------------------------
1 fits failed with the following error:
Traceback (most recent call last):
  File "C:\Users\youne\Desktop\AutoMLapp\.venv\Lib\site-packages\sklearn\model_selection\_validation.py", line 895, in _fit_and_score
    estimator.fit(X_train, y_train, **fit_params)
  File "C:\Users\youne\Desktop\AutoMLapp\.venv\Lib\site-packages\pycaret\internal\pipeline.py", line 278, in fit
    fitted_estimator = self._memory_fit(
                       ^^^^^^^^^^^^^^^^^
  File "C:\Users\youne\Desktop\AutoMLapp\.venv\Lib\site-packages\joblib\memory.py", line 353, in __call__
    return self.func(*args, **kwargs)
           ^^^^^^^^^^^^^^^^^^^^^^^^^^
  File "C:\Users\youne\Desktop\AutoMLapp\.venv\Lib\site-packages\pycaret\internal\pipeline.py", line 69, in _fit_one
    transformer.fit(*args)
  File "C:\Users\youne\Desktop\AutoMLapp\.venv\Lib\site-packages\sklearn\base.py", line 1474, in wrapper
    return fit_method(estimator, *args, **kwargs)
           ^^^^^^^^^^^^^^^^^^^^^^^^^^^^^^^^^^^^^^
  File "C:\Users\youne\Desktop\AutoMLapp\.venv\Lib\site-packages\sklearn\linear_model\_least_angle.py", line 1146, in fit
    X, y = self._validate_data(X, y, y_numeric=True, multi_output=True)
           ^^^^^^^^^^^^^^^^^^^^^^^^^^^^^^^^^^^^^^^^^^^^^^^^^^^^^^^^^^^^
  File "C:\Users\youne\Desktop\AutoMLapp\.venv\Lib\site-packages\sklearn\base.py", line 650, in _validate_data
    X, y = check_X_y(X, y, **check_params)
           ^^^^^^^^^^^^^^^^^^^^^^^^^^^^^^^
  File "C:\Users\youne\Desktop\AutoMLapp\.venv\Lib\site-packages\sklearn\utils\validation.py", line 1279, in check_X_y
    y = _check_y(y, multi_output=multi_output, y_numeric=y_numeric, estimator=estimator)
        ^^^^^^^^^^^^^^^^^^^^^^^^^^^^^^^^^^^^^^^^^^^^^^^^^^^^^^^^^^^^^^^^^^^^^^^^^^^^^^^^
  File "C:\Users\youne\Desktop\AutoMLapp\.venv\Lib\site-packages\sklearn\utils\validation.py", line 1304, in _check_y
    y = y.astype(np.float64)
        ^^^^^^^^^^^^^^^^^^^^
ValueError: could not convert string to float: 'Setosa'

--------------------------------------------------------------------------------
9 fits failed with the following error:
Traceback (most recent call last):
  File "C:\Users\youne\Desktop\AutoMLapp\.venv\Lib\site-packages\sklearn\model_selection\_validation.py", line 895, in _fit_and_score
    estimator.fit(X_train, y_train, **fit_params)
  File "C:\Users\youne\Desktop\AutoMLapp\.venv\Lib\site-packages\pycaret\internal\pipeline.py", line 278, in fit
    fitted_estimator = self._memory_fit(
                       ^^^^^^^^^^^^^^^^^
  File "C:\Users\youne\Desktop\AutoMLapp\.venv\Lib\site-packages\joblib\memory.py", line 353, in __call__
    return self.func(*args, **kwargs)
           ^^^^^^^^^^^^^^^^^^^^^^^^^^
  File "C:\Users\youne\Desktop\AutoMLapp\.venv\Lib\site-packages\pycaret\internal\pipeline.py", line 69, in _fit_one
    transformer.fit(*args)
  File "C:\Users\youne\Desktop\AutoMLapp\.venv\Lib\site-packages\sklearn\base.py", line 1474, in wrapper
    return fit_method(estimator, *args, **kwargs)
           ^^^^^^^^^^^^^^^^^^^^^^^^^^^^^^^^^^^^^^
  File "C:\Users\youne\Desktop\AutoMLapp\.venv\Lib\site-packages\sklearn\linear_model\_least_angle.py", line 1146, in fit
    X, y = self._validate_data(X, y, y_numeric=True, multi_output=True)
           ^^^^^^^^^^^^^^^^^^^^^^^^^^^^^^^^^^^^^^^^^^^^^^^^^^^^^^^^^^^^
  File "C:\Users\youne\Desktop\AutoMLapp\.venv\Lib\site-packages\sklearn\base.py", line 650, in _validate_data
    X, y = check_X_y(X, y, **check_params)
           ^^^^^^^^^^^^^^^^^^^^^^^^^^^^^^^
  File "C:\Users\youne\Desktop\AutoMLapp\.venv\Lib\site-packages\sklearn\utils\validation.py", line 1279, in check_X_y
    y = _check_y(y, multi_output=multi_output, y_numeric=y_numeric, estimator=estimator)
        ^^^^^^^^^^^^^^^^^^^^^^^^^^^^^^^^^^^^^^^^^^^^^^^^^^^^^^^^^^^^^^^^^^^^^^^^^^^^^^^^
  File "C:\Users\youne\Desktop\AutoMLapp\.venv\Lib\site-packages\sklearn\utils\validation.py", line 1304, in _check_y
    y = y.astype(np.float64)
        ^^^^^^^^^^^^^^^^^^^^
ValueError: could not convert string to float: 'Versicolor'


2026-08-25 18:02:28,549:INFO:Initializing Lasso Least Angle Regression
2026-08-25 18:02:28,549:INFO:Total runtime is 0.1065709630648295 minutes
2026-08-25 18:02:28,549:INFO:SubProcess create_model() called ==================================
2026-08-25 18:02:28,550:INFO:Initializing create_model()
2026-08-25 18:02:28,550:INFO:create_model(self=<pycaret.regression.oop.RegressionExperiment object at 0x00000220CBD40450>, estimator=llar, fold=KFold(n_splits=10, random_state=None, shuffle=False), round=4, cross_validation=True, predict=True, fit_kwargs={}, groups=None, refit=False, probability_threshold=None, experiment_custom_tags=None, verbose=False, system=False, add_to_model_list=True, metrics=None, display=<pycaret.internal.display.display.CommonDisplay object at 0x000002211C6F2C10>, model_only=True, return_train_score=False, error_score=0.0, kwargs={})
2026-08-25 18:02:28,550:INFO:Checking exceptions
2026-08-25 18:02:28,550:INFO:Importing libraries
2026-08-25 18:02:28,550:INFO:Copying training dataset
2026-08-25 18:02:28,553:INFO:Defining folds
2026-08-25 18:02:28,553:INFO:Declaring metric variables
2026-08-25 18:02:28,553:INFO:Importing untrained model
2026-08-25 18:02:28,554:INFO:Lasso Least Angle Regression Imported successfully
2026-08-25 18:02:28,554:INFO:Starting cross validation
2026-08-25 18:02:28,554:INFO:Cross validating with KFold(n_splits=10, random_state=None, shuffle=False), n_jobs=-1
2026-08-25 18:02:28,606:WARNING:create_model() for llar raised an exception or returned all 0.0, trying without fit_kwargs:
2026-08-25 18:02:28,607:WARNING:Traceback (most recent call last):
  File "C:\Users\youne\Desktop\AutoMLapp\.venv\Lib\site-packages\pycaret\internal\pycaret_experiment\supervised_experiment.py", line 794, in compare_models
    model, model_fit_time = self._create_model(**create_model_args)
                            ^^^^^^^^^^^^^^^^^^^^^^^^^^^^^^^^^^^^^^^
  File "C:\Users\youne\Desktop\AutoMLapp\.venv\Lib\site-packages\pycaret\internal\pycaret_experiment\supervised_experiment.py", line 1533, in _create_model
    model, model_fit_time, model_results, _ = self._create_model_with_cv(
                                              ^^^^^^^^^^^^^^^^^^^^^^^^^^^
  File "C:\Users\youne\Desktop\AutoMLapp\.venv\Lib\site-packages\pycaret\internal\pycaret_experiment\supervised_experiment.py", line 1126, in _create_model_with_cv
    scores = cross_validate(
             ^^^^^^^^^^^^^^^
  File "C:\Users\youne\Desktop\AutoMLapp\.venv\Lib\site-packages\sklearn\utils\_param_validation.py", line 213, in wrapper
    return func(*args, **kwargs)
           ^^^^^^^^^^^^^^^^^^^^^
  File "C:\Users\youne\Desktop\AutoMLapp\.venv\Lib\site-packages\sklearn\model_selection\_validation.py", line 450, in cross_validate
    _warn_or_raise_about_fit_failures(results, error_score)
  File "C:\Users\youne\Desktop\AutoMLapp\.venv\Lib\site-packages\sklearn\model_selection\_validation.py", line 536, in _warn_or_raise_about_fit_failures
    raise ValueError(all_fits_failed_message)
ValueError: 
All the 10 fits failed.
It is very likely that your model is misconfigured.
You can try to debug the error by setting error_score='raise'.

Below are more details about the failures:
--------------------------------------------------------------------------------
1 fits failed with the following error:
Traceback (most recent call last):
  File "C:\Users\youne\Desktop\AutoMLapp\.venv\Lib\site-packages\sklearn\model_selection\_validation.py", line 895, in _fit_and_score
    estimator.fit(X_train, y_train, **fit_params)
  File "C:\Users\youne\Desktop\AutoMLapp\.venv\Lib\site-packages\pycaret\internal\pipeline.py", line 278, in fit
    fitted_estimator = self._memory_fit(
                       ^^^^^^^^^^^^^^^^^
  File "C:\Users\youne\Desktop\AutoMLapp\.venv\Lib\site-packages\joblib\memory.py", line 353, in __call__
    return self.func(*args, **kwargs)
           ^^^^^^^^^^^^^^^^^^^^^^^^^^
  File "C:\Users\youne\Desktop\AutoMLapp\.venv\Lib\site-packages\pycaret\internal\pipeline.py", line 69, in _fit_one
    transformer.fit(*args)
  File "C:\Users\youne\Desktop\AutoMLapp\.venv\Lib\site-packages\sklearn\base.py", line 1474, in wrapper
    return fit_method(estimator, *args, **kwargs)
           ^^^^^^^^^^^^^^^^^^^^^^^^^^^^^^^^^^^^^^
  File "C:\Users\youne\Desktop\AutoMLapp\.venv\Lib\site-packages\sklearn\linear_model\_least_angle.py", line 1146, in fit
    X, y = self._validate_data(X, y, y_numeric=True, multi_output=True)
           ^^^^^^^^^^^^^^^^^^^^^^^^^^^^^^^^^^^^^^^^^^^^^^^^^^^^^^^^^^^^
  File "C:\Users\youne\Desktop\AutoMLapp\.venv\Lib\site-packages\sklearn\base.py", line 650, in _validate_data
    X, y = check_X_y(X, y, **check_params)
           ^^^^^^^^^^^^^^^^^^^^^^^^^^^^^^^
  File "C:\Users\youne\Desktop\AutoMLapp\.venv\Lib\site-packages\sklearn\utils\validation.py", line 1279, in check_X_y
    y = _check_y(y, multi_output=multi_output, y_numeric=y_numeric, estimator=estimator)
        ^^^^^^^^^^^^^^^^^^^^^^^^^^^^^^^^^^^^^^^^^^^^^^^^^^^^^^^^^^^^^^^^^^^^^^^^^^^^^^^^
  File "C:\Users\youne\Desktop\AutoMLapp\.venv\Lib\site-packages\sklearn\utils\validation.py", line 1304, in _check_y
    y = y.astype(np.float64)
        ^^^^^^^^^^^^^^^^^^^^
ValueError: could not convert string to float: 'Setosa'

--------------------------------------------------------------------------------
9 fits failed with the following error:
Traceback (most recent call last):
  File "C:\Users\youne\Desktop\AutoMLapp\.venv\Lib\site-packages\sklearn\model_selection\_validation.py", line 895, in _fit_and_score
    estimator.fit(X_train, y_train, **fit_params)
  File "C:\Users\youne\Desktop\AutoMLapp\.venv\Lib\site-packages\pycaret\internal\pipeline.py", line 278, in fit
    fitted_estimator = self._memory_fit(
                       ^^^^^^^^^^^^^^^^^
  File "C:\Users\youne\Desktop\AutoMLapp\.venv\Lib\site-packages\joblib\memory.py", line 353, in __call__
    return self.func(*args, **kwargs)
           ^^^^^^^^^^^^^^^^^^^^^^^^^^
  File "C:\Users\youne\Desktop\AutoMLapp\.venv\Lib\site-packages\pycaret\internal\pipeline.py", line 69, in _fit_one
    transformer.fit(*args)
  File "C:\Users\youne\Desktop\AutoMLapp\.venv\Lib\site-packages\sklearn\base.py", line 1474, in wrapper
    return fit_method(estimator, *args, **kwargs)
           ^^^^^^^^^^^^^^^^^^^^^^^^^^^^^^^^^^^^^^
  File "C:\Users\youne\Desktop\AutoMLapp\.venv\Lib\site-packages\sklearn\linear_model\_least_angle.py", line 1146, in fit
    X, y = self._validate_data(X, y, y_numeric=True, multi_output=True)
           ^^^^^^^^^^^^^^^^^^^^^^^^^^^^^^^^^^^^^^^^^^^^^^^^^^^^^^^^^^^^
  File "C:\Users\youne\Desktop\AutoMLapp\.venv\Lib\site-packages\sklearn\base.py", line 650, in _validate_data
    X, y = check_X_y(X, y, **check_params)
           ^^^^^^^^^^^^^^^^^^^^^^^^^^^^^^^
  File "C:\Users\youne\Desktop\AutoMLapp\.venv\Lib\site-packages\sklearn\utils\validation.py", line 1279, in check_X_y
    y = _check_y(y, multi_output=multi_output, y_numeric=y_numeric, estimator=estimator)
        ^^^^^^^^^^^^^^^^^^^^^^^^^^^^^^^^^^^^^^^^^^^^^^^^^^^^^^^^^^^^^^^^^^^^^^^^^^^^^^^^
  File "C:\Users\youne\Desktop\AutoMLapp\.venv\Lib\site-packages\sklearn\utils\validation.py", line 1304, in _check_y
    y = y.astype(np.float64)
        ^^^^^^^^^^^^^^^^^^^^
ValueError: could not convert string to float: 'Versicolor'


2026-08-25 18:02:28,607:INFO:Initializing create_model()
2026-08-25 18:02:28,607:INFO:create_model(self=<pycaret.regression.oop.RegressionExperiment object at 0x00000220CBD40450>, estimator=llar, fold=KFold(n_splits=10, random_state=None, shuffle=False), round=4, cross_validation=True, predict=True, fit_kwargs={}, groups=None, refit=False, probability_threshold=None, experiment_custom_tags=None, verbose=False, system=False, add_to_model_list=True, metrics=None, display=<pycaret.internal.display.display.CommonDisplay object at 0x000002211C6F2C10>, model_only=True, return_train_score=False, error_score=0.0, kwargs={})
2026-08-25 18:02:28,607:INFO:Checking exceptions
2026-08-25 18:02:28,607:INFO:Importing libraries
2026-08-25 18:02:28,607:INFO:Copying training dataset
2026-08-25 18:02:28,610:INFO:Defining folds
2026-08-25 18:02:28,611:INFO:Declaring metric variables
2026-08-25 18:02:28,611:INFO:Importing untrained model
2026-08-25 18:02:28,611:INFO:Lasso Least Angle Regression Imported successfully
2026-08-25 18:02:28,611:INFO:Starting cross validation
2026-08-25 18:02:28,612:INFO:Cross validating with KFold(n_splits=10, random_state=None, shuffle=False), n_jobs=-1
2026-08-25 18:02:28,666:ERROR:create_model() for llar raised an exception or returned all 0.0:
2026-08-25 18:02:28,668:ERROR:Traceback (most recent call last):
  File "C:\Users\youne\Desktop\AutoMLapp\.venv\Lib\site-packages\pycaret\internal\pycaret_experiment\supervised_experiment.py", line 794, in compare_models
    model, model_fit_time = self._create_model(**create_model_args)
                            ^^^^^^^^^^^^^^^^^^^^^^^^^^^^^^^^^^^^^^^
  File "C:\Users\youne\Desktop\AutoMLapp\.venv\Lib\site-packages\pycaret\internal\pycaret_experiment\supervised_experiment.py", line 1533, in _create_model
    model, model_fit_time, model_results, _ = self._create_model_with_cv(
                                              ^^^^^^^^^^^^^^^^^^^^^^^^^^^
  File "C:\Users\youne\Desktop\AutoMLapp\.venv\Lib\site-packages\pycaret\internal\pycaret_experiment\supervised_experiment.py", line 1126, in _create_model_with_cv
    scores = cross_validate(
             ^^^^^^^^^^^^^^^
  File "C:\Users\youne\Desktop\AutoMLapp\.venv\Lib\site-packages\sklearn\utils\_param_validation.py", line 213, in wrapper
    return func(*args, **kwargs)
           ^^^^^^^^^^^^^^^^^^^^^
  File "C:\Users\youne\Desktop\AutoMLapp\.venv\Lib\site-packages\sklearn\model_selection\_validation.py", line 450, in cross_validate
    _warn_or_raise_about_fit_failures(results, error_score)
  File "C:\Users\youne\Desktop\AutoMLapp\.venv\Lib\site-packages\sklearn\model_selection\_validation.py", line 536, in _warn_or_raise_about_fit_failures
    raise ValueError(all_fits_failed_message)
ValueError: 
All the 10 fits failed.
It is very likely that your model is misconfigured.
You can try to debug the error by setting error_score='raise'.

Below are more details about the failures:
--------------------------------------------------------------------------------
1 fits failed with the following error:
Traceback (most recent call last):
  File "C:\Users\youne\Desktop\AutoMLapp\.venv\Lib\site-packages\sklearn\model_selection\_validation.py", line 895, in _fit_and_score
    estimator.fit(X_train, y_train, **fit_params)
  File "C:\Users\youne\Desktop\AutoMLapp\.venv\Lib\site-packages\pycaret\internal\pipeline.py", line 278, in fit
    fitted_estimator = self._memory_fit(
                       ^^^^^^^^^^^^^^^^^
  File "C:\Users\youne\Desktop\AutoMLapp\.venv\Lib\site-packages\joblib\memory.py", line 353, in __call__
    return self.func(*args, **kwargs)
           ^^^^^^^^^^^^^^^^^^^^^^^^^^
  File "C:\Users\youne\Desktop\AutoMLapp\.venv\Lib\site-packages\pycaret\internal\pipeline.py", line 69, in _fit_one
    transformer.fit(*args)
  File "C:\Users\youne\Desktop\AutoMLapp\.venv\Lib\site-packages\sklearn\base.py", line 1474, in wrapper
    return fit_method(estimator, *args, **kwargs)
           ^^^^^^^^^^^^^^^^^^^^^^^^^^^^^^^^^^^^^^
  File "C:\Users\youne\Desktop\AutoMLapp\.venv\Lib\site-packages\sklearn\linear_model\_least_angle.py", line 1146, in fit
    X, y = self._validate_data(X, y, y_numeric=True, multi_output=True)
           ^^^^^^^^^^^^^^^^^^^^^^^^^^^^^^^^^^^^^^^^^^^^^^^^^^^^^^^^^^^^
  File "C:\Users\youne\Desktop\AutoMLapp\.venv\Lib\site-packages\sklearn\base.py", line 650, in _validate_data
    X, y = check_X_y(X, y, **check_params)
           ^^^^^^^^^^^^^^^^^^^^^^^^^^^^^^^
  File "C:\Users\youne\Desktop\AutoMLapp\.venv\Lib\site-packages\sklearn\utils\validation.py", line 1279, in check_X_y
    y = _check_y(y, multi_output=multi_output, y_numeric=y_numeric, estimator=estimator)
        ^^^^^^^^^^^^^^^^^^^^^^^^^^^^^^^^^^^^^^^^^^^^^^^^^^^^^^^^^^^^^^^^^^^^^^^^^^^^^^^^
  File "C:\Users\youne\Desktop\AutoMLapp\.venv\Lib\site-packages\sklearn\utils\validation.py", line 1304, in _check_y
    y = y.astype(np.float64)
        ^^^^^^^^^^^^^^^^^^^^
ValueError: could not convert string to float: 'Setosa'

--------------------------------------------------------------------------------
9 fits failed with the following error:
Traceback (most recent call last):
  File "C:\Users\youne\Desktop\AutoMLapp\.venv\Lib\site-packages\sklearn\model_selection\_validation.py", line 895, in _fit_and_score
    estimator.fit(X_train, y_train, **fit_params)
  File "C:\Users\youne\Desktop\AutoMLapp\.venv\Lib\site-packages\pycaret\internal\pipeline.py", line 278, in fit
    fitted_estimator = self._memory_fit(
                       ^^^^^^^^^^^^^^^^^
  File "C:\Users\youne\Desktop\AutoMLapp\.venv\Lib\site-packages\joblib\memory.py", line 353, in __call__
    return self.func(*args, **kwargs)
           ^^^^^^^^^^^^^^^^^^^^^^^^^^
  File "C:\Users\youne\Desktop\AutoMLapp\.venv\Lib\site-packages\pycaret\internal\pipeline.py", line 69, in _fit_one
    transformer.fit(*args)
  File "C:\Users\youne\Desktop\AutoMLapp\.venv\Lib\site-packages\sklearn\base.py", line 1474, in wrapper
    return fit_method(estimator, *args, **kwargs)
           ^^^^^^^^^^^^^^^^^^^^^^^^^^^^^^^^^^^^^^
  File "C:\Users\youne\Desktop\AutoMLapp\.venv\Lib\site-packages\sklearn\linear_model\_least_angle.py", line 1146, in fit
    X, y = self._validate_data(X, y, y_numeric=True, multi_output=True)
           ^^^^^^^^^^^^^^^^^^^^^^^^^^^^^^^^^^^^^^^^^^^^^^^^^^^^^^^^^^^^
  File "C:\Users\youne\Desktop\AutoMLapp\.venv\Lib\site-packages\sklearn\base.py", line 650, in _validate_data
    X, y = check_X_y(X, y, **check_params)
           ^^^^^^^^^^^^^^^^^^^^^^^^^^^^^^^
  File "C:\Users\youne\Desktop\AutoMLapp\.venv\Lib\site-packages\sklearn\utils\validation.py", line 1279, in check_X_y
    y = _check_y(y, multi_output=multi_output, y_numeric=y_numeric, estimator=estimator)
        ^^^^^^^^^^^^^^^^^^^^^^^^^^^^^^^^^^^^^^^^^^^^^^^^^^^^^^^^^^^^^^^^^^^^^^^^^^^^^^^^
  File "C:\Users\youne\Desktop\AutoMLapp\.venv\Lib\site-packages\sklearn\utils\validation.py", line 1304, in _check_y
    y = y.astype(np.float64)
        ^^^^^^^^^^^^^^^^^^^^
ValueError: could not convert string to float: 'Versicolor'


During handling of the above exception, another exception occurred:

Traceback (most recent call last):
  File "C:\Users\youne\Desktop\AutoMLapp\.venv\Lib\site-packages\pycaret\internal\pycaret_experiment\supervised_experiment.py", line 815, in compare_models
    model, model_fit_time = self._create_model(**create_model_args)
                            ^^^^^^^^^^^^^^^^^^^^^^^^^^^^^^^^^^^^^^^
  File "C:\Users\youne\Desktop\AutoMLapp\.venv\Lib\site-packages\pycaret\internal\pycaret_experiment\supervised_experiment.py", line 1533, in _create_model
    model, model_fit_time, model_results, _ = self._create_model_with_cv(
                                              ^^^^^^^^^^^^^^^^^^^^^^^^^^^
  File "C:\Users\youne\Desktop\AutoMLapp\.venv\Lib\site-packages\pycaret\internal\pycaret_experiment\supervised_experiment.py", line 1126, in _create_model_with_cv
    scores = cross_validate(
             ^^^^^^^^^^^^^^^
  File "C:\Users\youne\Desktop\AutoMLapp\.venv\Lib\site-packages\sklearn\utils\_param_validation.py", line 213, in wrapper
    return func(*args, **kwargs)
           ^^^^^^^^^^^^^^^^^^^^^
  File "C:\Users\youne\Desktop\AutoMLapp\.venv\Lib\site-packages\sklearn\model_selection\_validation.py", line 450, in cross_validate
    _warn_or_raise_about_fit_failures(results, error_score)
  File "C:\Users\youne\Desktop\AutoMLapp\.venv\Lib\site-packages\sklearn\model_selection\_validation.py", line 536, in _warn_or_raise_about_fit_failures
    raise ValueError(all_fits_failed_message)
ValueError: 
All the 10 fits failed.
It is very likely that your model is misconfigured.
You can try to debug the error by setting error_score='raise'.

Below are more details about the failures:
--------------------------------------------------------------------------------
1 fits failed with the following error:
Traceback (most recent call last):
  File "C:\Users\youne\Desktop\AutoMLapp\.venv\Lib\site-packages\sklearn\model_selection\_validation.py", line 895, in _fit_and_score
    estimator.fit(X_train, y_train, **fit_params)
  File "C:\Users\youne\Desktop\AutoMLapp\.venv\Lib\site-packages\pycaret\internal\pipeline.py", line 278, in fit
    fitted_estimator = self._memory_fit(
                       ^^^^^^^^^^^^^^^^^
  File "C:\Users\youne\Desktop\AutoMLapp\.venv\Lib\site-packages\joblib\memory.py", line 353, in __call__
    return self.func(*args, **kwargs)
           ^^^^^^^^^^^^^^^^^^^^^^^^^^
  File "C:\Users\youne\Desktop\AutoMLapp\.venv\Lib\site-packages\pycaret\internal\pipeline.py", line 69, in _fit_one
    transformer.fit(*args)
  File "C:\Users\youne\Desktop\AutoMLapp\.venv\Lib\site-packages\sklearn\base.py", line 1474, in wrapper
    return fit_method(estimator, *args, **kwargs)
           ^^^^^^^^^^^^^^^^^^^^^^^^^^^^^^^^^^^^^^
  File "C:\Users\youne\Desktop\AutoMLapp\.venv\Lib\site-packages\sklearn\linear_model\_least_angle.py", line 1146, in fit
    X, y = self._validate_data(X, y, y_numeric=True, multi_output=True)
           ^^^^^^^^^^^^^^^^^^^^^^^^^^^^^^^^^^^^^^^^^^^^^^^^^^^^^^^^^^^^
  File "C:\Users\youne\Desktop\AutoMLapp\.venv\Lib\site-packages\sklearn\base.py", line 650, in _validate_data
    X, y = check_X_y(X, y, **check_params)
           ^^^^^^^^^^^^^^^^^^^^^^^^^^^^^^^
  File "C:\Users\youne\Desktop\AutoMLapp\.venv\Lib\site-packages\sklearn\utils\validation.py", line 1279, in check_X_y
    y = _check_y(y, multi_output=multi_output, y_numeric=y_numeric, estimator=estimator)
        ^^^^^^^^^^^^^^^^^^^^^^^^^^^^^^^^^^^^^^^^^^^^^^^^^^^^^^^^^^^^^^^^^^^^^^^^^^^^^^^^
  File "C:\Users\youne\Desktop\AutoMLapp\.venv\Lib\site-packages\sklearn\utils\validation.py", line 1304, in _check_y
    y = y.astype(np.float64)
        ^^^^^^^^^^^^^^^^^^^^
ValueError: could not convert string to float: 'Setosa'

--------------------------------------------------------------------------------
9 fits failed with the following error:
Traceback (most recent call last):
  File "C:\Users\youne\Desktop\AutoMLapp\.venv\Lib\site-packages\sklearn\model_selection\_validation.py", line 895, in _fit_and_score
    estimator.fit(X_train, y_train, **fit_params)
  File "C:\Users\youne\Desktop\AutoMLapp\.venv\Lib\site-packages\pycaret\internal\pipeline.py", line 278, in fit
    fitted_estimator = self._memory_fit(
                       ^^^^^^^^^^^^^^^^^
  File "C:\Users\youne\Desktop\AutoMLapp\.venv\Lib\site-packages\joblib\memory.py", line 353, in __call__
    return self.func(*args, **kwargs)
           ^^^^^^^^^^^^^^^^^^^^^^^^^^
  File "C:\Users\youne\Desktop\AutoMLapp\.venv\Lib\site-packages\pycaret\internal\pipeline.py", line 69, in _fit_one
    transformer.fit(*args)
  File "C:\Users\youne\Desktop\AutoMLapp\.venv\Lib\site-packages\sklearn\base.py", line 1474, in wrapper
    return fit_method(estimator, *args, **kwargs)
           ^^^^^^^^^^^^^^^^^^^^^^^^^^^^^^^^^^^^^^
  File "C:\Users\youne\Desktop\AutoMLapp\.venv\Lib\site-packages\sklearn\linear_model\_least_angle.py", line 1146, in fit
    X, y = self._validate_data(X, y, y_numeric=True, multi_output=True)
           ^^^^^^^^^^^^^^^^^^^^^^^^^^^^^^^^^^^^^^^^^^^^^^^^^^^^^^^^^^^^
  File "C:\Users\youne\Desktop\AutoMLapp\.venv\Lib\site-packages\sklearn\base.py", line 650, in _validate_data
    X, y = check_X_y(X, y, **check_params)
           ^^^^^^^^^^^^^^^^^^^^^^^^^^^^^^^
  File "C:\Users\youne\Desktop\AutoMLapp\.venv\Lib\site-packages\sklearn\utils\validation.py", line 1279, in check_X_y
    y = _check_y(y, multi_output=multi_output, y_numeric=y_numeric, estimator=estimator)
        ^^^^^^^^^^^^^^^^^^^^^^^^^^^^^^^^^^^^^^^^^^^^^^^^^^^^^^^^^^^^^^^^^^^^^^^^^^^^^^^^
  File "C:\Users\youne\Desktop\AutoMLapp\.venv\Lib\site-packages\sklearn\utils\validation.py", line 1304, in _check_y
    y = y.astype(np.float64)
        ^^^^^^^^^^^^^^^^^^^^
ValueError: could not convert string to float: 'Versicolor'


2026-08-25 18:02:28,669:INFO:Initializing Orthogonal Matching Pursuit
2026-08-25 18:02:28,669:INFO:Total runtime is 0.10857059558232623 minutes
2026-08-25 18:02:28,669:INFO:SubProcess create_model() called ==================================
2026-08-25 18:02:28,669:INFO:Initializing create_model()
2026-08-25 18:02:28,669:INFO:create_model(self=<pycaret.regression.oop.RegressionExperiment object at 0x00000220CBD40450>, estimator=omp, fold=KFold(n_splits=10, random_state=None, shuffle=False), round=4, cross_validation=True, predict=True, fit_kwargs={}, groups=None, refit=False, probability_threshold=None, experiment_custom_tags=None, verbose=False, system=False, add_to_model_list=True, metrics=None, display=<pycaret.internal.display.display.CommonDisplay object at 0x000002211C6F2C10>, model_only=True, return_train_score=False, error_score=0.0, kwargs={})
2026-08-25 18:02:28,669:INFO:Checking exceptions
2026-08-25 18:02:28,669:INFO:Importing libraries
2026-08-25 18:02:28,669:INFO:Copying training dataset
2026-08-25 18:02:28,672:INFO:Defining folds
2026-08-25 18:02:28,672:INFO:Declaring metric variables
2026-08-25 18:02:28,672:INFO:Importing untrained model
2026-08-25 18:02:28,672:INFO:Orthogonal Matching Pursuit Imported successfully
2026-08-25 18:02:28,672:INFO:Starting cross validation
2026-08-25 18:02:28,673:INFO:Cross validating with KFold(n_splits=10, random_state=None, shuffle=False), n_jobs=-1
2026-08-25 18:02:28,730:WARNING:create_model() for omp raised an exception or returned all 0.0, trying without fit_kwargs:
2026-08-25 18:02:28,730:WARNING:Traceback (most recent call last):
  File "C:\Users\youne\Desktop\AutoMLapp\.venv\Lib\site-packages\pycaret\internal\pycaret_experiment\supervised_experiment.py", line 794, in compare_models
    model, model_fit_time = self._create_model(**create_model_args)
                            ^^^^^^^^^^^^^^^^^^^^^^^^^^^^^^^^^^^^^^^
  File "C:\Users\youne\Desktop\AutoMLapp\.venv\Lib\site-packages\pycaret\internal\pycaret_experiment\supervised_experiment.py", line 1533, in _create_model
    model, model_fit_time, model_results, _ = self._create_model_with_cv(
                                              ^^^^^^^^^^^^^^^^^^^^^^^^^^^
  File "C:\Users\youne\Desktop\AutoMLapp\.venv\Lib\site-packages\pycaret\internal\pycaret_experiment\supervised_experiment.py", line 1126, in _create_model_with_cv
    scores = cross_validate(
             ^^^^^^^^^^^^^^^
  File "C:\Users\youne\Desktop\AutoMLapp\.venv\Lib\site-packages\sklearn\utils\_param_validation.py", line 213, in wrapper
    return func(*args, **kwargs)
           ^^^^^^^^^^^^^^^^^^^^^
  File "C:\Users\youne\Desktop\AutoMLapp\.venv\Lib\site-packages\sklearn\model_selection\_validation.py", line 450, in cross_validate
    _warn_or_raise_about_fit_failures(results, error_score)
  File "C:\Users\youne\Desktop\AutoMLapp\.venv\Lib\site-packages\sklearn\model_selection\_validation.py", line 536, in _warn_or_raise_about_fit_failures
    raise ValueError(all_fits_failed_message)
ValueError: 
All the 10 fits failed.
It is very likely that your model is misconfigured.
You can try to debug the error by setting error_score='raise'.

Below are more details about the failures:
--------------------------------------------------------------------------------
1 fits failed with the following error:
Traceback (most recent call last):
  File "C:\Users\youne\Desktop\AutoMLapp\.venv\Lib\site-packages\sklearn\model_selection\_validation.py", line 895, in _fit_and_score
    estimator.fit(X_train, y_train, **fit_params)
  File "C:\Users\youne\Desktop\AutoMLapp\.venv\Lib\site-packages\pycaret\internal\pipeline.py", line 278, in fit
    fitted_estimator = self._memory_fit(
                       ^^^^^^^^^^^^^^^^^
  File "C:\Users\youne\Desktop\AutoMLapp\.venv\Lib\site-packages\joblib\memory.py", line 353, in __call__
    return self.func(*args, **kwargs)
           ^^^^^^^^^^^^^^^^^^^^^^^^^^
  File "C:\Users\youne\Desktop\AutoMLapp\.venv\Lib\site-packages\pycaret\internal\pipeline.py", line 69, in _fit_one
    transformer.fit(*args)
  File "C:\Users\youne\Desktop\AutoMLapp\.venv\Lib\site-packages\sklearn\base.py", line 1474, in wrapper
    return fit_method(estimator, *args, **kwargs)
           ^^^^^^^^^^^^^^^^^^^^^^^^^^^^^^^^^^^^^^
  File "C:\Users\youne\Desktop\AutoMLapp\.venv\Lib\site-packages\sklearn\linear_model\_omp.py", line 750, in fit
    X, y = self._validate_data(X, y, multi_output=True, y_numeric=True)
           ^^^^^^^^^^^^^^^^^^^^^^^^^^^^^^^^^^^^^^^^^^^^^^^^^^^^^^^^^^^^
  File "C:\Users\youne\Desktop\AutoMLapp\.venv\Lib\site-packages\sklearn\base.py", line 650, in _validate_data
    X, y = check_X_y(X, y, **check_params)
           ^^^^^^^^^^^^^^^^^^^^^^^^^^^^^^^
  File "C:\Users\youne\Desktop\AutoMLapp\.venv\Lib\site-packages\sklearn\utils\validation.py", line 1279, in check_X_y
    y = _check_y(y, multi_output=multi_output, y_numeric=y_numeric, estimator=estimator)
        ^^^^^^^^^^^^^^^^^^^^^^^^^^^^^^^^^^^^^^^^^^^^^^^^^^^^^^^^^^^^^^^^^^^^^^^^^^^^^^^^
  File "C:\Users\youne\Desktop\AutoMLapp\.venv\Lib\site-packages\sklearn\utils\validation.py", line 1304, in _check_y
    y = y.astype(np.float64)
        ^^^^^^^^^^^^^^^^^^^^
ValueError: could not convert string to float: 'Setosa'

--------------------------------------------------------------------------------
9 fits failed with the following error:
Traceback (most recent call last):
  File "C:\Users\youne\Desktop\AutoMLapp\.venv\Lib\site-packages\sklearn\model_selection\_validation.py", line 895, in _fit_and_score
    estimator.fit(X_train, y_train, **fit_params)
  File "C:\Users\youne\Desktop\AutoMLapp\.venv\Lib\site-packages\pycaret\internal\pipeline.py", line 278, in fit
    fitted_estimator = self._memory_fit(
                       ^^^^^^^^^^^^^^^^^
  File "C:\Users\youne\Desktop\AutoMLapp\.venv\Lib\site-packages\joblib\memory.py", line 353, in __call__
    return self.func(*args, **kwargs)
           ^^^^^^^^^^^^^^^^^^^^^^^^^^
  File "C:\Users\youne\Desktop\AutoMLapp\.venv\Lib\site-packages\pycaret\internal\pipeline.py", line 69, in _fit_one
    transformer.fit(*args)
  File "C:\Users\youne\Desktop\AutoMLapp\.venv\Lib\site-packages\sklearn\base.py", line 1474, in wrapper
    return fit_method(estimator, *args, **kwargs)
           ^^^^^^^^^^^^^^^^^^^^^^^^^^^^^^^^^^^^^^
  File "C:\Users\youne\Desktop\AutoMLapp\.venv\Lib\site-packages\sklearn\linear_model\_omp.py", line 750, in fit
    X, y = self._validate_data(X, y, multi_output=True, y_numeric=True)
           ^^^^^^^^^^^^^^^^^^^^^^^^^^^^^^^^^^^^^^^^^^^^^^^^^^^^^^^^^^^^
  File "C:\Users\youne\Desktop\AutoMLapp\.venv\Lib\site-packages\sklearn\base.py", line 650, in _validate_data
    X, y = check_X_y(X, y, **check_params)
           ^^^^^^^^^^^^^^^^^^^^^^^^^^^^^^^
  File "C:\Users\youne\Desktop\AutoMLapp\.venv\Lib\site-packages\sklearn\utils\validation.py", line 1279, in check_X_y
    y = _check_y(y, multi_output=multi_output, y_numeric=y_numeric, estimator=estimator)
        ^^^^^^^^^^^^^^^^^^^^^^^^^^^^^^^^^^^^^^^^^^^^^^^^^^^^^^^^^^^^^^^^^^^^^^^^^^^^^^^^
  File "C:\Users\youne\Desktop\AutoMLapp\.venv\Lib\site-packages\sklearn\utils\validation.py", line 1304, in _check_y
    y = y.astype(np.float64)
        ^^^^^^^^^^^^^^^^^^^^
ValueError: could not convert string to float: 'Versicolor'


2026-08-25 18:02:28,731:INFO:Initializing create_model()
2026-08-25 18:02:28,731:INFO:create_model(self=<pycaret.regression.oop.RegressionExperiment object at 0x00000220CBD40450>, estimator=omp, fold=KFold(n_splits=10, random_state=None, shuffle=False), round=4, cross_validation=True, predict=True, fit_kwargs={}, groups=None, refit=False, probability_threshold=None, experiment_custom_tags=None, verbose=False, system=False, add_to_model_list=True, metrics=None, display=<pycaret.internal.display.display.CommonDisplay object at 0x000002211C6F2C10>, model_only=True, return_train_score=False, error_score=0.0, kwargs={})
2026-08-25 18:02:28,731:INFO:Checking exceptions
2026-08-25 18:02:28,731:INFO:Importing libraries
2026-08-25 18:02:28,731:INFO:Copying training dataset
2026-08-25 18:02:28,734:INFO:Defining folds
2026-08-25 18:02:28,734:INFO:Declaring metric variables
2026-08-25 18:02:28,734:INFO:Importing untrained model
2026-08-25 18:02:28,734:INFO:Orthogonal Matching Pursuit Imported successfully
2026-08-25 18:02:28,734:INFO:Starting cross validation
2026-08-25 18:02:28,735:INFO:Cross validating with KFold(n_splits=10, random_state=None, shuffle=False), n_jobs=-1
2026-08-25 18:02:28,776:ERROR:create_model() for omp raised an exception or returned all 0.0:
2026-08-25 18:02:28,777:ERROR:Traceback (most recent call last):
  File "C:\Users\youne\Desktop\AutoMLapp\.venv\Lib\site-packages\pycaret\internal\pycaret_experiment\supervised_experiment.py", line 794, in compare_models
    model, model_fit_time = self._create_model(**create_model_args)
                            ^^^^^^^^^^^^^^^^^^^^^^^^^^^^^^^^^^^^^^^
  File "C:\Users\youne\Desktop\AutoMLapp\.venv\Lib\site-packages\pycaret\internal\pycaret_experiment\supervised_experiment.py", line 1533, in _create_model
    model, model_fit_time, model_results, _ = self._create_model_with_cv(
                                              ^^^^^^^^^^^^^^^^^^^^^^^^^^^
  File "C:\Users\youne\Desktop\AutoMLapp\.venv\Lib\site-packages\pycaret\internal\pycaret_experiment\supervised_experiment.py", line 1126, in _create_model_with_cv
    scores = cross_validate(
             ^^^^^^^^^^^^^^^
  File "C:\Users\youne\Desktop\AutoMLapp\.venv\Lib\site-packages\sklearn\utils\_param_validation.py", line 213, in wrapper
    return func(*args, **kwargs)
           ^^^^^^^^^^^^^^^^^^^^^
  File "C:\Users\youne\Desktop\AutoMLapp\.venv\Lib\site-packages\sklearn\model_selection\_validation.py", line 450, in cross_validate
    _warn_or_raise_about_fit_failures(results, error_score)
  File "C:\Users\youne\Desktop\AutoMLapp\.venv\Lib\site-packages\sklearn\model_selection\_validation.py", line 536, in _warn_or_raise_about_fit_failures
    raise ValueError(all_fits_failed_message)
ValueError: 
All the 10 fits failed.
It is very likely that your model is misconfigured.
You can try to debug the error by setting error_score='raise'.

Below are more details about the failures:
--------------------------------------------------------------------------------
1 fits failed with the following error:
Traceback (most recent call last):
  File "C:\Users\youne\Desktop\AutoMLapp\.venv\Lib\site-packages\sklearn\model_selection\_validation.py", line 895, in _fit_and_score
    estimator.fit(X_train, y_train, **fit_params)
  File "C:\Users\youne\Desktop\AutoMLapp\.venv\Lib\site-packages\pycaret\internal\pipeline.py", line 278, in fit
    fitted_estimator = self._memory_fit(
                       ^^^^^^^^^^^^^^^^^
  File "C:\Users\youne\Desktop\AutoMLapp\.venv\Lib\site-packages\joblib\memory.py", line 353, in __call__
    return self.func(*args, **kwargs)
           ^^^^^^^^^^^^^^^^^^^^^^^^^^
  File "C:\Users\youne\Desktop\AutoMLapp\.venv\Lib\site-packages\pycaret\internal\pipeline.py", line 69, in _fit_one
    transformer.fit(*args)
  File "C:\Users\youne\Desktop\AutoMLapp\.venv\Lib\site-packages\sklearn\base.py", line 1474, in wrapper
    return fit_method(estimator, *args, **kwargs)
           ^^^^^^^^^^^^^^^^^^^^^^^^^^^^^^^^^^^^^^
  File "C:\Users\youne\Desktop\AutoMLapp\.venv\Lib\site-packages\sklearn\linear_model\_omp.py", line 750, in fit
    X, y = self._validate_data(X, y, multi_output=True, y_numeric=True)
           ^^^^^^^^^^^^^^^^^^^^^^^^^^^^^^^^^^^^^^^^^^^^^^^^^^^^^^^^^^^^
  File "C:\Users\youne\Desktop\AutoMLapp\.venv\Lib\site-packages\sklearn\base.py", line 650, in _validate_data
    X, y = check_X_y(X, y, **check_params)
           ^^^^^^^^^^^^^^^^^^^^^^^^^^^^^^^
  File "C:\Users\youne\Desktop\AutoMLapp\.venv\Lib\site-packages\sklearn\utils\validation.py", line 1279, in check_X_y
    y = _check_y(y, multi_output=multi_output, y_numeric=y_numeric, estimator=estimator)
        ^^^^^^^^^^^^^^^^^^^^^^^^^^^^^^^^^^^^^^^^^^^^^^^^^^^^^^^^^^^^^^^^^^^^^^^^^^^^^^^^
  File "C:\Users\youne\Desktop\AutoMLapp\.venv\Lib\site-packages\sklearn\utils\validation.py", line 1304, in _check_y
    y = y.astype(np.float64)
        ^^^^^^^^^^^^^^^^^^^^
ValueError: could not convert string to float: 'Setosa'

--------------------------------------------------------------------------------
9 fits failed with the following error:
Traceback (most recent call last):
  File "C:\Users\youne\Desktop\AutoMLapp\.venv\Lib\site-packages\sklearn\model_selection\_validation.py", line 895, in _fit_and_score
    estimator.fit(X_train, y_train, **fit_params)
  File "C:\Users\youne\Desktop\AutoMLapp\.venv\Lib\site-packages\pycaret\internal\pipeline.py", line 278, in fit
    fitted_estimator = self._memory_fit(
                       ^^^^^^^^^^^^^^^^^
  File "C:\Users\youne\Desktop\AutoMLapp\.venv\Lib\site-packages\joblib\memory.py", line 353, in __call__
    return self.func(*args, **kwargs)
           ^^^^^^^^^^^^^^^^^^^^^^^^^^
  File "C:\Users\youne\Desktop\AutoMLapp\.venv\Lib\site-packages\pycaret\internal\pipeline.py", line 69, in _fit_one
    transformer.fit(*args)
  File "C:\Users\youne\Desktop\AutoMLapp\.venv\Lib\site-packages\sklearn\base.py", line 1474, in wrapper
    return fit_method(estimator, *args, **kwargs)
           ^^^^^^^^^^^^^^^^^^^^^^^^^^^^^^^^^^^^^^
  File "C:\Users\youne\Desktop\AutoMLapp\.venv\Lib\site-packages\sklearn\linear_model\_omp.py", line 750, in fit
    X, y = self._validate_data(X, y, multi_output=True, y_numeric=True)
           ^^^^^^^^^^^^^^^^^^^^^^^^^^^^^^^^^^^^^^^^^^^^^^^^^^^^^^^^^^^^
  File "C:\Users\youne\Desktop\AutoMLapp\.venv\Lib\site-packages\sklearn\base.py", line 650, in _validate_data
    X, y = check_X_y(X, y, **check_params)
           ^^^^^^^^^^^^^^^^^^^^^^^^^^^^^^^
  File "C:\Users\youne\Desktop\AutoMLapp\.venv\Lib\site-packages\sklearn\utils\validation.py", line 1279, in check_X_y
    y = _check_y(y, multi_output=multi_output, y_numeric=y_numeric, estimator=estimator)
        ^^^^^^^^^^^^^^^^^^^^^^^^^^^^^^^^^^^^^^^^^^^^^^^^^^^^^^^^^^^^^^^^^^^^^^^^^^^^^^^^
  File "C:\Users\youne\Desktop\AutoMLapp\.venv\Lib\site-packages\sklearn\utils\validation.py", line 1304, in _check_y
    y = y.astype(np.float64)
        ^^^^^^^^^^^^^^^^^^^^
ValueError: could not convert string to float: 'Versicolor'


During handling of the above exception, another exception occurred:

Traceback (most recent call last):
  File "C:\Users\youne\Desktop\AutoMLapp\.venv\Lib\site-packages\pycaret\internal\pycaret_experiment\supervised_experiment.py", line 815, in compare_models
    model, model_fit_time = self._create_model(**create_model_args)
                            ^^^^^^^^^^^^^^^^^^^^^^^^^^^^^^^^^^^^^^^
  File "C:\Users\youne\Desktop\AutoMLapp\.venv\Lib\site-packages\pycaret\internal\pycaret_experiment\supervised_experiment.py", line 1533, in _create_model
    model, model_fit_time, model_results, _ = self._create_model_with_cv(
                                              ^^^^^^^^^^^^^^^^^^^^^^^^^^^
  File "C:\Users\youne\Desktop\AutoMLapp\.venv\Lib\site-packages\pycaret\internal\pycaret_experiment\supervised_experiment.py", line 1126, in _create_model_with_cv
    scores = cross_validate(
             ^^^^^^^^^^^^^^^
  File "C:\Users\youne\Desktop\AutoMLapp\.venv\Lib\site-packages\sklearn\utils\_param_validation.py", line 213, in wrapper
    return func(*args, **kwargs)
           ^^^^^^^^^^^^^^^^^^^^^
  File "C:\Users\youne\Desktop\AutoMLapp\.venv\Lib\site-packages\sklearn\model_selection\_validation.py", line 450, in cross_validate
    _warn_or_raise_about_fit_failures(results, error_score)
  File "C:\Users\youne\Desktop\AutoMLapp\.venv\Lib\site-packages\sklearn\model_selection\_validation.py", line 536, in _warn_or_raise_about_fit_failures
    raise ValueError(all_fits_failed_message)
ValueError: 
All the 10 fits failed.
It is very likely that your model is misconfigured.
You can try to debug the error by setting error_score='raise'.

Below are more details about the failures:
--------------------------------------------------------------------------------
1 fits failed with the following error:
Traceback (most recent call last):
  File "C:\Users\youne\Desktop\AutoMLapp\.venv\Lib\site-packages\sklearn\model_selection\_validation.py", line 895, in _fit_and_score
    estimator.fit(X_train, y_train, **fit_params)
  File "C:\Users\youne\Desktop\AutoMLapp\.venv\Lib\site-packages\pycaret\internal\pipeline.py", line 278, in fit
    fitted_estimator = self._memory_fit(
                       ^^^^^^^^^^^^^^^^^
  File "C:\Users\youne\Desktop\AutoMLapp\.venv\Lib\site-packages\joblib\memory.py", line 353, in __call__
    return self.func(*args, **kwargs)
           ^^^^^^^^^^^^^^^^^^^^^^^^^^
  File "C:\Users\youne\Desktop\AutoMLapp\.venv\Lib\site-packages\pycaret\internal\pipeline.py", line 69, in _fit_one
    transformer.fit(*args)
  File "C:\Users\youne\Desktop\AutoMLapp\.venv\Lib\site-packages\sklearn\base.py", line 1474, in wrapper
    return fit_method(estimator, *args, **kwargs)
           ^^^^^^^^^^^^^^^^^^^^^^^^^^^^^^^^^^^^^^
  File "C:\Users\youne\Desktop\AutoMLapp\.venv\Lib\site-packages\sklearn\linear_model\_omp.py", line 750, in fit
    X, y = self._validate_data(X, y, multi_output=True, y_numeric=True)
           ^^^^^^^^^^^^^^^^^^^^^^^^^^^^^^^^^^^^^^^^^^^^^^^^^^^^^^^^^^^^
  File "C:\Users\youne\Desktop\AutoMLapp\.venv\Lib\site-packages\sklearn\base.py", line 650, in _validate_data
    X, y = check_X_y(X, y, **check_params)
           ^^^^^^^^^^^^^^^^^^^^^^^^^^^^^^^
  File "C:\Users\youne\Desktop\AutoMLapp\.venv\Lib\site-packages\sklearn\utils\validation.py", line 1279, in check_X_y
    y = _check_y(y, multi_output=multi_output, y_numeric=y_numeric, estimator=estimator)
        ^^^^^^^^^^^^^^^^^^^^^^^^^^^^^^^^^^^^^^^^^^^^^^^^^^^^^^^^^^^^^^^^^^^^^^^^^^^^^^^^
  File "C:\Users\youne\Desktop\AutoMLapp\.venv\Lib\site-packages\sklearn\utils\validation.py", line 1304, in _check_y
    y = y.astype(np.float64)
        ^^^^^^^^^^^^^^^^^^^^
ValueError: could not convert string to float: 'Setosa'

--------------------------------------------------------------------------------
9 fits failed with the following error:
Traceback (most recent call last):
  File "C:\Users\youne\Desktop\AutoMLapp\.venv\Lib\site-packages\sklearn\model_selection\_validation.py", line 895, in _fit_and_score
    estimator.fit(X_train, y_train, **fit_params)
  File "C:\Users\youne\Desktop\AutoMLapp\.venv\Lib\site-packages\pycaret\internal\pipeline.py", line 278, in fit
    fitted_estimator = self._memory_fit(
                       ^^^^^^^^^^^^^^^^^
  File "C:\Users\youne\Desktop\AutoMLapp\.venv\Lib\site-packages\joblib\memory.py", line 353, in __call__
    return self.func(*args, **kwargs)
           ^^^^^^^^^^^^^^^^^^^^^^^^^^
  File "C:\Users\youne\Desktop\AutoMLapp\.venv\Lib\site-packages\pycaret\internal\pipeline.py", line 69, in _fit_one
    transformer.fit(*args)
  File "C:\Users\youne\Desktop\AutoMLapp\.venv\Lib\site-packages\sklearn\base.py", line 1474, in wrapper
    return fit_method(estimator, *args, **kwargs)
           ^^^^^^^^^^^^^^^^^^^^^^^^^^^^^^^^^^^^^^
  File "C:\Users\youne\Desktop\AutoMLapp\.venv\Lib\site-packages\sklearn\linear_model\_omp.py", line 750, in fit
    X, y = self._validate_data(X, y, multi_output=True, y_numeric=True)
           ^^^^^^^^^^^^^^^^^^^^^^^^^^^^^^^^^^^^^^^^^^^^^^^^^^^^^^^^^^^^
  File "C:\Users\youne\Desktop\AutoMLapp\.venv\Lib\site-packages\sklearn\base.py", line 650, in _validate_data
    X, y = check_X_y(X, y, **check_params)
           ^^^^^^^^^^^^^^^^^^^^^^^^^^^^^^^
  File "C:\Users\youne\Desktop\AutoMLapp\.venv\Lib\site-packages\sklearn\utils\validation.py", line 1279, in check_X_y
    y = _check_y(y, multi_output=multi_output, y_numeric=y_numeric, estimator=estimator)
        ^^^^^^^^^^^^^^^^^^^^^^^^^^^^^^^^^^^^^^^^^^^^^^^^^^^^^^^^^^^^^^^^^^^^^^^^^^^^^^^^
  File "C:\Users\youne\Desktop\AutoMLapp\.venv\Lib\site-packages\sklearn\utils\validation.py", line 1304, in _check_y
    y = y.astype(np.float64)
        ^^^^^^^^^^^^^^^^^^^^
ValueError: could not convert string to float: 'Versicolor'


2026-08-25 18:02:28,777:INFO:Initializing Bayesian Ridge
2026-08-25 18:02:28,777:INFO:Total runtime is 0.11036636034647622 minutes
2026-08-25 18:02:28,778:INFO:SubProcess create_model() called ==================================
2026-08-25 18:02:28,779:INFO:Initializing create_model()
2026-08-25 18:02:28,779:INFO:create_model(self=<pycaret.regression.oop.RegressionExperiment object at 0x00000220CBD40450>, estimator=br, fold=KFold(n_splits=10, random_state=None, shuffle=False), round=4, cross_validation=True, predict=True, fit_kwargs={}, groups=None, refit=False, probability_threshold=None, experiment_custom_tags=None, verbose=False, system=False, add_to_model_list=True, metrics=None, display=<pycaret.internal.display.display.CommonDisplay object at 0x000002211C6F2C10>, model_only=True, return_train_score=False, error_score=0.0, kwargs={})
2026-08-25 18:02:28,779:INFO:Checking exceptions
2026-08-25 18:02:28,779:INFO:Importing libraries
2026-08-25 18:02:28,779:INFO:Copying training dataset
2026-08-25 18:02:28,782:INFO:Defining folds
2026-08-25 18:02:28,783:INFO:Declaring metric variables
2026-08-25 18:02:28,783:INFO:Importing untrained model
2026-08-25 18:02:28,783:INFO:Bayesian Ridge Imported successfully
2026-08-25 18:02:28,783:INFO:Starting cross validation
2026-08-25 18:02:28,784:INFO:Cross validating with KFold(n_splits=10, random_state=None, shuffle=False), n_jobs=-1
2026-08-25 18:02:28,836:WARNING:create_model() for br raised an exception or returned all 0.0, trying without fit_kwargs:
2026-08-25 18:02:28,837:WARNING:Traceback (most recent call last):
  File "C:\Users\youne\Desktop\AutoMLapp\.venv\Lib\site-packages\pycaret\internal\pycaret_experiment\supervised_experiment.py", line 794, in compare_models
    model, model_fit_time = self._create_model(**create_model_args)
                            ^^^^^^^^^^^^^^^^^^^^^^^^^^^^^^^^^^^^^^^
  File "C:\Users\youne\Desktop\AutoMLapp\.venv\Lib\site-packages\pycaret\internal\pycaret_experiment\supervised_experiment.py", line 1533, in _create_model
    model, model_fit_time, model_results, _ = self._create_model_with_cv(
                                              ^^^^^^^^^^^^^^^^^^^^^^^^^^^
  File "C:\Users\youne\Desktop\AutoMLapp\.venv\Lib\site-packages\pycaret\internal\pycaret_experiment\supervised_experiment.py", line 1126, in _create_model_with_cv
    scores = cross_validate(
             ^^^^^^^^^^^^^^^
  File "C:\Users\youne\Desktop\AutoMLapp\.venv\Lib\site-packages\sklearn\utils\_param_validation.py", line 213, in wrapper
    return func(*args, **kwargs)
           ^^^^^^^^^^^^^^^^^^^^^
  File "C:\Users\youne\Desktop\AutoMLapp\.venv\Lib\site-packages\sklearn\model_selection\_validation.py", line 450, in cross_validate
    _warn_or_raise_about_fit_failures(results, error_score)
  File "C:\Users\youne\Desktop\AutoMLapp\.venv\Lib\site-packages\sklearn\model_selection\_validation.py", line 536, in _warn_or_raise_about_fit_failures
    raise ValueError(all_fits_failed_message)
ValueError: 
All the 10 fits failed.
It is very likely that your model is misconfigured.
You can try to debug the error by setting error_score='raise'.

Below are more details about the failures:
--------------------------------------------------------------------------------
1 fits failed with the following error:
Traceback (most recent call last):
  File "C:\Users\youne\Desktop\AutoMLapp\.venv\Lib\site-packages\sklearn\model_selection\_validation.py", line 895, in _fit_and_score
    estimator.fit(X_train, y_train, **fit_params)
  File "C:\Users\youne\Desktop\AutoMLapp\.venv\Lib\site-packages\pycaret\internal\pipeline.py", line 278, in fit
    fitted_estimator = self._memory_fit(
                       ^^^^^^^^^^^^^^^^^
  File "C:\Users\youne\Desktop\AutoMLapp\.venv\Lib\site-packages\joblib\memory.py", line 353, in __call__
    return self.func(*args, **kwargs)
           ^^^^^^^^^^^^^^^^^^^^^^^^^^
  File "C:\Users\youne\Desktop\AutoMLapp\.venv\Lib\site-packages\pycaret\internal\pipeline.py", line 69, in _fit_one
    transformer.fit(*args)
  File "C:\Users\youne\Desktop\AutoMLapp\.venv\Lib\site-packages\sklearn\base.py", line 1474, in wrapper
    return fit_method(estimator, *args, **kwargs)
           ^^^^^^^^^^^^^^^^^^^^^^^^^^^^^^^^^^^^^^
  File "C:\Users\youne\Desktop\AutoMLapp\.venv\Lib\site-packages\sklearn\linear_model\_bayes.py", line 296, in fit
    X, y = self._validate_data(X, y, dtype=[np.float64, np.float32], y_numeric=True)
           ^^^^^^^^^^^^^^^^^^^^^^^^^^^^^^^^^^^^^^^^^^^^^^^^^^^^^^^^^^^^^^^^^^^^^^^^^
  File "C:\Users\youne\Desktop\AutoMLapp\.venv\Lib\site-packages\sklearn\base.py", line 650, in _validate_data
    X, y = check_X_y(X, y, **check_params)
           ^^^^^^^^^^^^^^^^^^^^^^^^^^^^^^^
  File "C:\Users\youne\Desktop\AutoMLapp\.venv\Lib\site-packages\sklearn\utils\validation.py", line 1279, in check_X_y
    y = _check_y(y, multi_output=multi_output, y_numeric=y_numeric, estimator=estimator)
        ^^^^^^^^^^^^^^^^^^^^^^^^^^^^^^^^^^^^^^^^^^^^^^^^^^^^^^^^^^^^^^^^^^^^^^^^^^^^^^^^
  File "C:\Users\youne\Desktop\AutoMLapp\.venv\Lib\site-packages\sklearn\utils\validation.py", line 1304, in _check_y
    y = y.astype(np.float64)
        ^^^^^^^^^^^^^^^^^^^^
ValueError: could not convert string to float: 'Setosa'

--------------------------------------------------------------------------------
9 fits failed with the following error:
Traceback (most recent call last):
  File "C:\Users\youne\Desktop\AutoMLapp\.venv\Lib\site-packages\sklearn\model_selection\_validation.py", line 895, in _fit_and_score
    estimator.fit(X_train, y_train, **fit_params)
  File "C:\Users\youne\Desktop\AutoMLapp\.venv\Lib\site-packages\pycaret\internal\pipeline.py", line 278, in fit
    fitted_estimator = self._memory_fit(
                       ^^^^^^^^^^^^^^^^^
  File "C:\Users\youne\Desktop\AutoMLapp\.venv\Lib\site-packages\joblib\memory.py", line 353, in __call__
    return self.func(*args, **kwargs)
           ^^^^^^^^^^^^^^^^^^^^^^^^^^
  File "C:\Users\youne\Desktop\AutoMLapp\.venv\Lib\site-packages\pycaret\internal\pipeline.py", line 69, in _fit_one
    transformer.fit(*args)
  File "C:\Users\youne\Desktop\AutoMLapp\.venv\Lib\site-packages\sklearn\base.py", line 1474, in wrapper
    return fit_method(estimator, *args, **kwargs)
           ^^^^^^^^^^^^^^^^^^^^^^^^^^^^^^^^^^^^^^
  File "C:\Users\youne\Desktop\AutoMLapp\.venv\Lib\site-packages\sklearn\linear_model\_bayes.py", line 296, in fit
    X, y = self._validate_data(X, y, dtype=[np.float64, np.float32], y_numeric=True)
           ^^^^^^^^^^^^^^^^^^^^^^^^^^^^^^^^^^^^^^^^^^^^^^^^^^^^^^^^^^^^^^^^^^^^^^^^^
  File "C:\Users\youne\Desktop\AutoMLapp\.venv\Lib\site-packages\sklearn\base.py", line 650, in _validate_data
    X, y = check_X_y(X, y, **check_params)
           ^^^^^^^^^^^^^^^^^^^^^^^^^^^^^^^
  File "C:\Users\youne\Desktop\AutoMLapp\.venv\Lib\site-packages\sklearn\utils\validation.py", line 1279, in check_X_y
    y = _check_y(y, multi_output=multi_output, y_numeric=y_numeric, estimator=estimator)
        ^^^^^^^^^^^^^^^^^^^^^^^^^^^^^^^^^^^^^^^^^^^^^^^^^^^^^^^^^^^^^^^^^^^^^^^^^^^^^^^^
  File "C:\Users\youne\Desktop\AutoMLapp\.venv\Lib\site-packages\sklearn\utils\validation.py", line 1304, in _check_y
    y = y.astype(np.float64)
        ^^^^^^^^^^^^^^^^^^^^
ValueError: could not convert string to float: 'Versicolor'


2026-08-25 18:02:28,838:INFO:Initializing create_model()
2026-08-25 18:02:28,838:INFO:create_model(self=<pycaret.regression.oop.RegressionExperiment object at 0x00000220CBD40450>, estimator=br, fold=KFold(n_splits=10, random_state=None, shuffle=False), round=4, cross_validation=True, predict=True, fit_kwargs={}, groups=None, refit=False, probability_threshold=None, experiment_custom_tags=None, verbose=False, system=False, add_to_model_list=True, metrics=None, display=<pycaret.internal.display.display.CommonDisplay object at 0x000002211C6F2C10>, model_only=True, return_train_score=False, error_score=0.0, kwargs={})
2026-08-25 18:02:28,838:INFO:Checking exceptions
2026-08-25 18:02:28,838:INFO:Importing libraries
2026-08-25 18:02:28,838:INFO:Copying training dataset
2026-08-25 18:02:28,840:INFO:Defining folds
2026-08-25 18:02:28,840:INFO:Declaring metric variables
2026-08-25 18:02:28,840:INFO:Importing untrained model
2026-08-25 18:02:28,841:INFO:Bayesian Ridge Imported successfully
2026-08-25 18:02:28,841:INFO:Starting cross validation
2026-08-25 18:02:28,842:INFO:Cross validating with KFold(n_splits=10, random_state=None, shuffle=False), n_jobs=-1
2026-08-25 18:02:28,893:ERROR:create_model() for br raised an exception or returned all 0.0:
2026-08-25 18:02:28,894:ERROR:Traceback (most recent call last):
  File "C:\Users\youne\Desktop\AutoMLapp\.venv\Lib\site-packages\pycaret\internal\pycaret_experiment\supervised_experiment.py", line 794, in compare_models
    model, model_fit_time = self._create_model(**create_model_args)
                            ^^^^^^^^^^^^^^^^^^^^^^^^^^^^^^^^^^^^^^^
  File "C:\Users\youne\Desktop\AutoMLapp\.venv\Lib\site-packages\pycaret\internal\pycaret_experiment\supervised_experiment.py", line 1533, in _create_model
    model, model_fit_time, model_results, _ = self._create_model_with_cv(
                                              ^^^^^^^^^^^^^^^^^^^^^^^^^^^
  File "C:\Users\youne\Desktop\AutoMLapp\.venv\Lib\site-packages\pycaret\internal\pycaret_experiment\supervised_experiment.py", line 1126, in _create_model_with_cv
    scores = cross_validate(
             ^^^^^^^^^^^^^^^
  File "C:\Users\youne\Desktop\AutoMLapp\.venv\Lib\site-packages\sklearn\utils\_param_validation.py", line 213, in wrapper
    return func(*args, **kwargs)
           ^^^^^^^^^^^^^^^^^^^^^
  File "C:\Users\youne\Desktop\AutoMLapp\.venv\Lib\site-packages\sklearn\model_selection\_validation.py", line 450, in cross_validate
    _warn_or_raise_about_fit_failures(results, error_score)
  File "C:\Users\youne\Desktop\AutoMLapp\.venv\Lib\site-packages\sklearn\model_selection\_validation.py", line 536, in _warn_or_raise_about_fit_failures
    raise ValueError(all_fits_failed_message)
ValueError: 
All the 10 fits failed.
It is very likely that your model is misconfigured.
You can try to debug the error by setting error_score='raise'.

Below are more details about the failures:
--------------------------------------------------------------------------------
1 fits failed with the following error:
Traceback (most recent call last):
  File "C:\Users\youne\Desktop\AutoMLapp\.venv\Lib\site-packages\sklearn\model_selection\_validation.py", line 895, in _fit_and_score
    estimator.fit(X_train, y_train, **fit_params)
  File "C:\Users\youne\Desktop\AutoMLapp\.venv\Lib\site-packages\pycaret\internal\pipeline.py", line 278, in fit
    fitted_estimator = self._memory_fit(
                       ^^^^^^^^^^^^^^^^^
  File "C:\Users\youne\Desktop\AutoMLapp\.venv\Lib\site-packages\joblib\memory.py", line 353, in __call__
    return self.func(*args, **kwargs)
           ^^^^^^^^^^^^^^^^^^^^^^^^^^
  File "C:\Users\youne\Desktop\AutoMLapp\.venv\Lib\site-packages\pycaret\internal\pipeline.py", line 69, in _fit_one
    transformer.fit(*args)
  File "C:\Users\youne\Desktop\AutoMLapp\.venv\Lib\site-packages\sklearn\base.py", line 1474, in wrapper
    return fit_method(estimator, *args, **kwargs)
           ^^^^^^^^^^^^^^^^^^^^^^^^^^^^^^^^^^^^^^
  File "C:\Users\youne\Desktop\AutoMLapp\.venv\Lib\site-packages\sklearn\linear_model\_bayes.py", line 296, in fit
    X, y = self._validate_data(X, y, dtype=[np.float64, np.float32], y_numeric=True)
           ^^^^^^^^^^^^^^^^^^^^^^^^^^^^^^^^^^^^^^^^^^^^^^^^^^^^^^^^^^^^^^^^^^^^^^^^^
  File "C:\Users\youne\Desktop\AutoMLapp\.venv\Lib\site-packages\sklearn\base.py", line 650, in _validate_data
    X, y = check_X_y(X, y, **check_params)
           ^^^^^^^^^^^^^^^^^^^^^^^^^^^^^^^
  File "C:\Users\youne\Desktop\AutoMLapp\.venv\Lib\site-packages\sklearn\utils\validation.py", line 1279, in check_X_y
    y = _check_y(y, multi_output=multi_output, y_numeric=y_numeric, estimator=estimator)
        ^^^^^^^^^^^^^^^^^^^^^^^^^^^^^^^^^^^^^^^^^^^^^^^^^^^^^^^^^^^^^^^^^^^^^^^^^^^^^^^^
  File "C:\Users\youne\Desktop\AutoMLapp\.venv\Lib\site-packages\sklearn\utils\validation.py", line 1304, in _check_y
    y = y.astype(np.float64)
        ^^^^^^^^^^^^^^^^^^^^
ValueError: could not convert string to float: 'Setosa'

--------------------------------------------------------------------------------
9 fits failed with the following error:
Traceback (most recent call last):
  File "C:\Users\youne\Desktop\AutoMLapp\.venv\Lib\site-packages\sklearn\model_selection\_validation.py", line 895, in _fit_and_score
    estimator.fit(X_train, y_train, **fit_params)
  File "C:\Users\youne\Desktop\AutoMLapp\.venv\Lib\site-packages\pycaret\internal\pipeline.py", line 278, in fit
    fitted_estimator = self._memory_fit(
                       ^^^^^^^^^^^^^^^^^
  File "C:\Users\youne\Desktop\AutoMLapp\.venv\Lib\site-packages\joblib\memory.py", line 353, in __call__
    return self.func(*args, **kwargs)
           ^^^^^^^^^^^^^^^^^^^^^^^^^^
  File "C:\Users\youne\Desktop\AutoMLapp\.venv\Lib\site-packages\pycaret\internal\pipeline.py", line 69, in _fit_one
    transformer.fit(*args)
  File "C:\Users\youne\Desktop\AutoMLapp\.venv\Lib\site-packages\sklearn\base.py", line 1474, in wrapper
    return fit_method(estimator, *args, **kwargs)
           ^^^^^^^^^^^^^^^^^^^^^^^^^^^^^^^^^^^^^^
  File "C:\Users\youne\Desktop\AutoMLapp\.venv\Lib\site-packages\sklearn\linear_model\_bayes.py", line 296, in fit
    X, y = self._validate_data(X, y, dtype=[np.float64, np.float32], y_numeric=True)
           ^^^^^^^^^^^^^^^^^^^^^^^^^^^^^^^^^^^^^^^^^^^^^^^^^^^^^^^^^^^^^^^^^^^^^^^^^
  File "C:\Users\youne\Desktop\AutoMLapp\.venv\Lib\site-packages\sklearn\base.py", line 650, in _validate_data
    X, y = check_X_y(X, y, **check_params)
           ^^^^^^^^^^^^^^^^^^^^^^^^^^^^^^^
  File "C:\Users\youne\Desktop\AutoMLapp\.venv\Lib\site-packages\sklearn\utils\validation.py", line 1279, in check_X_y
    y = _check_y(y, multi_output=multi_output, y_numeric=y_numeric, estimator=estimator)
        ^^^^^^^^^^^^^^^^^^^^^^^^^^^^^^^^^^^^^^^^^^^^^^^^^^^^^^^^^^^^^^^^^^^^^^^^^^^^^^^^
  File "C:\Users\youne\Desktop\AutoMLapp\.venv\Lib\site-packages\sklearn\utils\validation.py", line 1304, in _check_y
    y = y.astype(np.float64)
        ^^^^^^^^^^^^^^^^^^^^
ValueError: could not convert string to float: 'Versicolor'


During handling of the above exception, another exception occurred:

Traceback (most recent call last):
  File "C:\Users\youne\Desktop\AutoMLapp\.venv\Lib\site-packages\pycaret\internal\pycaret_experiment\supervised_experiment.py", line 815, in compare_models
    model, model_fit_time = self._create_model(**create_model_args)
                            ^^^^^^^^^^^^^^^^^^^^^^^^^^^^^^^^^^^^^^^
  File "C:\Users\youne\Desktop\AutoMLapp\.venv\Lib\site-packages\pycaret\internal\pycaret_experiment\supervised_experiment.py", line 1533, in _create_model
    model, model_fit_time, model_results, _ = self._create_model_with_cv(
                                              ^^^^^^^^^^^^^^^^^^^^^^^^^^^
  File "C:\Users\youne\Desktop\AutoMLapp\.venv\Lib\site-packages\pycaret\internal\pycaret_experiment\supervised_experiment.py", line 1126, in _create_model_with_cv
    scores = cross_validate(
             ^^^^^^^^^^^^^^^
  File "C:\Users\youne\Desktop\AutoMLapp\.venv\Lib\site-packages\sklearn\utils\_param_validation.py", line 213, in wrapper
    return func(*args, **kwargs)
           ^^^^^^^^^^^^^^^^^^^^^
  File "C:\Users\youne\Desktop\AutoMLapp\.venv\Lib\site-packages\sklearn\model_selection\_validation.py", line 450, in cross_validate
    _warn_or_raise_about_fit_failures(results, error_score)
  File "C:\Users\youne\Desktop\AutoMLapp\.venv\Lib\site-packages\sklearn\model_selection\_validation.py", line 536, in _warn_or_raise_about_fit_failures
    raise ValueError(all_fits_failed_message)
ValueError: 
All the 10 fits failed.
It is very likely that your model is misconfigured.
You can try to debug the error by setting error_score='raise'.

Below are more details about the failures:
--------------------------------------------------------------------------------
1 fits failed with the following error:
Traceback (most recent call last):
  File "C:\Users\youne\Desktop\AutoMLapp\.venv\Lib\site-packages\sklearn\model_selection\_validation.py", line 895, in _fit_and_score
    estimator.fit(X_train, y_train, **fit_params)
  File "C:\Users\youne\Desktop\AutoMLapp\.venv\Lib\site-packages\pycaret\internal\pipeline.py", line 278, in fit
    fitted_estimator = self._memory_fit(
                       ^^^^^^^^^^^^^^^^^
  File "C:\Users\youne\Desktop\AutoMLapp\.venv\Lib\site-packages\joblib\memory.py", line 353, in __call__
    return self.func(*args, **kwargs)
           ^^^^^^^^^^^^^^^^^^^^^^^^^^
  File "C:\Users\youne\Desktop\AutoMLapp\.venv\Lib\site-packages\pycaret\internal\pipeline.py", line 69, in _fit_one
    transformer.fit(*args)
  File "C:\Users\youne\Desktop\AutoMLapp\.venv\Lib\site-packages\sklearn\base.py", line 1474, in wrapper
    return fit_method(estimator, *args, **kwargs)
           ^^^^^^^^^^^^^^^^^^^^^^^^^^^^^^^^^^^^^^
  File "C:\Users\youne\Desktop\AutoMLapp\.venv\Lib\site-packages\sklearn\linear_model\_bayes.py", line 296, in fit
    X, y = self._validate_data(X, y, dtype=[np.float64, np.float32], y_numeric=True)
           ^^^^^^^^^^^^^^^^^^^^^^^^^^^^^^^^^^^^^^^^^^^^^^^^^^^^^^^^^^^^^^^^^^^^^^^^^
  File "C:\Users\youne\Desktop\AutoMLapp\.venv\Lib\site-packages\sklearn\base.py", line 650, in _validate_data
    X, y = check_X_y(X, y, **check_params)
           ^^^^^^^^^^^^^^^^^^^^^^^^^^^^^^^
  File "C:\Users\youne\Desktop\AutoMLapp\.venv\Lib\site-packages\sklearn\utils\validation.py", line 1279, in check_X_y
    y = _check_y(y, multi_output=multi_output, y_numeric=y_numeric, estimator=estimator)
        ^^^^^^^^^^^^^^^^^^^^^^^^^^^^^^^^^^^^^^^^^^^^^^^^^^^^^^^^^^^^^^^^^^^^^^^^^^^^^^^^
  File "C:\Users\youne\Desktop\AutoMLapp\.venv\Lib\site-packages\sklearn\utils\validation.py", line 1304, in _check_y
    y = y.astype(np.float64)
        ^^^^^^^^^^^^^^^^^^^^
ValueError: could not convert string to float: 'Setosa'

--------------------------------------------------------------------------------
9 fits failed with the following error:
Traceback (most recent call last):
  File "C:\Users\youne\Desktop\AutoMLapp\.venv\Lib\site-packages\sklearn\model_selection\_validation.py", line 895, in _fit_and_score
    estimator.fit(X_train, y_train, **fit_params)
  File "C:\Users\youne\Desktop\AutoMLapp\.venv\Lib\site-packages\pycaret\internal\pipeline.py", line 278, in fit
    fitted_estimator = self._memory_fit(
                       ^^^^^^^^^^^^^^^^^
  File "C:\Users\youne\Desktop\AutoMLapp\.venv\Lib\site-packages\joblib\memory.py", line 353, in __call__
    return self.func(*args, **kwargs)
           ^^^^^^^^^^^^^^^^^^^^^^^^^^
  File "C:\Users\youne\Desktop\AutoMLapp\.venv\Lib\site-packages\pycaret\internal\pipeline.py", line 69, in _fit_one
    transformer.fit(*args)
  File "C:\Users\youne\Desktop\AutoMLapp\.venv\Lib\site-packages\sklearn\base.py", line 1474, in wrapper
    return fit_method(estimator, *args, **kwargs)
           ^^^^^^^^^^^^^^^^^^^^^^^^^^^^^^^^^^^^^^
  File "C:\Users\youne\Desktop\AutoMLapp\.venv\Lib\site-packages\sklearn\linear_model\_bayes.py", line 296, in fit
    X, y = self._validate_data(X, y, dtype=[np.float64, np.float32], y_numeric=True)
           ^^^^^^^^^^^^^^^^^^^^^^^^^^^^^^^^^^^^^^^^^^^^^^^^^^^^^^^^^^^^^^^^^^^^^^^^^
  File "C:\Users\youne\Desktop\AutoMLapp\.venv\Lib\site-packages\sklearn\base.py", line 650, in _validate_data
    X, y = check_X_y(X, y, **check_params)
           ^^^^^^^^^^^^^^^^^^^^^^^^^^^^^^^
  File "C:\Users\youne\Desktop\AutoMLapp\.venv\Lib\site-packages\sklearn\utils\validation.py", line 1279, in check_X_y
    y = _check_y(y, multi_output=multi_output, y_numeric=y_numeric, estimator=estimator)
        ^^^^^^^^^^^^^^^^^^^^^^^^^^^^^^^^^^^^^^^^^^^^^^^^^^^^^^^^^^^^^^^^^^^^^^^^^^^^^^^^
  File "C:\Users\youne\Desktop\AutoMLapp\.venv\Lib\site-packages\sklearn\utils\validation.py", line 1304, in _check_y
    y = y.astype(np.float64)
        ^^^^^^^^^^^^^^^^^^^^
ValueError: could not convert string to float: 'Versicolor'


2026-08-25 18:02:28,894:INFO:Initializing Passive Aggressive Regressor
2026-08-25 18:02:28,894:INFO:Total runtime is 0.1123255133628845 minutes
2026-08-25 18:02:28,895:INFO:SubProcess create_model() called ==================================
2026-08-25 18:02:28,895:INFO:Initializing create_model()
2026-08-25 18:02:28,895:INFO:create_model(self=<pycaret.regression.oop.RegressionExperiment object at 0x00000220CBD40450>, estimator=par, fold=KFold(n_splits=10, random_state=None, shuffle=False), round=4, cross_validation=True, predict=True, fit_kwargs={}, groups=None, refit=False, probability_threshold=None, experiment_custom_tags=None, verbose=False, system=False, add_to_model_list=True, metrics=None, display=<pycaret.internal.display.display.CommonDisplay object at 0x000002211C6F2C10>, model_only=True, return_train_score=False, error_score=0.0, kwargs={})
2026-08-25 18:02:28,895:INFO:Checking exceptions
2026-08-25 18:02:28,895:INFO:Importing libraries
2026-08-25 18:02:28,895:INFO:Copying training dataset
2026-08-25 18:02:28,899:INFO:Defining folds
2026-08-25 18:02:28,899:INFO:Declaring metric variables
2026-08-25 18:02:28,899:INFO:Importing untrained model
2026-08-25 18:02:28,899:INFO:Passive Aggressive Regressor Imported successfully
2026-08-25 18:02:28,899:INFO:Starting cross validation
2026-08-25 18:02:28,900:INFO:Cross validating with KFold(n_splits=10, random_state=None, shuffle=False), n_jobs=-1
2026-08-25 18:02:28,955:WARNING:create_model() for par raised an exception or returned all 0.0, trying without fit_kwargs:
2026-08-25 18:02:28,956:WARNING:Traceback (most recent call last):
  File "C:\Users\youne\Desktop\AutoMLapp\.venv\Lib\site-packages\pycaret\internal\pycaret_experiment\supervised_experiment.py", line 794, in compare_models
    model, model_fit_time = self._create_model(**create_model_args)
                            ^^^^^^^^^^^^^^^^^^^^^^^^^^^^^^^^^^^^^^^
  File "C:\Users\youne\Desktop\AutoMLapp\.venv\Lib\site-packages\pycaret\internal\pycaret_experiment\supervised_experiment.py", line 1533, in _create_model
    model, model_fit_time, model_results, _ = self._create_model_with_cv(
                                              ^^^^^^^^^^^^^^^^^^^^^^^^^^^
  File "C:\Users\youne\Desktop\AutoMLapp\.venv\Lib\site-packages\pycaret\internal\pycaret_experiment\supervised_experiment.py", line 1126, in _create_model_with_cv
    scores = cross_validate(
             ^^^^^^^^^^^^^^^
  File "C:\Users\youne\Desktop\AutoMLapp\.venv\Lib\site-packages\sklearn\utils\_param_validation.py", line 213, in wrapper
    return func(*args, **kwargs)
           ^^^^^^^^^^^^^^^^^^^^^
  File "C:\Users\youne\Desktop\AutoMLapp\.venv\Lib\site-packages\sklearn\model_selection\_validation.py", line 450, in cross_validate
    _warn_or_raise_about_fit_failures(results, error_score)
  File "C:\Users\youne\Desktop\AutoMLapp\.venv\Lib\site-packages\sklearn\model_selection\_validation.py", line 536, in _warn_or_raise_about_fit_failures
    raise ValueError(all_fits_failed_message)
ValueError: 
All the 10 fits failed.
It is very likely that your model is misconfigured.
You can try to debug the error by setting error_score='raise'.

Below are more details about the failures:
--------------------------------------------------------------------------------
1 fits failed with the following error:
Traceback (most recent call last):
  File "C:\Users\youne\Desktop\AutoMLapp\.venv\Lib\site-packages\sklearn\model_selection\_validation.py", line 895, in _fit_and_score
    estimator.fit(X_train, y_train, **fit_params)
  File "C:\Users\youne\Desktop\AutoMLapp\.venv\Lib\site-packages\pycaret\internal\pipeline.py", line 278, in fit
    fitted_estimator = self._memory_fit(
                       ^^^^^^^^^^^^^^^^^
  File "C:\Users\youne\Desktop\AutoMLapp\.venv\Lib\site-packages\joblib\memory.py", line 353, in __call__
    return self.func(*args, **kwargs)
           ^^^^^^^^^^^^^^^^^^^^^^^^^^
  File "C:\Users\youne\Desktop\AutoMLapp\.venv\Lib\site-packages\pycaret\internal\pipeline.py", line 69, in _fit_one
    transformer.fit(*args)
  File "C:\Users\youne\Desktop\AutoMLapp\.venv\Lib\site-packages\sklearn\base.py", line 1474, in wrapper
    return fit_method(estimator, *args, **kwargs)
           ^^^^^^^^^^^^^^^^^^^^^^^^^^^^^^^^^^^^^^
  File "C:\Users\youne\Desktop\AutoMLapp\.venv\Lib\site-packages\sklearn\linear_model\_passive_aggressive.py", line 566, in fit
    return self._fit(
           ^^^^^^^^^^
  File "C:\Users\youne\Desktop\AutoMLapp\.venv\Lib\site-packages\sklearn\linear_model\_stochastic_gradient.py", line 1557, in _fit
    self._partial_fit(
  File "C:\Users\youne\Desktop\AutoMLapp\.venv\Lib\site-packages\sklearn\linear_model\_stochastic_gradient.py", line 1466, in _partial_fit
    y = y.astype(X.dtype, copy=False)
        ^^^^^^^^^^^^^^^^^^^^^^^^^^^^^
ValueError: could not convert string to float: 'Setosa'

--------------------------------------------------------------------------------
9 fits failed with the following error:
Traceback (most recent call last):
  File "C:\Users\youne\Desktop\AutoMLapp\.venv\Lib\site-packages\sklearn\model_selection\_validation.py", line 895, in _fit_and_score
    estimator.fit(X_train, y_train, **fit_params)
  File "C:\Users\youne\Desktop\AutoMLapp\.venv\Lib\site-packages\pycaret\internal\pipeline.py", line 278, in fit
    fitted_estimator = self._memory_fit(
                       ^^^^^^^^^^^^^^^^^
  File "C:\Users\youne\Desktop\AutoMLapp\.venv\Lib\site-packages\joblib\memory.py", line 353, in __call__
    return self.func(*args, **kwargs)
           ^^^^^^^^^^^^^^^^^^^^^^^^^^
  File "C:\Users\youne\Desktop\AutoMLapp\.venv\Lib\site-packages\pycaret\internal\pipeline.py", line 69, in _fit_one
    transformer.fit(*args)
  File "C:\Users\youne\Desktop\AutoMLapp\.venv\Lib\site-packages\sklearn\base.py", line 1474, in wrapper
    return fit_method(estimator, *args, **kwargs)
           ^^^^^^^^^^^^^^^^^^^^^^^^^^^^^^^^^^^^^^
  File "C:\Users\youne\Desktop\AutoMLapp\.venv\Lib\site-packages\sklearn\linear_model\_passive_aggressive.py", line 566, in fit
    return self._fit(
           ^^^^^^^^^^
  File "C:\Users\youne\Desktop\AutoMLapp\.venv\Lib\site-packages\sklearn\linear_model\_stochastic_gradient.py", line 1557, in _fit
    self._partial_fit(
  File "C:\Users\youne\Desktop\AutoMLapp\.venv\Lib\site-packages\sklearn\linear_model\_stochastic_gradient.py", line 1466, in _partial_fit
    y = y.astype(X.dtype, copy=False)
        ^^^^^^^^^^^^^^^^^^^^^^^^^^^^^
ValueError: could not convert string to float: 'Versicolor'


2026-08-25 18:02:28,956:INFO:Initializing create_model()
2026-08-25 18:02:28,956:INFO:create_model(self=<pycaret.regression.oop.RegressionExperiment object at 0x00000220CBD40450>, estimator=par, fold=KFold(n_splits=10, random_state=None, shuffle=False), round=4, cross_validation=True, predict=True, fit_kwargs={}, groups=None, refit=False, probability_threshold=None, experiment_custom_tags=None, verbose=False, system=False, add_to_model_list=True, metrics=None, display=<pycaret.internal.display.display.CommonDisplay object at 0x000002211C6F2C10>, model_only=True, return_train_score=False, error_score=0.0, kwargs={})
2026-08-25 18:02:28,956:INFO:Checking exceptions
2026-08-25 18:02:28,956:INFO:Importing libraries
2026-08-25 18:02:28,956:INFO:Copying training dataset
2026-08-25 18:02:28,959:INFO:Defining folds
2026-08-25 18:02:28,959:INFO:Declaring metric variables
2026-08-25 18:02:28,959:INFO:Importing untrained model
2026-08-25 18:02:28,960:INFO:Passive Aggressive Regressor Imported successfully
2026-08-25 18:02:28,960:INFO:Starting cross validation
2026-08-25 18:02:28,960:INFO:Cross validating with KFold(n_splits=10, random_state=None, shuffle=False), n_jobs=-1
2026-08-25 18:02:29,012:ERROR:create_model() for par raised an exception or returned all 0.0:
2026-08-25 18:02:29,015:ERROR:Traceback (most recent call last):
  File "C:\Users\youne\Desktop\AutoMLapp\.venv\Lib\site-packages\pycaret\internal\pycaret_experiment\supervised_experiment.py", line 794, in compare_models
    model, model_fit_time = self._create_model(**create_model_args)
                            ^^^^^^^^^^^^^^^^^^^^^^^^^^^^^^^^^^^^^^^
  File "C:\Users\youne\Desktop\AutoMLapp\.venv\Lib\site-packages\pycaret\internal\pycaret_experiment\supervised_experiment.py", line 1533, in _create_model
    model, model_fit_time, model_results, _ = self._create_model_with_cv(
                                              ^^^^^^^^^^^^^^^^^^^^^^^^^^^
  File "C:\Users\youne\Desktop\AutoMLapp\.venv\Lib\site-packages\pycaret\internal\pycaret_experiment\supervised_experiment.py", line 1126, in _create_model_with_cv
    scores = cross_validate(
             ^^^^^^^^^^^^^^^
  File "C:\Users\youne\Desktop\AutoMLapp\.venv\Lib\site-packages\sklearn\utils\_param_validation.py", line 213, in wrapper
    return func(*args, **kwargs)
           ^^^^^^^^^^^^^^^^^^^^^
  File "C:\Users\youne\Desktop\AutoMLapp\.venv\Lib\site-packages\sklearn\model_selection\_validation.py", line 450, in cross_validate
    _warn_or_raise_about_fit_failures(results, error_score)
  File "C:\Users\youne\Desktop\AutoMLapp\.venv\Lib\site-packages\sklearn\model_selection\_validation.py", line 536, in _warn_or_raise_about_fit_failures
    raise ValueError(all_fits_failed_message)
ValueError: 
All the 10 fits failed.
It is very likely that your model is misconfigured.
You can try to debug the error by setting error_score='raise'.

Below are more details about the failures:
--------------------------------------------------------------------------------
1 fits failed with the following error:
Traceback (most recent call last):
  File "C:\Users\youne\Desktop\AutoMLapp\.venv\Lib\site-packages\sklearn\model_selection\_validation.py", line 895, in _fit_and_score
    estimator.fit(X_train, y_train, **fit_params)
  File "C:\Users\youne\Desktop\AutoMLapp\.venv\Lib\site-packages\pycaret\internal\pipeline.py", line 278, in fit
    fitted_estimator = self._memory_fit(
                       ^^^^^^^^^^^^^^^^^
  File "C:\Users\youne\Desktop\AutoMLapp\.venv\Lib\site-packages\joblib\memory.py", line 353, in __call__
    return self.func(*args, **kwargs)
           ^^^^^^^^^^^^^^^^^^^^^^^^^^
  File "C:\Users\youne\Desktop\AutoMLapp\.venv\Lib\site-packages\pycaret\internal\pipeline.py", line 69, in _fit_one
    transformer.fit(*args)
  File "C:\Users\youne\Desktop\AutoMLapp\.venv\Lib\site-packages\sklearn\base.py", line 1474, in wrapper
    return fit_method(estimator, *args, **kwargs)
           ^^^^^^^^^^^^^^^^^^^^^^^^^^^^^^^^^^^^^^
  File "C:\Users\youne\Desktop\AutoMLapp\.venv\Lib\site-packages\sklearn\linear_model\_passive_aggressive.py", line 566, in fit
    return self._fit(
           ^^^^^^^^^^
  File "C:\Users\youne\Desktop\AutoMLapp\.venv\Lib\site-packages\sklearn\linear_model\_stochastic_gradient.py", line 1557, in _fit
    self._partial_fit(
  File "C:\Users\youne\Desktop\AutoMLapp\.venv\Lib\site-packages\sklearn\linear_model\_stochastic_gradient.py", line 1466, in _partial_fit
    y = y.astype(X.dtype, copy=False)
        ^^^^^^^^^^^^^^^^^^^^^^^^^^^^^
ValueError: could not convert string to float: 'Setosa'

--------------------------------------------------------------------------------
9 fits failed with the following error:
Traceback (most recent call last):
  File "C:\Users\youne\Desktop\AutoMLapp\.venv\Lib\site-packages\sklearn\model_selection\_validation.py", line 895, in _fit_and_score
    estimator.fit(X_train, y_train, **fit_params)
  File "C:\Users\youne\Desktop\AutoMLapp\.venv\Lib\site-packages\pycaret\internal\pipeline.py", line 278, in fit
    fitted_estimator = self._memory_fit(
                       ^^^^^^^^^^^^^^^^^
  File "C:\Users\youne\Desktop\AutoMLapp\.venv\Lib\site-packages\joblib\memory.py", line 353, in __call__
    return self.func(*args, **kwargs)
           ^^^^^^^^^^^^^^^^^^^^^^^^^^
  File "C:\Users\youne\Desktop\AutoMLapp\.venv\Lib\site-packages\pycaret\internal\pipeline.py", line 69, in _fit_one
    transformer.fit(*args)
  File "C:\Users\youne\Desktop\AutoMLapp\.venv\Lib\site-packages\sklearn\base.py", line 1474, in wrapper
    return fit_method(estimator, *args, **kwargs)
           ^^^^^^^^^^^^^^^^^^^^^^^^^^^^^^^^^^^^^^
  File "C:\Users\youne\Desktop\AutoMLapp\.venv\Lib\site-packages\sklearn\linear_model\_passive_aggressive.py", line 566, in fit
    return self._fit(
           ^^^^^^^^^^
  File "C:\Users\youne\Desktop\AutoMLapp\.venv\Lib\site-packages\sklearn\linear_model\_stochastic_gradient.py", line 1557, in _fit
    self._partial_fit(
  File "C:\Users\youne\Desktop\AutoMLapp\.venv\Lib\site-packages\sklearn\linear_model\_stochastic_gradient.py", line 1466, in _partial_fit
    y = y.astype(X.dtype, copy=False)
        ^^^^^^^^^^^^^^^^^^^^^^^^^^^^^
ValueError: could not convert string to float: 'Versicolor'


During handling of the above exception, another exception occurred:

Traceback (most recent call last):
  File "C:\Users\youne\Desktop\AutoMLapp\.venv\Lib\site-packages\pycaret\internal\pycaret_experiment\supervised_experiment.py", line 815, in compare_models
    model, model_fit_time = self._create_model(**create_model_args)
                            ^^^^^^^^^^^^^^^^^^^^^^^^^^^^^^^^^^^^^^^
  File "C:\Users\youne\Desktop\AutoMLapp\.venv\Lib\site-packages\pycaret\internal\pycaret_experiment\supervised_experiment.py", line 1533, in _create_model
    model, model_fit_time, model_results, _ = self._create_model_with_cv(
                                              ^^^^^^^^^^^^^^^^^^^^^^^^^^^
  File "C:\Users\youne\Desktop\AutoMLapp\.venv\Lib\site-packages\pycaret\internal\pycaret_experiment\supervised_experiment.py", line 1126, in _create_model_with_cv
    scores = cross_validate(
             ^^^^^^^^^^^^^^^
  File "C:\Users\youne\Desktop\AutoMLapp\.venv\Lib\site-packages\sklearn\utils\_param_validation.py", line 213, in wrapper
    return func(*args, **kwargs)
           ^^^^^^^^^^^^^^^^^^^^^
  File "C:\Users\youne\Desktop\AutoMLapp\.venv\Lib\site-packages\sklearn\model_selection\_validation.py", line 450, in cross_validate
    _warn_or_raise_about_fit_failures(results, error_score)
  File "C:\Users\youne\Desktop\AutoMLapp\.venv\Lib\site-packages\sklearn\model_selection\_validation.py", line 536, in _warn_or_raise_about_fit_failures
    raise ValueError(all_fits_failed_message)
ValueError: 
All the 10 fits failed.
It is very likely that your model is misconfigured.
You can try to debug the error by setting error_score='raise'.

Below are more details about the failures:
--------------------------------------------------------------------------------
1 fits failed with the following error:
Traceback (most recent call last):
  File "C:\Users\youne\Desktop\AutoMLapp\.venv\Lib\site-packages\sklearn\model_selection\_validation.py", line 895, in _fit_and_score
    estimator.fit(X_train, y_train, **fit_params)
  File "C:\Users\youne\Desktop\AutoMLapp\.venv\Lib\site-packages\pycaret\internal\pipeline.py", line 278, in fit
    fitted_estimator = self._memory_fit(
                       ^^^^^^^^^^^^^^^^^
  File "C:\Users\youne\Desktop\AutoMLapp\.venv\Lib\site-packages\joblib\memory.py", line 353, in __call__
    return self.func(*args, **kwargs)
           ^^^^^^^^^^^^^^^^^^^^^^^^^^
  File "C:\Users\youne\Desktop\AutoMLapp\.venv\Lib\site-packages\pycaret\internal\pipeline.py", line 69, in _fit_one
    transformer.fit(*args)
  File "C:\Users\youne\Desktop\AutoMLapp\.venv\Lib\site-packages\sklearn\base.py", line 1474, in wrapper
    return fit_method(estimator, *args, **kwargs)
           ^^^^^^^^^^^^^^^^^^^^^^^^^^^^^^^^^^^^^^
  File "C:\Users\youne\Desktop\AutoMLapp\.venv\Lib\site-packages\sklearn\linear_model\_passive_aggressive.py", line 566, in fit
    return self._fit(
           ^^^^^^^^^^
  File "C:\Users\youne\Desktop\AutoMLapp\.venv\Lib\site-packages\sklearn\linear_model\_stochastic_gradient.py", line 1557, in _fit
    self._partial_fit(
  File "C:\Users\youne\Desktop\AutoMLapp\.venv\Lib\site-packages\sklearn\linear_model\_stochastic_gradient.py", line 1466, in _partial_fit
    y = y.astype(X.dtype, copy=False)
        ^^^^^^^^^^^^^^^^^^^^^^^^^^^^^
ValueError: could not convert string to float: 'Setosa'

--------------------------------------------------------------------------------
9 fits failed with the following error:
Traceback (most recent call last):
  File "C:\Users\youne\Desktop\AutoMLapp\.venv\Lib\site-packages\sklearn\model_selection\_validation.py", line 895, in _fit_and_score
    estimator.fit(X_train, y_train, **fit_params)
  File "C:\Users\youne\Desktop\AutoMLapp\.venv\Lib\site-packages\pycaret\internal\pipeline.py", line 278, in fit
    fitted_estimator = self._memory_fit(
                       ^^^^^^^^^^^^^^^^^
  File "C:\Users\youne\Desktop\AutoMLapp\.venv\Lib\site-packages\joblib\memory.py", line 353, in __call__
    return self.func(*args, **kwargs)
           ^^^^^^^^^^^^^^^^^^^^^^^^^^
  File "C:\Users\youne\Desktop\AutoMLapp\.venv\Lib\site-packages\pycaret\internal\pipeline.py", line 69, in _fit_one
    transformer.fit(*args)
  File "C:\Users\youne\Desktop\AutoMLapp\.venv\Lib\site-packages\sklearn\base.py", line 1474, in wrapper
    return fit_method(estimator, *args, **kwargs)
           ^^^^^^^^^^^^^^^^^^^^^^^^^^^^^^^^^^^^^^
  File "C:\Users\youne\Desktop\AutoMLapp\.venv\Lib\site-packages\sklearn\linear_model\_passive_aggressive.py", line 566, in fit
    return self._fit(
           ^^^^^^^^^^
  File "C:\Users\youne\Desktop\AutoMLapp\.venv\Lib\site-packages\sklearn\linear_model\_stochastic_gradient.py", line 1557, in _fit
    self._partial_fit(
  File "C:\Users\youne\Desktop\AutoMLapp\.venv\Lib\site-packages\sklearn\linear_model\_stochastic_gradient.py", line 1466, in _partial_fit
    y = y.astype(X.dtype, copy=False)
        ^^^^^^^^^^^^^^^^^^^^^^^^^^^^^
ValueError: could not convert string to float: 'Versicolor'


2026-08-25 18:02:29,015:INFO:Initializing Huber Regressor
2026-08-25 18:02:29,015:INFO:Total runtime is 0.11433429320653278 minutes
2026-08-25 18:02:29,015:INFO:SubProcess create_model() called ==================================
2026-08-25 18:02:29,016:INFO:Initializing create_model()
2026-08-25 18:02:29,016:INFO:create_model(self=<pycaret.regression.oop.RegressionExperiment object at 0x00000220CBD40450>, estimator=huber, fold=KFold(n_splits=10, random_state=None, shuffle=False), round=4, cross_validation=True, predict=True, fit_kwargs={}, groups=None, refit=False, probability_threshold=None, experiment_custom_tags=None, verbose=False, system=False, add_to_model_list=True, metrics=None, display=<pycaret.internal.display.display.CommonDisplay object at 0x000002211C6F2C10>, model_only=True, return_train_score=False, error_score=0.0, kwargs={})
2026-08-25 18:02:29,016:INFO:Checking exceptions
2026-08-25 18:02:29,016:INFO:Importing libraries
2026-08-25 18:02:29,016:INFO:Copying training dataset
2026-08-25 18:02:29,020:INFO:Defining folds
2026-08-25 18:02:29,020:INFO:Declaring metric variables
2026-08-25 18:02:29,020:INFO:Importing untrained model
2026-08-25 18:02:29,020:INFO:Huber Regressor Imported successfully
2026-08-25 18:02:29,020:INFO:Starting cross validation
2026-08-25 18:02:29,023:INFO:Cross validating with KFold(n_splits=10, random_state=None, shuffle=False), n_jobs=-1
2026-08-25 18:02:29,075:WARNING:create_model() for huber raised an exception or returned all 0.0, trying without fit_kwargs:
2026-08-25 18:02:29,076:WARNING:Traceback (most recent call last):
  File "C:\Users\youne\Desktop\AutoMLapp\.venv\Lib\site-packages\pycaret\internal\pycaret_experiment\supervised_experiment.py", line 794, in compare_models
    model, model_fit_time = self._create_model(**create_model_args)
                            ^^^^^^^^^^^^^^^^^^^^^^^^^^^^^^^^^^^^^^^
  File "C:\Users\youne\Desktop\AutoMLapp\.venv\Lib\site-packages\pycaret\internal\pycaret_experiment\supervised_experiment.py", line 1533, in _create_model
    model, model_fit_time, model_results, _ = self._create_model_with_cv(
                                              ^^^^^^^^^^^^^^^^^^^^^^^^^^^
  File "C:\Users\youne\Desktop\AutoMLapp\.venv\Lib\site-packages\pycaret\internal\pycaret_experiment\supervised_experiment.py", line 1126, in _create_model_with_cv
    scores = cross_validate(
             ^^^^^^^^^^^^^^^
  File "C:\Users\youne\Desktop\AutoMLapp\.venv\Lib\site-packages\sklearn\utils\_param_validation.py", line 213, in wrapper
    return func(*args, **kwargs)
           ^^^^^^^^^^^^^^^^^^^^^
  File "C:\Users\youne\Desktop\AutoMLapp\.venv\Lib\site-packages\sklearn\model_selection\_validation.py", line 450, in cross_validate
    _warn_or_raise_about_fit_failures(results, error_score)
  File "C:\Users\youne\Desktop\AutoMLapp\.venv\Lib\site-packages\sklearn\model_selection\_validation.py", line 536, in _warn_or_raise_about_fit_failures
    raise ValueError(all_fits_failed_message)
ValueError: 
All the 10 fits failed.
It is very likely that your model is misconfigured.
You can try to debug the error by setting error_score='raise'.

Below are more details about the failures:
--------------------------------------------------------------------------------
1 fits failed with the following error:
Traceback (most recent call last):
  File "C:\Users\youne\Desktop\AutoMLapp\.venv\Lib\site-packages\sklearn\model_selection\_validation.py", line 895, in _fit_and_score
    estimator.fit(X_train, y_train, **fit_params)
  File "C:\Users\youne\Desktop\AutoMLapp\.venv\Lib\site-packages\pycaret\internal\pipeline.py", line 278, in fit
    fitted_estimator = self._memory_fit(
                       ^^^^^^^^^^^^^^^^^
  File "C:\Users\youne\Desktop\AutoMLapp\.venv\Lib\site-packages\joblib\memory.py", line 353, in __call__
    return self.func(*args, **kwargs)
           ^^^^^^^^^^^^^^^^^^^^^^^^^^
  File "C:\Users\youne\Desktop\AutoMLapp\.venv\Lib\site-packages\pycaret\internal\pipeline.py", line 69, in _fit_one
    transformer.fit(*args)
  File "C:\Users\youne\Desktop\AutoMLapp\.venv\Lib\site-packages\sklearn\base.py", line 1474, in wrapper
    return fit_method(estimator, *args, **kwargs)
           ^^^^^^^^^^^^^^^^^^^^^^^^^^^^^^^^^^^^^^
  File "C:\Users\youne\Desktop\AutoMLapp\.venv\Lib\site-packages\sklearn\linear_model\_huber.py", line 297, in fit
    X, y = self._validate_data(
           ^^^^^^^^^^^^^^^^^^^^
  File "C:\Users\youne\Desktop\AutoMLapp\.venv\Lib\site-packages\sklearn\base.py", line 650, in _validate_data
    X, y = check_X_y(X, y, **check_params)
           ^^^^^^^^^^^^^^^^^^^^^^^^^^^^^^^
  File "C:\Users\youne\Desktop\AutoMLapp\.venv\Lib\site-packages\sklearn\utils\validation.py", line 1279, in check_X_y
    y = _check_y(y, multi_output=multi_output, y_numeric=y_numeric, estimator=estimator)
        ^^^^^^^^^^^^^^^^^^^^^^^^^^^^^^^^^^^^^^^^^^^^^^^^^^^^^^^^^^^^^^^^^^^^^^^^^^^^^^^^
  File "C:\Users\youne\Desktop\AutoMLapp\.venv\Lib\site-packages\sklearn\utils\validation.py", line 1304, in _check_y
    y = y.astype(np.float64)
        ^^^^^^^^^^^^^^^^^^^^
ValueError: could not convert string to float: 'Setosa'

--------------------------------------------------------------------------------
9 fits failed with the following error:
Traceback (most recent call last):
  File "C:\Users\youne\Desktop\AutoMLapp\.venv\Lib\site-packages\sklearn\model_selection\_validation.py", line 895, in _fit_and_score
    estimator.fit(X_train, y_train, **fit_params)
  File "C:\Users\youne\Desktop\AutoMLapp\.venv\Lib\site-packages\pycaret\internal\pipeline.py", line 278, in fit
    fitted_estimator = self._memory_fit(
                       ^^^^^^^^^^^^^^^^^
  File "C:\Users\youne\Desktop\AutoMLapp\.venv\Lib\site-packages\joblib\memory.py", line 353, in __call__
    return self.func(*args, **kwargs)
           ^^^^^^^^^^^^^^^^^^^^^^^^^^
  File "C:\Users\youne\Desktop\AutoMLapp\.venv\Lib\site-packages\pycaret\internal\pipeline.py", line 69, in _fit_one
    transformer.fit(*args)
  File "C:\Users\youne\Desktop\AutoMLapp\.venv\Lib\site-packages\sklearn\base.py", line 1474, in wrapper
    return fit_method(estimator, *args, **kwargs)
           ^^^^^^^^^^^^^^^^^^^^^^^^^^^^^^^^^^^^^^
  File "C:\Users\youne\Desktop\AutoMLapp\.venv\Lib\site-packages\sklearn\linear_model\_huber.py", line 297, in fit
    X, y = self._validate_data(
           ^^^^^^^^^^^^^^^^^^^^
  File "C:\Users\youne\Desktop\AutoMLapp\.venv\Lib\site-packages\sklearn\base.py", line 650, in _validate_data
    X, y = check_X_y(X, y, **check_params)
           ^^^^^^^^^^^^^^^^^^^^^^^^^^^^^^^
  File "C:\Users\youne\Desktop\AutoMLapp\.venv\Lib\site-packages\sklearn\utils\validation.py", line 1279, in check_X_y
    y = _check_y(y, multi_output=multi_output, y_numeric=y_numeric, estimator=estimator)
        ^^^^^^^^^^^^^^^^^^^^^^^^^^^^^^^^^^^^^^^^^^^^^^^^^^^^^^^^^^^^^^^^^^^^^^^^^^^^^^^^
  File "C:\Users\youne\Desktop\AutoMLapp\.venv\Lib\site-packages\sklearn\utils\validation.py", line 1304, in _check_y
    y = y.astype(np.float64)
        ^^^^^^^^^^^^^^^^^^^^
ValueError: could not convert string to float: 'Versicolor'


2026-08-25 18:02:29,076:INFO:Initializing create_model()
2026-08-25 18:02:29,077:INFO:create_model(self=<pycaret.regression.oop.RegressionExperiment object at 0x00000220CBD40450>, estimator=huber, fold=KFold(n_splits=10, random_state=None, shuffle=False), round=4, cross_validation=True, predict=True, fit_kwargs={}, groups=None, refit=False, probability_threshold=None, experiment_custom_tags=None, verbose=False, system=False, add_to_model_list=True, metrics=None, display=<pycaret.internal.display.display.CommonDisplay object at 0x000002211C6F2C10>, model_only=True, return_train_score=False, error_score=0.0, kwargs={})
2026-08-25 18:02:29,077:INFO:Checking exceptions
2026-08-25 18:02:29,077:INFO:Importing libraries
2026-08-25 18:02:29,077:INFO:Copying training dataset
2026-08-25 18:02:29,081:INFO:Defining folds
2026-08-25 18:02:29,081:INFO:Declaring metric variables
2026-08-25 18:02:29,081:INFO:Importing untrained model
2026-08-25 18:02:29,081:INFO:Huber Regressor Imported successfully
2026-08-25 18:02:29,081:INFO:Starting cross validation
2026-08-25 18:02:29,082:INFO:Cross validating with KFold(n_splits=10, random_state=None, shuffle=False), n_jobs=-1
2026-08-25 18:02:29,137:ERROR:create_model() for huber raised an exception or returned all 0.0:
2026-08-25 18:02:29,140:ERROR:Traceback (most recent call last):
  File "C:\Users\youne\Desktop\AutoMLapp\.venv\Lib\site-packages\pycaret\internal\pycaret_experiment\supervised_experiment.py", line 794, in compare_models
    model, model_fit_time = self._create_model(**create_model_args)
                            ^^^^^^^^^^^^^^^^^^^^^^^^^^^^^^^^^^^^^^^
  File "C:\Users\youne\Desktop\AutoMLapp\.venv\Lib\site-packages\pycaret\internal\pycaret_experiment\supervised_experiment.py", line 1533, in _create_model
    model, model_fit_time, model_results, _ = self._create_model_with_cv(
                                              ^^^^^^^^^^^^^^^^^^^^^^^^^^^
  File "C:\Users\youne\Desktop\AutoMLapp\.venv\Lib\site-packages\pycaret\internal\pycaret_experiment\supervised_experiment.py", line 1126, in _create_model_with_cv
    scores = cross_validate(
             ^^^^^^^^^^^^^^^
  File "C:\Users\youne\Desktop\AutoMLapp\.venv\Lib\site-packages\sklearn\utils\_param_validation.py", line 213, in wrapper
    return func(*args, **kwargs)
           ^^^^^^^^^^^^^^^^^^^^^
  File "C:\Users\youne\Desktop\AutoMLapp\.venv\Lib\site-packages\sklearn\model_selection\_validation.py", line 450, in cross_validate
    _warn_or_raise_about_fit_failures(results, error_score)
  File "C:\Users\youne\Desktop\AutoMLapp\.venv\Lib\site-packages\sklearn\model_selection\_validation.py", line 536, in _warn_or_raise_about_fit_failures
    raise ValueError(all_fits_failed_message)
ValueError: 
All the 10 fits failed.
It is very likely that your model is misconfigured.
You can try to debug the error by setting error_score='raise'.

Below are more details about the failures:
--------------------------------------------------------------------------------
1 fits failed with the following error:
Traceback (most recent call last):
  File "C:\Users\youne\Desktop\AutoMLapp\.venv\Lib\site-packages\sklearn\model_selection\_validation.py", line 895, in _fit_and_score
    estimator.fit(X_train, y_train, **fit_params)
  File "C:\Users\youne\Desktop\AutoMLapp\.venv\Lib\site-packages\pycaret\internal\pipeline.py", line 278, in fit
    fitted_estimator = self._memory_fit(
                       ^^^^^^^^^^^^^^^^^
  File "C:\Users\youne\Desktop\AutoMLapp\.venv\Lib\site-packages\joblib\memory.py", line 353, in __call__
    return self.func(*args, **kwargs)
           ^^^^^^^^^^^^^^^^^^^^^^^^^^
  File "C:\Users\youne\Desktop\AutoMLapp\.venv\Lib\site-packages\pycaret\internal\pipeline.py", line 69, in _fit_one
    transformer.fit(*args)
  File "C:\Users\youne\Desktop\AutoMLapp\.venv\Lib\site-packages\sklearn\base.py", line 1474, in wrapper
    return fit_method(estimator, *args, **kwargs)
           ^^^^^^^^^^^^^^^^^^^^^^^^^^^^^^^^^^^^^^
  File "C:\Users\youne\Desktop\AutoMLapp\.venv\Lib\site-packages\sklearn\linear_model\_huber.py", line 297, in fit
    X, y = self._validate_data(
           ^^^^^^^^^^^^^^^^^^^^
  File "C:\Users\youne\Desktop\AutoMLapp\.venv\Lib\site-packages\sklearn\base.py", line 650, in _validate_data
    X, y = check_X_y(X, y, **check_params)
           ^^^^^^^^^^^^^^^^^^^^^^^^^^^^^^^
  File "C:\Users\youne\Desktop\AutoMLapp\.venv\Lib\site-packages\sklearn\utils\validation.py", line 1279, in check_X_y
    y = _check_y(y, multi_output=multi_output, y_numeric=y_numeric, estimator=estimator)
        ^^^^^^^^^^^^^^^^^^^^^^^^^^^^^^^^^^^^^^^^^^^^^^^^^^^^^^^^^^^^^^^^^^^^^^^^^^^^^^^^
  File "C:\Users\youne\Desktop\AutoMLapp\.venv\Lib\site-packages\sklearn\utils\validation.py", line 1304, in _check_y
    y = y.astype(np.float64)
        ^^^^^^^^^^^^^^^^^^^^
ValueError: could not convert string to float: 'Setosa'

--------------------------------------------------------------------------------
9 fits failed with the following error:
Traceback (most recent call last):
  File "C:\Users\youne\Desktop\AutoMLapp\.venv\Lib\site-packages\sklearn\model_selection\_validation.py", line 895, in _fit_and_score
    estimator.fit(X_train, y_train, **fit_params)
  File "C:\Users\youne\Desktop\AutoMLapp\.venv\Lib\site-packages\pycaret\internal\pipeline.py", line 278, in fit
    fitted_estimator = self._memory_fit(
                       ^^^^^^^^^^^^^^^^^
  File "C:\Users\youne\Desktop\AutoMLapp\.venv\Lib\site-packages\joblib\memory.py", line 353, in __call__
    return self.func(*args, **kwargs)
           ^^^^^^^^^^^^^^^^^^^^^^^^^^
  File "C:\Users\youne\Desktop\AutoMLapp\.venv\Lib\site-packages\pycaret\internal\pipeline.py", line 69, in _fit_one
    transformer.fit(*args)
  File "C:\Users\youne\Desktop\AutoMLapp\.venv\Lib\site-packages\sklearn\base.py", line 1474, in wrapper
    return fit_method(estimator, *args, **kwargs)
           ^^^^^^^^^^^^^^^^^^^^^^^^^^^^^^^^^^^^^^
  File "C:\Users\youne\Desktop\AutoMLapp\.venv\Lib\site-packages\sklearn\linear_model\_huber.py", line 297, in fit
    X, y = self._validate_data(
           ^^^^^^^^^^^^^^^^^^^^
  File "C:\Users\youne\Desktop\AutoMLapp\.venv\Lib\site-packages\sklearn\base.py", line 650, in _validate_data
    X, y = check_X_y(X, y, **check_params)
           ^^^^^^^^^^^^^^^^^^^^^^^^^^^^^^^
  File "C:\Users\youne\Desktop\AutoMLapp\.venv\Lib\site-packages\sklearn\utils\validation.py", line 1279, in check_X_y
    y = _check_y(y, multi_output=multi_output, y_numeric=y_numeric, estimator=estimator)
        ^^^^^^^^^^^^^^^^^^^^^^^^^^^^^^^^^^^^^^^^^^^^^^^^^^^^^^^^^^^^^^^^^^^^^^^^^^^^^^^^
  File "C:\Users\youne\Desktop\AutoMLapp\.venv\Lib\site-packages\sklearn\utils\validation.py", line 1304, in _check_y
    y = y.astype(np.float64)
        ^^^^^^^^^^^^^^^^^^^^
ValueError: could not convert string to float: 'Versicolor'


During handling of the above exception, another exception occurred:

Traceback (most recent call last):
  File "C:\Users\youne\Desktop\AutoMLapp\.venv\Lib\site-packages\pycaret\internal\pycaret_experiment\supervised_experiment.py", line 815, in compare_models
    model, model_fit_time = self._create_model(**create_model_args)
                            ^^^^^^^^^^^^^^^^^^^^^^^^^^^^^^^^^^^^^^^
  File "C:\Users\youne\Desktop\AutoMLapp\.venv\Lib\site-packages\pycaret\internal\pycaret_experiment\supervised_experiment.py", line 1533, in _create_model
    model, model_fit_time, model_results, _ = self._create_model_with_cv(
                                              ^^^^^^^^^^^^^^^^^^^^^^^^^^^
  File "C:\Users\youne\Desktop\AutoMLapp\.venv\Lib\site-packages\pycaret\internal\pycaret_experiment\supervised_experiment.py", line 1126, in _create_model_with_cv
    scores = cross_validate(
             ^^^^^^^^^^^^^^^
  File "C:\Users\youne\Desktop\AutoMLapp\.venv\Lib\site-packages\sklearn\utils\_param_validation.py", line 213, in wrapper
    return func(*args, **kwargs)
           ^^^^^^^^^^^^^^^^^^^^^
  File "C:\Users\youne\Desktop\AutoMLapp\.venv\Lib\site-packages\sklearn\model_selection\_validation.py", line 450, in cross_validate
    _warn_or_raise_about_fit_failures(results, error_score)
  File "C:\Users\youne\Desktop\AutoMLapp\.venv\Lib\site-packages\sklearn\model_selection\_validation.py", line 536, in _warn_or_raise_about_fit_failures
    raise ValueError(all_fits_failed_message)
ValueError: 
All the 10 fits failed.
It is very likely that your model is misconfigured.
You can try to debug the error by setting error_score='raise'.

Below are more details about the failures:
--------------------------------------------------------------------------------
1 fits failed with the following error:
Traceback (most recent call last):
  File "C:\Users\youne\Desktop\AutoMLapp\.venv\Lib\site-packages\sklearn\model_selection\_validation.py", line 895, in _fit_and_score
    estimator.fit(X_train, y_train, **fit_params)
  File "C:\Users\youne\Desktop\AutoMLapp\.venv\Lib\site-packages\pycaret\internal\pipeline.py", line 278, in fit
    fitted_estimator = self._memory_fit(
                       ^^^^^^^^^^^^^^^^^
  File "C:\Users\youne\Desktop\AutoMLapp\.venv\Lib\site-packages\joblib\memory.py", line 353, in __call__
    return self.func(*args, **kwargs)
           ^^^^^^^^^^^^^^^^^^^^^^^^^^
  File "C:\Users\youne\Desktop\AutoMLapp\.venv\Lib\site-packages\pycaret\internal\pipeline.py", line 69, in _fit_one
    transformer.fit(*args)
  File "C:\Users\youne\Desktop\AutoMLapp\.venv\Lib\site-packages\sklearn\base.py", line 1474, in wrapper
    return fit_method(estimator, *args, **kwargs)
           ^^^^^^^^^^^^^^^^^^^^^^^^^^^^^^^^^^^^^^
  File "C:\Users\youne\Desktop\AutoMLapp\.venv\Lib\site-packages\sklearn\linear_model\_huber.py", line 297, in fit
    X, y = self._validate_data(
           ^^^^^^^^^^^^^^^^^^^^
  File "C:\Users\youne\Desktop\AutoMLapp\.venv\Lib\site-packages\sklearn\base.py", line 650, in _validate_data
    X, y = check_X_y(X, y, **check_params)
           ^^^^^^^^^^^^^^^^^^^^^^^^^^^^^^^
  File "C:\Users\youne\Desktop\AutoMLapp\.venv\Lib\site-packages\sklearn\utils\validation.py", line 1279, in check_X_y
    y = _check_y(y, multi_output=multi_output, y_numeric=y_numeric, estimator=estimator)
        ^^^^^^^^^^^^^^^^^^^^^^^^^^^^^^^^^^^^^^^^^^^^^^^^^^^^^^^^^^^^^^^^^^^^^^^^^^^^^^^^
  File "C:\Users\youne\Desktop\AutoMLapp\.venv\Lib\site-packages\sklearn\utils\validation.py", line 1304, in _check_y
    y = y.astype(np.float64)
        ^^^^^^^^^^^^^^^^^^^^
ValueError: could not convert string to float: 'Setosa'

--------------------------------------------------------------------------------
9 fits failed with the following error:
Traceback (most recent call last):
  File "C:\Users\youne\Desktop\AutoMLapp\.venv\Lib\site-packages\sklearn\model_selection\_validation.py", line 895, in _fit_and_score
    estimator.fit(X_train, y_train, **fit_params)
  File "C:\Users\youne\Desktop\AutoMLapp\.venv\Lib\site-packages\pycaret\internal\pipeline.py", line 278, in fit
    fitted_estimator = self._memory_fit(
                       ^^^^^^^^^^^^^^^^^
  File "C:\Users\youne\Desktop\AutoMLapp\.venv\Lib\site-packages\joblib\memory.py", line 353, in __call__
    return self.func(*args, **kwargs)
           ^^^^^^^^^^^^^^^^^^^^^^^^^^
  File "C:\Users\youne\Desktop\AutoMLapp\.venv\Lib\site-packages\pycaret\internal\pipeline.py", line 69, in _fit_one
    transformer.fit(*args)
  File "C:\Users\youne\Desktop\AutoMLapp\.venv\Lib\site-packages\sklearn\base.py", line 1474, in wrapper
    return fit_method(estimator, *args, **kwargs)
           ^^^^^^^^^^^^^^^^^^^^^^^^^^^^^^^^^^^^^^
  File "C:\Users\youne\Desktop\AutoMLapp\.venv\Lib\site-packages\sklearn\linear_model\_huber.py", line 297, in fit
    X, y = self._validate_data(
           ^^^^^^^^^^^^^^^^^^^^
  File "C:\Users\youne\Desktop\AutoMLapp\.venv\Lib\site-packages\sklearn\base.py", line 650, in _validate_data
    X, y = check_X_y(X, y, **check_params)
           ^^^^^^^^^^^^^^^^^^^^^^^^^^^^^^^
  File "C:\Users\youne\Desktop\AutoMLapp\.venv\Lib\site-packages\sklearn\utils\validation.py", line 1279, in check_X_y
    y = _check_y(y, multi_output=multi_output, y_numeric=y_numeric, estimator=estimator)
        ^^^^^^^^^^^^^^^^^^^^^^^^^^^^^^^^^^^^^^^^^^^^^^^^^^^^^^^^^^^^^^^^^^^^^^^^^^^^^^^^
  File "C:\Users\youne\Desktop\AutoMLapp\.venv\Lib\site-packages\sklearn\utils\validation.py", line 1304, in _check_y
    y = y.astype(np.float64)
        ^^^^^^^^^^^^^^^^^^^^
ValueError: could not convert string to float: 'Versicolor'


2026-08-25 18:02:29,140:INFO:Initializing K Neighbors Regressor
2026-08-25 18:02:29,140:INFO:Total runtime is 0.11642124652862547 minutes
2026-08-25 18:02:29,140:INFO:SubProcess create_model() called ==================================
2026-08-25 18:02:29,141:INFO:Initializing create_model()
2026-08-25 18:02:29,141:INFO:create_model(self=<pycaret.regression.oop.RegressionExperiment object at 0x00000220CBD40450>, estimator=knn, fold=KFold(n_splits=10, random_state=None, shuffle=False), round=4, cross_validation=True, predict=True, fit_kwargs={}, groups=None, refit=False, probability_threshold=None, experiment_custom_tags=None, verbose=False, system=False, add_to_model_list=True, metrics=None, display=<pycaret.internal.display.display.CommonDisplay object at 0x000002211C6F2C10>, model_only=True, return_train_score=False, error_score=0.0, kwargs={})
2026-08-25 18:02:29,141:INFO:Checking exceptions
2026-08-25 18:02:29,141:INFO:Importing libraries
2026-08-25 18:02:29,141:INFO:Copying training dataset
2026-08-25 18:02:29,144:INFO:Defining folds
2026-08-25 18:02:29,144:INFO:Declaring metric variables
2026-08-25 18:02:29,144:INFO:Importing untrained model
2026-08-25 18:02:29,144:INFO:K Neighbors Regressor Imported successfully
2026-08-25 18:02:29,145:INFO:Starting cross validation
2026-08-25 18:02:29,145:INFO:Cross validating with KFold(n_splits=10, random_state=None, shuffle=False), n_jobs=-1
2026-08-25 18:02:29,296:WARNING:C:\Users\youne\Desktop\AutoMLapp\.venv\Lib\site-packages\pycaret\internal\metrics.py:204: FitFailedWarning: Metric 'make_scorer(root_mean_squared_log_error, greater_is_better=False, response_method='predict')' failed and error score 0.0 has been returned instead. If this is a custom metric, this usually means that the error is in the metric code. Full exception below:
Traceback (most recent call last):
  File "C:\Users\youne\Desktop\AutoMLapp\.venv\Lib\site-packages\pycaret\internal\metrics.py", line 196, in _score
    return super()._score(
           ^^^^^^^^^^^^^^^
  File "C:\Users\youne\Desktop\AutoMLapp\.venv\Lib\site-packages\sklearn\metrics\_scorer.py", line 345, in _score
    y_pred = method_caller(
             ^^^^^^^^^^^^^^
  File "C:\Users\youne\Desktop\AutoMLapp\.venv\Lib\site-packages\sklearn\metrics\_scorer.py", line 87, in _cached_call
    result, _ = _get_response_values(
                ^^^^^^^^^^^^^^^^^^^^^
  File "C:\Users\youne\Desktop\AutoMLapp\.venv\Lib\site-packages\sklearn\utils\_response.py", line 238, in _get_response_values
    y_pred, pos_label = prediction_method(X), None
                        ^^^^^^^^^^^^^^^^^^^^
  File "C:\Users\youne\Desktop\AutoMLapp\.venv\Lib\site-packages\pycaret\internal\pipeline.py", line 330, in predict
    y = self.steps[-1][-1].predict(X, **params)
        ^^^^^^^^^^^^^^^^^^^^^^^^^^^^^^^^^^^^^^^
  File "C:\Users\youne\Desktop\AutoMLapp\.venv\Lib\site-packages\sklearn\neighbors\_regression.py", line 254, in predict
    y_pred = np.mean(_y[neigh_ind], axis=1)
             ^^^^^^^^^^^^^^^^^^^^^^^^^^^^^^
  File "C:\Users\youne\Desktop\AutoMLapp\.venv\Lib\site-packages\numpy\core\fromnumeric.py", line 3504, in mean
    return _methods._mean(a, axis=axis, dtype=dtype,
           ^^^^^^^^^^^^^^^^^^^^^^^^^^^^^^^^^^^^^^^^^
  File "C:\Users\youne\Desktop\AutoMLapp\.venv\Lib\site-packages\numpy\core\_methods.py", line 121, in _mean
    ret = um.true_divide(
          ^^^^^^^^^^^^^^^
TypeError: unsupported operand type(s) for /: 'str' and 'int'

  warnings.warn(

2026-08-25 18:02:29,296:WARNING:C:\Users\youne\Desktop\AutoMLapp\.venv\Lib\site-packages\pycaret\internal\metrics.py:204: FitFailedWarning: Metric 'make_scorer(root_mean_squared_log_error, greater_is_better=False, response_method='predict')' failed and error score 0.0 has been returned instead. If this is a custom metric, this usually means that the error is in the metric code. Full exception below:
Traceback (most recent call last):
  File "C:\Users\youne\Desktop\AutoMLapp\.venv\Lib\site-packages\pycaret\internal\metrics.py", line 196, in _score
    return super()._score(
           ^^^^^^^^^^^^^^^
  File "C:\Users\youne\Desktop\AutoMLapp\.venv\Lib\site-packages\sklearn\metrics\_scorer.py", line 345, in _score
    y_pred = method_caller(
             ^^^^^^^^^^^^^^
  File "C:\Users\youne\Desktop\AutoMLapp\.venv\Lib\site-packages\sklearn\metrics\_scorer.py", line 87, in _cached_call
    result, _ = _get_response_values(
                ^^^^^^^^^^^^^^^^^^^^^
  File "C:\Users\youne\Desktop\AutoMLapp\.venv\Lib\site-packages\sklearn\utils\_response.py", line 238, in _get_response_values
    y_pred, pos_label = prediction_method(X), None
                        ^^^^^^^^^^^^^^^^^^^^
  File "C:\Users\youne\Desktop\AutoMLapp\.venv\Lib\site-packages\pycaret\internal\pipeline.py", line 330, in predict
    y = self.steps[-1][-1].predict(X, **params)
        ^^^^^^^^^^^^^^^^^^^^^^^^^^^^^^^^^^^^^^^
  File "C:\Users\youne\Desktop\AutoMLapp\.venv\Lib\site-packages\sklearn\neighbors\_regression.py", line 254, in predict
    y_pred = np.mean(_y[neigh_ind], axis=1)
             ^^^^^^^^^^^^^^^^^^^^^^^^^^^^^^
  File "C:\Users\youne\Desktop\AutoMLapp\.venv\Lib\site-packages\numpy\core\fromnumeric.py", line 3504, in mean
    return _methods._mean(a, axis=axis, dtype=dtype,
           ^^^^^^^^^^^^^^^^^^^^^^^^^^^^^^^^^^^^^^^^^
  File "C:\Users\youne\Desktop\AutoMLapp\.venv\Lib\site-packages\numpy\core\_methods.py", line 121, in _mean
    ret = um.true_divide(
          ^^^^^^^^^^^^^^^
TypeError: unsupported operand type(s) for /: 'str' and 'int'

  warnings.warn(

2026-08-25 18:02:29,300:WARNING:C:\Users\youne\Desktop\AutoMLapp\.venv\Lib\site-packages\pycaret\internal\metrics.py:204: FitFailedWarning: Metric 'make_scorer(root_mean_squared_log_error, greater_is_better=False, response_method='predict')' failed and error score 0.0 has been returned instead. If this is a custom metric, this usually means that the error is in the metric code. Full exception below:
Traceback (most recent call last):
  File "C:\Users\youne\Desktop\AutoMLapp\.venv\Lib\site-packages\pycaret\internal\metrics.py", line 196, in _score
    return super()._score(
           ^^^^^^^^^^^^^^^
  File "C:\Users\youne\Desktop\AutoMLapp\.venv\Lib\site-packages\sklearn\metrics\_scorer.py", line 345, in _score
    y_pred = method_caller(
             ^^^^^^^^^^^^^^
  File "C:\Users\youne\Desktop\AutoMLapp\.venv\Lib\site-packages\sklearn\metrics\_scorer.py", line 87, in _cached_call
    result, _ = _get_response_values(
                ^^^^^^^^^^^^^^^^^^^^^
  File "C:\Users\youne\Desktop\AutoMLapp\.venv\Lib\site-packages\sklearn\utils\_response.py", line 238, in _get_response_values
    y_pred, pos_label = prediction_method(X), None
                        ^^^^^^^^^^^^^^^^^^^^
  File "C:\Users\youne\Desktop\AutoMLapp\.venv\Lib\site-packages\pycaret\internal\pipeline.py", line 330, in predict
    y = self.steps[-1][-1].predict(X, **params)
        ^^^^^^^^^^^^^^^^^^^^^^^^^^^^^^^^^^^^^^^
  File "C:\Users\youne\Desktop\AutoMLapp\.venv\Lib\site-packages\sklearn\neighbors\_regression.py", line 254, in predict
    y_pred = np.mean(_y[neigh_ind], axis=1)
             ^^^^^^^^^^^^^^^^^^^^^^^^^^^^^^
  File "C:\Users\youne\Desktop\AutoMLapp\.venv\Lib\site-packages\numpy\core\fromnumeric.py", line 3504, in mean
    return _methods._mean(a, axis=axis, dtype=dtype,
           ^^^^^^^^^^^^^^^^^^^^^^^^^^^^^^^^^^^^^^^^^
  File "C:\Users\youne\Desktop\AutoMLapp\.venv\Lib\site-packages\numpy\core\_methods.py", line 121, in _mean
    ret = um.true_divide(
          ^^^^^^^^^^^^^^^
TypeError: unsupported operand type(s) for /: 'str' and 'int'

  warnings.warn(

2026-08-25 18:02:29,303:WARNING:C:\Users\youne\Desktop\AutoMLapp\.venv\Lib\site-packages\pycaret\internal\metrics.py:204: FitFailedWarning: Metric 'make_scorer(root_mean_squared_log_error, greater_is_better=False, response_method='predict')' failed and error score 0.0 has been returned instead. If this is a custom metric, this usually means that the error is in the metric code. Full exception below:
Traceback (most recent call last):
  File "C:\Users\youne\Desktop\AutoMLapp\.venv\Lib\site-packages\pycaret\internal\metrics.py", line 196, in _score
    return super()._score(
           ^^^^^^^^^^^^^^^
  File "C:\Users\youne\Desktop\AutoMLapp\.venv\Lib\site-packages\sklearn\metrics\_scorer.py", line 345, in _score
    y_pred = method_caller(
             ^^^^^^^^^^^^^^
  File "C:\Users\youne\Desktop\AutoMLapp\.venv\Lib\site-packages\sklearn\metrics\_scorer.py", line 87, in _cached_call
    result, _ = _get_response_values(
                ^^^^^^^^^^^^^^^^^^^^^
  File "C:\Users\youne\Desktop\AutoMLapp\.venv\Lib\site-packages\sklearn\utils\_response.py", line 238, in _get_response_values
    y_pred, pos_label = prediction_method(X), None
                        ^^^^^^^^^^^^^^^^^^^^
  File "C:\Users\youne\Desktop\AutoMLapp\.venv\Lib\site-packages\pycaret\internal\pipeline.py", line 330, in predict
    y = self.steps[-1][-1].predict(X, **params)
        ^^^^^^^^^^^^^^^^^^^^^^^^^^^^^^^^^^^^^^^
  File "C:\Users\youne\Desktop\AutoMLapp\.venv\Lib\site-packages\sklearn\neighbors\_regression.py", line 254, in predict
    y_pred = np.mean(_y[neigh_ind], axis=1)
             ^^^^^^^^^^^^^^^^^^^^^^^^^^^^^^
  File "C:\Users\youne\Desktop\AutoMLapp\.venv\Lib\site-packages\numpy\core\fromnumeric.py", line 3504, in mean
    return _methods._mean(a, axis=axis, dtype=dtype,
           ^^^^^^^^^^^^^^^^^^^^^^^^^^^^^^^^^^^^^^^^^
  File "C:\Users\youne\Desktop\AutoMLapp\.venv\Lib\site-packages\numpy\core\_methods.py", line 121, in _mean
    ret = um.true_divide(
          ^^^^^^^^^^^^^^^
TypeError: unsupported operand type(s) for /: 'str' and 'int'

  warnings.warn(

2026-08-25 18:02:29,305:WARNING:C:\Users\youne\Desktop\AutoMLapp\.venv\Lib\site-packages\pycaret\internal\metrics.py:204: FitFailedWarning: Metric 'make_scorer(root_mean_squared_log_error, greater_is_better=False, response_method='predict')' failed and error score 0.0 has been returned instead. If this is a custom metric, this usually means that the error is in the metric code. Full exception below:
Traceback (most recent call last):
  File "C:\Users\youne\Desktop\AutoMLapp\.venv\Lib\site-packages\pycaret\internal\metrics.py", line 196, in _score
    return super()._score(
           ^^^^^^^^^^^^^^^
  File "C:\Users\youne\Desktop\AutoMLapp\.venv\Lib\site-packages\sklearn\metrics\_scorer.py", line 345, in _score
    y_pred = method_caller(
             ^^^^^^^^^^^^^^
  File "C:\Users\youne\Desktop\AutoMLapp\.venv\Lib\site-packages\sklearn\metrics\_scorer.py", line 87, in _cached_call
    result, _ = _get_response_values(
                ^^^^^^^^^^^^^^^^^^^^^
  File "C:\Users\youne\Desktop\AutoMLapp\.venv\Lib\site-packages\sklearn\utils\_response.py", line 238, in _get_response_values
    y_pred, pos_label = prediction_method(X), None
                        ^^^^^^^^^^^^^^^^^^^^
  File "C:\Users\youne\Desktop\AutoMLapp\.venv\Lib\site-packages\pycaret\internal\pipeline.py", line 330, in predict
    y = self.steps[-1][-1].predict(X, **params)
        ^^^^^^^^^^^^^^^^^^^^^^^^^^^^^^^^^^^^^^^
  File "C:\Users\youne\Desktop\AutoMLapp\.venv\Lib\site-packages\sklearn\neighbors\_regression.py", line 254, in predict
    y_pred = np.mean(_y[neigh_ind], axis=1)
             ^^^^^^^^^^^^^^^^^^^^^^^^^^^^^^
  File "C:\Users\youne\Desktop\AutoMLapp\.venv\Lib\site-packages\numpy\core\fromnumeric.py", line 3504, in mean
    return _methods._mean(a, axis=axis, dtype=dtype,
           ^^^^^^^^^^^^^^^^^^^^^^^^^^^^^^^^^^^^^^^^^
  File "C:\Users\youne\Desktop\AutoMLapp\.venv\Lib\site-packages\numpy\core\_methods.py", line 121, in _mean
    ret = um.true_divide(
          ^^^^^^^^^^^^^^^
TypeError: unsupported operand type(s) for /: 'str' and 'int'

  warnings.warn(

2026-08-25 18:02:29,305:WARNING:C:\Users\youne\Desktop\AutoMLapp\.venv\Lib\site-packages\pycaret\internal\metrics.py:204: FitFailedWarning: Metric 'make_scorer(root_mean_squared_log_error, greater_is_better=False, response_method='predict')' failed and error score 0.0 has been returned instead. If this is a custom metric, this usually means that the error is in the metric code. Full exception below:
Traceback (most recent call last):
  File "C:\Users\youne\Desktop\AutoMLapp\.venv\Lib\site-packages\pycaret\internal\metrics.py", line 196, in _score
    return super()._score(
           ^^^^^^^^^^^^^^^
  File "C:\Users\youne\Desktop\AutoMLapp\.venv\Lib\site-packages\sklearn\metrics\_scorer.py", line 345, in _score
    y_pred = method_caller(
             ^^^^^^^^^^^^^^
  File "C:\Users\youne\Desktop\AutoMLapp\.venv\Lib\site-packages\sklearn\metrics\_scorer.py", line 87, in _cached_call
    result, _ = _get_response_values(
                ^^^^^^^^^^^^^^^^^^^^^
  File "C:\Users\youne\Desktop\AutoMLapp\.venv\Lib\site-packages\sklearn\utils\_response.py", line 238, in _get_response_values
    y_pred, pos_label = prediction_method(X), None
                        ^^^^^^^^^^^^^^^^^^^^
  File "C:\Users\youne\Desktop\AutoMLapp\.venv\Lib\site-packages\pycaret\internal\pipeline.py", line 330, in predict
    y = self.steps[-1][-1].predict(X, **params)
        ^^^^^^^^^^^^^^^^^^^^^^^^^^^^^^^^^^^^^^^
  File "C:\Users\youne\Desktop\AutoMLapp\.venv\Lib\site-packages\sklearn\neighbors\_regression.py", line 254, in predict
    y_pred = np.mean(_y[neigh_ind], axis=1)
             ^^^^^^^^^^^^^^^^^^^^^^^^^^^^^^
  File "C:\Users\youne\Desktop\AutoMLapp\.venv\Lib\site-packages\numpy\core\fromnumeric.py", line 3504, in mean
    return _methods._mean(a, axis=axis, dtype=dtype,
           ^^^^^^^^^^^^^^^^^^^^^^^^^^^^^^^^^^^^^^^^^
  File "C:\Users\youne\Desktop\AutoMLapp\.venv\Lib\site-packages\numpy\core\_methods.py", line 121, in _mean
    ret = um.true_divide(
          ^^^^^^^^^^^^^^^
TypeError: unsupported operand type(s) for /: 'str' and 'int'

  warnings.warn(

2026-08-25 18:02:29,308:WARNING:C:\Users\youne\Desktop\AutoMLapp\.venv\Lib\site-packages\pycaret\internal\metrics.py:204: FitFailedWarning: Metric 'make_scorer(root_mean_squared_log_error, greater_is_better=False, response_method='predict')' failed and error score 0.0 has been returned instead. If this is a custom metric, this usually means that the error is in the metric code. Full exception below:
Traceback (most recent call last):
  File "C:\Users\youne\Desktop\AutoMLapp\.venv\Lib\site-packages\pycaret\internal\metrics.py", line 196, in _score
    return super()._score(
           ^^^^^^^^^^^^^^^
  File "C:\Users\youne\Desktop\AutoMLapp\.venv\Lib\site-packages\sklearn\metrics\_scorer.py", line 345, in _score
    y_pred = method_caller(
             ^^^^^^^^^^^^^^
  File "C:\Users\youne\Desktop\AutoMLapp\.venv\Lib\site-packages\sklearn\metrics\_scorer.py", line 87, in _cached_call
    result, _ = _get_response_values(
                ^^^^^^^^^^^^^^^^^^^^^
  File "C:\Users\youne\Desktop\AutoMLapp\.venv\Lib\site-packages\sklearn\utils\_response.py", line 238, in _get_response_values
    y_pred, pos_label = prediction_method(X), None
                        ^^^^^^^^^^^^^^^^^^^^
  File "C:\Users\youne\Desktop\AutoMLapp\.venv\Lib\site-packages\pycaret\internal\pipeline.py", line 330, in predict
    y = self.steps[-1][-1].predict(X, **params)
        ^^^^^^^^^^^^^^^^^^^^^^^^^^^^^^^^^^^^^^^
  File "C:\Users\youne\Desktop\AutoMLapp\.venv\Lib\site-packages\sklearn\neighbors\_regression.py", line 254, in predict
    y_pred = np.mean(_y[neigh_ind], axis=1)
             ^^^^^^^^^^^^^^^^^^^^^^^^^^^^^^
  File "C:\Users\youne\Desktop\AutoMLapp\.venv\Lib\site-packages\numpy\core\fromnumeric.py", line 3504, in mean
    return _methods._mean(a, axis=axis, dtype=dtype,
           ^^^^^^^^^^^^^^^^^^^^^^^^^^^^^^^^^^^^^^^^^
  File "C:\Users\youne\Desktop\AutoMLapp\.venv\Lib\site-packages\numpy\core\_methods.py", line 121, in _mean
    ret = um.true_divide(
          ^^^^^^^^^^^^^^^
TypeError: unsupported operand type(s) for /: 'str' and 'int'

  warnings.warn(

2026-08-25 18:02:29,316:WARNING:C:\Users\youne\Desktop\AutoMLapp\.venv\Lib\site-packages\pycaret\internal\metrics.py:204: FitFailedWarning: Metric 'make_scorer(root_mean_squared_log_error, greater_is_better=False, response_method='predict')' failed and error score 0.0 has been returned instead. If this is a custom metric, this usually means that the error is in the metric code. Full exception below:
Traceback (most recent call last):
  File "C:\Users\youne\Desktop\AutoMLapp\.venv\Lib\site-packages\pycaret\internal\metrics.py", line 196, in _score
    return super()._score(
           ^^^^^^^^^^^^^^^
  File "C:\Users\youne\Desktop\AutoMLapp\.venv\Lib\site-packages\sklearn\metrics\_scorer.py", line 345, in _score
    y_pred = method_caller(
             ^^^^^^^^^^^^^^
  File "C:\Users\youne\Desktop\AutoMLapp\.venv\Lib\site-packages\sklearn\metrics\_scorer.py", line 87, in _cached_call
    result, _ = _get_response_values(
                ^^^^^^^^^^^^^^^^^^^^^
  File "C:\Users\youne\Desktop\AutoMLapp\.venv\Lib\site-packages\sklearn\utils\_response.py", line 238, in _get_response_values
    y_pred, pos_label = prediction_method(X), None
                        ^^^^^^^^^^^^^^^^^^^^
  File "C:\Users\youne\Desktop\AutoMLapp\.venv\Lib\site-packages\pycaret\internal\pipeline.py", line 330, in predict
    y = self.steps[-1][-1].predict(X, **params)
        ^^^^^^^^^^^^^^^^^^^^^^^^^^^^^^^^^^^^^^^
  File "C:\Users\youne\Desktop\AutoMLapp\.venv\Lib\site-packages\sklearn\neighbors\_regression.py", line 254, in predict
    y_pred = np.mean(_y[neigh_ind], axis=1)
             ^^^^^^^^^^^^^^^^^^^^^^^^^^^^^^
  File "C:\Users\youne\Desktop\AutoMLapp\.venv\Lib\site-packages\numpy\core\fromnumeric.py", line 3504, in mean
    return _methods._mean(a, axis=axis, dtype=dtype,
           ^^^^^^^^^^^^^^^^^^^^^^^^^^^^^^^^^^^^^^^^^
  File "C:\Users\youne\Desktop\AutoMLapp\.venv\Lib\site-packages\numpy\core\_methods.py", line 121, in _mean
    ret = um.true_divide(
          ^^^^^^^^^^^^^^^
TypeError: unsupported operand type(s) for /: 'str' and 'int'

  warnings.warn(

2026-08-25 18:02:29,316:WARNING:C:\Users\youne\Desktop\AutoMLapp\.venv\Lib\site-packages\pycaret\internal\metrics.py:204: FitFailedWarning: Metric 'make_scorer(root_mean_squared_log_error, greater_is_better=False, response_method='predict')' failed and error score 0.0 has been returned instead. If this is a custom metric, this usually means that the error is in the metric code. Full exception below:
Traceback (most recent call last):
  File "C:\Users\youne\Desktop\AutoMLapp\.venv\Lib\site-packages\pycaret\internal\metrics.py", line 196, in _score
    return super()._score(
           ^^^^^^^^^^^^^^^
  File "C:\Users\youne\Desktop\AutoMLapp\.venv\Lib\site-packages\sklearn\metrics\_scorer.py", line 345, in _score
    y_pred = method_caller(
             ^^^^^^^^^^^^^^
  File "C:\Users\youne\Desktop\AutoMLapp\.venv\Lib\site-packages\sklearn\metrics\_scorer.py", line 87, in _cached_call
    result, _ = _get_response_values(
                ^^^^^^^^^^^^^^^^^^^^^
  File "C:\Users\youne\Desktop\AutoMLapp\.venv\Lib\site-packages\sklearn\utils\_response.py", line 238, in _get_response_values
    y_pred, pos_label = prediction_method(X), None
                        ^^^^^^^^^^^^^^^^^^^^
  File "C:\Users\youne\Desktop\AutoMLapp\.venv\Lib\site-packages\pycaret\internal\pipeline.py", line 330, in predict
    y = self.steps[-1][-1].predict(X, **params)
        ^^^^^^^^^^^^^^^^^^^^^^^^^^^^^^^^^^^^^^^
  File "C:\Users\youne\Desktop\AutoMLapp\.venv\Lib\site-packages\sklearn\neighbors\_regression.py", line 254, in predict
    y_pred = np.mean(_y[neigh_ind], axis=1)
             ^^^^^^^^^^^^^^^^^^^^^^^^^^^^^^
  File "C:\Users\youne\Desktop\AutoMLapp\.venv\Lib\site-packages\numpy\core\fromnumeric.py", line 3504, in mean
    return _methods._mean(a, axis=axis, dtype=dtype,
           ^^^^^^^^^^^^^^^^^^^^^^^^^^^^^^^^^^^^^^^^^
  File "C:\Users\youne\Desktop\AutoMLapp\.venv\Lib\site-packages\numpy\core\_methods.py", line 121, in _mean
    ret = um.true_divide(
          ^^^^^^^^^^^^^^^
TypeError: unsupported operand type(s) for /: 'str' and 'int'

  warnings.warn(

2026-08-25 18:02:29,317:WARNING:C:\Users\youne\Desktop\AutoMLapp\.venv\Lib\site-packages\pycaret\internal\metrics.py:204: FitFailedWarning: Metric 'make_scorer(mean_absolute_percentage_error, greater_is_better=False, response_method='predict')' failed and error score 0.0 has been returned instead. If this is a custom metric, this usually means that the error is in the metric code. Full exception below:
Traceback (most recent call last):
  File "C:\Users\youne\Desktop\AutoMLapp\.venv\Lib\site-packages\pycaret\internal\metrics.py", line 196, in _score
    return super()._score(
           ^^^^^^^^^^^^^^^
  File "C:\Users\youne\Desktop\AutoMLapp\.venv\Lib\site-packages\sklearn\metrics\_scorer.py", line 345, in _score
    y_pred = method_caller(
             ^^^^^^^^^^^^^^
  File "C:\Users\youne\Desktop\AutoMLapp\.venv\Lib\site-packages\sklearn\metrics\_scorer.py", line 87, in _cached_call
    result, _ = _get_response_values(
                ^^^^^^^^^^^^^^^^^^^^^
  File "C:\Users\youne\Desktop\AutoMLapp\.venv\Lib\site-packages\sklearn\utils\_response.py", line 238, in _get_response_values
    y_pred, pos_label = prediction_method(X), None
                        ^^^^^^^^^^^^^^^^^^^^
  File "C:\Users\youne\Desktop\AutoMLapp\.venv\Lib\site-packages\pycaret\internal\pipeline.py", line 330, in predict
    y = self.steps[-1][-1].predict(X, **params)
        ^^^^^^^^^^^^^^^^^^^^^^^^^^^^^^^^^^^^^^^
  File "C:\Users\youne\Desktop\AutoMLapp\.venv\Lib\site-packages\sklearn\neighbors\_regression.py", line 254, in predict
    y_pred = np.mean(_y[neigh_ind], axis=1)
             ^^^^^^^^^^^^^^^^^^^^^^^^^^^^^^
  File "C:\Users\youne\Desktop\AutoMLapp\.venv\Lib\site-packages\numpy\core\fromnumeric.py", line 3504, in mean
    return _methods._mean(a, axis=axis, dtype=dtype,
           ^^^^^^^^^^^^^^^^^^^^^^^^^^^^^^^^^^^^^^^^^
  File "C:\Users\youne\Desktop\AutoMLapp\.venv\Lib\site-packages\numpy\core\_methods.py", line 121, in _mean
    ret = um.true_divide(
          ^^^^^^^^^^^^^^^
TypeError: unsupported operand type(s) for /: 'str' and 'int'

  warnings.warn(

2026-08-25 18:02:29,317:WARNING:C:\Users\youne\Desktop\AutoMLapp\.venv\Lib\site-packages\pycaret\internal\metrics.py:204: FitFailedWarning: Metric 'make_scorer(mean_absolute_percentage_error, greater_is_better=False, response_method='predict')' failed and error score 0.0 has been returned instead. If this is a custom metric, this usually means that the error is in the metric code. Full exception below:
Traceback (most recent call last):
  File "C:\Users\youne\Desktop\AutoMLapp\.venv\Lib\site-packages\pycaret\internal\metrics.py", line 196, in _score
    return super()._score(
           ^^^^^^^^^^^^^^^
  File "C:\Users\youne\Desktop\AutoMLapp\.venv\Lib\site-packages\sklearn\metrics\_scorer.py", line 345, in _score
    y_pred = method_caller(
             ^^^^^^^^^^^^^^
  File "C:\Users\youne\Desktop\AutoMLapp\.venv\Lib\site-packages\sklearn\metrics\_scorer.py", line 87, in _cached_call
    result, _ = _get_response_values(
                ^^^^^^^^^^^^^^^^^^^^^
  File "C:\Users\youne\Desktop\AutoMLapp\.venv\Lib\site-packages\sklearn\utils\_response.py", line 238, in _get_response_values
    y_pred, pos_label = prediction_method(X), None
                        ^^^^^^^^^^^^^^^^^^^^
  File "C:\Users\youne\Desktop\AutoMLapp\.venv\Lib\site-packages\pycaret\internal\pipeline.py", line 330, in predict
    y = self.steps[-1][-1].predict(X, **params)
        ^^^^^^^^^^^^^^^^^^^^^^^^^^^^^^^^^^^^^^^
  File "C:\Users\youne\Desktop\AutoMLapp\.venv\Lib\site-packages\sklearn\neighbors\_regression.py", line 254, in predict
    y_pred = np.mean(_y[neigh_ind], axis=1)
             ^^^^^^^^^^^^^^^^^^^^^^^^^^^^^^
  File "C:\Users\youne\Desktop\AutoMLapp\.venv\Lib\site-packages\numpy\core\fromnumeric.py", line 3504, in mean
    return _methods._mean(a, axis=axis, dtype=dtype,
           ^^^^^^^^^^^^^^^^^^^^^^^^^^^^^^^^^^^^^^^^^
  File "C:\Users\youne\Desktop\AutoMLapp\.venv\Lib\site-packages\numpy\core\_methods.py", line 121, in _mean
    ret = um.true_divide(
          ^^^^^^^^^^^^^^^
TypeError: unsupported operand type(s) for /: 'str' and 'int'

  warnings.warn(

2026-08-25 18:02:29,317:WARNING:C:\Users\youne\Desktop\AutoMLapp\.venv\Lib\site-packages\sklearn\model_selection\_validation.py:1011: UserWarning: Scoring failed. The score on this train-test partition for these parameters will be set to 0.0. Details: 
Traceback (most recent call last):
  File "C:\Users\youne\Desktop\AutoMLapp\.venv\Lib\site-packages\sklearn\metrics\_scorer.py", line 137, in __call__
    score = scorer._score(
            ^^^^^^^^^^^^^^
  File "C:\Users\youne\Desktop\AutoMLapp\.venv\Lib\site-packages\sklearn\metrics\_scorer.py", line 345, in _score
    y_pred = method_caller(
             ^^^^^^^^^^^^^^
  File "C:\Users\youne\Desktop\AutoMLapp\.venv\Lib\site-packages\sklearn\metrics\_scorer.py", line 87, in _cached_call
    result, _ = _get_response_values(
                ^^^^^^^^^^^^^^^^^^^^^
  File "C:\Users\youne\Desktop\AutoMLapp\.venv\Lib\site-packages\sklearn\utils\_response.py", line 238, in _get_response_values
    y_pred, pos_label = prediction_method(X), None
                        ^^^^^^^^^^^^^^^^^^^^
  File "C:\Users\youne\Desktop\AutoMLapp\.venv\Lib\site-packages\pycaret\internal\pipeline.py", line 330, in predict
    y = self.steps[-1][-1].predict(X, **params)
        ^^^^^^^^^^^^^^^^^^^^^^^^^^^^^^^^^^^^^^^
  File "C:\Users\youne\Desktop\AutoMLapp\.venv\Lib\site-packages\sklearn\neighbors\_regression.py", line 254, in predict
    y_pred = np.mean(_y[neigh_ind], axis=1)
             ^^^^^^^^^^^^^^^^^^^^^^^^^^^^^^
  File "C:\Users\youne\Desktop\AutoMLapp\.venv\Lib\site-packages\numpy\core\fromnumeric.py", line 3504, in mean
    return _methods._mean(a, axis=axis, dtype=dtype,
           ^^^^^^^^^^^^^^^^^^^^^^^^^^^^^^^^^^^^^^^^^
  File "C:\Users\youne\Desktop\AutoMLapp\.venv\Lib\site-packages\numpy\core\_methods.py", line 121, in _mean
    ret = um.true_divide(
          ^^^^^^^^^^^^^^^
TypeError: unsupported operand type(s) for /: 'str' and 'int'

  warnings.warn(

2026-08-25 18:02:29,317:WARNING:C:\Users\youne\Desktop\AutoMLapp\.venv\Lib\site-packages\sklearn\model_selection\_validation.py:1011: UserWarning: Scoring failed. The score on this train-test partition for these parameters will be set to 0.0. Details: 
Traceback (most recent call last):
  File "C:\Users\youne\Desktop\AutoMLapp\.venv\Lib\site-packages\sklearn\metrics\_scorer.py", line 137, in __call__
    score = scorer._score(
            ^^^^^^^^^^^^^^
  File "C:\Users\youne\Desktop\AutoMLapp\.venv\Lib\site-packages\sklearn\metrics\_scorer.py", line 345, in _score
    y_pred = method_caller(
             ^^^^^^^^^^^^^^
  File "C:\Users\youne\Desktop\AutoMLapp\.venv\Lib\site-packages\sklearn\metrics\_scorer.py", line 87, in _cached_call
    result, _ = _get_response_values(
                ^^^^^^^^^^^^^^^^^^^^^
  File "C:\Users\youne\Desktop\AutoMLapp\.venv\Lib\site-packages\sklearn\utils\_response.py", line 238, in _get_response_values
    y_pred, pos_label = prediction_method(X), None
                        ^^^^^^^^^^^^^^^^^^^^
  File "C:\Users\youne\Desktop\AutoMLapp\.venv\Lib\site-packages\pycaret\internal\pipeline.py", line 330, in predict
    y = self.steps[-1][-1].predict(X, **params)
        ^^^^^^^^^^^^^^^^^^^^^^^^^^^^^^^^^^^^^^^
  File "C:\Users\youne\Desktop\AutoMLapp\.venv\Lib\site-packages\sklearn\neighbors\_regression.py", line 254, in predict
    y_pred = np.mean(_y[neigh_ind], axis=1)
             ^^^^^^^^^^^^^^^^^^^^^^^^^^^^^^
  File "C:\Users\youne\Desktop\AutoMLapp\.venv\Lib\site-packages\numpy\core\fromnumeric.py", line 3504, in mean
    return _methods._mean(a, axis=axis, dtype=dtype,
           ^^^^^^^^^^^^^^^^^^^^^^^^^^^^^^^^^^^^^^^^^
  File "C:\Users\youne\Desktop\AutoMLapp\.venv\Lib\site-packages\numpy\core\_methods.py", line 121, in _mean
    ret = um.true_divide(
          ^^^^^^^^^^^^^^^
TypeError: unsupported operand type(s) for /: 'str' and 'int'

  warnings.warn(

2026-08-25 18:02:29,318:WARNING:C:\Users\youne\Desktop\AutoMLapp\.venv\Lib\site-packages\pycaret\internal\metrics.py:204: FitFailedWarning: Metric 'make_scorer(root_mean_squared_log_error, greater_is_better=False, response_method='predict')' failed and error score 0.0 has been returned instead. If this is a custom metric, this usually means that the error is in the metric code. Full exception below:
Traceback (most recent call last):
  File "C:\Users\youne\Desktop\AutoMLapp\.venv\Lib\site-packages\pycaret\internal\metrics.py", line 196, in _score
    return super()._score(
           ^^^^^^^^^^^^^^^
  File "C:\Users\youne\Desktop\AutoMLapp\.venv\Lib\site-packages\sklearn\metrics\_scorer.py", line 345, in _score
    y_pred = method_caller(
             ^^^^^^^^^^^^^^
  File "C:\Users\youne\Desktop\AutoMLapp\.venv\Lib\site-packages\sklearn\metrics\_scorer.py", line 87, in _cached_call
    result, _ = _get_response_values(
                ^^^^^^^^^^^^^^^^^^^^^
  File "C:\Users\youne\Desktop\AutoMLapp\.venv\Lib\site-packages\sklearn\utils\_response.py", line 238, in _get_response_values
    y_pred, pos_label = prediction_method(X), None
                        ^^^^^^^^^^^^^^^^^^^^
  File "C:\Users\youne\Desktop\AutoMLapp\.venv\Lib\site-packages\pycaret\internal\pipeline.py", line 330, in predict
    y = self.steps[-1][-1].predict(X, **params)
        ^^^^^^^^^^^^^^^^^^^^^^^^^^^^^^^^^^^^^^^
  File "C:\Users\youne\Desktop\AutoMLapp\.venv\Lib\site-packages\sklearn\neighbors\_regression.py", line 254, in predict
    y_pred = np.mean(_y[neigh_ind], axis=1)
             ^^^^^^^^^^^^^^^^^^^^^^^^^^^^^^
  File "C:\Users\youne\Desktop\AutoMLapp\.venv\Lib\site-packages\numpy\core\fromnumeric.py", line 3504, in mean
    return _methods._mean(a, axis=axis, dtype=dtype,
           ^^^^^^^^^^^^^^^^^^^^^^^^^^^^^^^^^^^^^^^^^
  File "C:\Users\youne\Desktop\AutoMLapp\.venv\Lib\site-packages\numpy\core\_methods.py", line 121, in _mean
    ret = um.true_divide(
          ^^^^^^^^^^^^^^^
TypeError: unsupported operand type(s) for /: 'str' and 'int'

  warnings.warn(

2026-08-25 18:02:29,322:WARNING:C:\Users\youne\Desktop\AutoMLapp\.venv\Lib\site-packages\pycaret\internal\metrics.py:204: FitFailedWarning: Metric 'make_scorer(mean_absolute_percentage_error, greater_is_better=False, response_method='predict')' failed and error score 0.0 has been returned instead. If this is a custom metric, this usually means that the error is in the metric code. Full exception below:
Traceback (most recent call last):
  File "C:\Users\youne\Desktop\AutoMLapp\.venv\Lib\site-packages\pycaret\internal\metrics.py", line 196, in _score
    return super()._score(
           ^^^^^^^^^^^^^^^
  File "C:\Users\youne\Desktop\AutoMLapp\.venv\Lib\site-packages\sklearn\metrics\_scorer.py", line 345, in _score
    y_pred = method_caller(
             ^^^^^^^^^^^^^^
  File "C:\Users\youne\Desktop\AutoMLapp\.venv\Lib\site-packages\sklearn\metrics\_scorer.py", line 87, in _cached_call
    result, _ = _get_response_values(
                ^^^^^^^^^^^^^^^^^^^^^
  File "C:\Users\youne\Desktop\AutoMLapp\.venv\Lib\site-packages\sklearn\utils\_response.py", line 238, in _get_response_values
    y_pred, pos_label = prediction_method(X), None
                        ^^^^^^^^^^^^^^^^^^^^
  File "C:\Users\youne\Desktop\AutoMLapp\.venv\Lib\site-packages\pycaret\internal\pipeline.py", line 330, in predict
    y = self.steps[-1][-1].predict(X, **params)
        ^^^^^^^^^^^^^^^^^^^^^^^^^^^^^^^^^^^^^^^
  File "C:\Users\youne\Desktop\AutoMLapp\.venv\Lib\site-packages\sklearn\neighbors\_regression.py", line 254, in predict
    y_pred = np.mean(_y[neigh_ind], axis=1)
             ^^^^^^^^^^^^^^^^^^^^^^^^^^^^^^
  File "C:\Users\youne\Desktop\AutoMLapp\.venv\Lib\site-packages\numpy\core\fromnumeric.py", line 3504, in mean
    return _methods._mean(a, axis=axis, dtype=dtype,
           ^^^^^^^^^^^^^^^^^^^^^^^^^^^^^^^^^^^^^^^^^
  File "C:\Users\youne\Desktop\AutoMLapp\.venv\Lib\site-packages\numpy\core\_methods.py", line 121, in _mean
    ret = um.true_divide(
          ^^^^^^^^^^^^^^^
TypeError: unsupported operand type(s) for /: 'str' and 'int'

  warnings.warn(

2026-08-25 18:02:29,322:WARNING:C:\Users\youne\Desktop\AutoMLapp\.venv\Lib\site-packages\sklearn\model_selection\_validation.py:1011: UserWarning: Scoring failed. The score on this train-test partition for these parameters will be set to 0.0. Details: 
Traceback (most recent call last):
  File "C:\Users\youne\Desktop\AutoMLapp\.venv\Lib\site-packages\sklearn\metrics\_scorer.py", line 137, in __call__
    score = scorer._score(
            ^^^^^^^^^^^^^^
  File "C:\Users\youne\Desktop\AutoMLapp\.venv\Lib\site-packages\sklearn\metrics\_scorer.py", line 345, in _score
    y_pred = method_caller(
             ^^^^^^^^^^^^^^
  File "C:\Users\youne\Desktop\AutoMLapp\.venv\Lib\site-packages\sklearn\metrics\_scorer.py", line 87, in _cached_call
    result, _ = _get_response_values(
                ^^^^^^^^^^^^^^^^^^^^^
  File "C:\Users\youne\Desktop\AutoMLapp\.venv\Lib\site-packages\sklearn\utils\_response.py", line 238, in _get_response_values
    y_pred, pos_label = prediction_method(X), None
                        ^^^^^^^^^^^^^^^^^^^^
  File "C:\Users\youne\Desktop\AutoMLapp\.venv\Lib\site-packages\pycaret\internal\pipeline.py", line 330, in predict
    y = self.steps[-1][-1].predict(X, **params)
        ^^^^^^^^^^^^^^^^^^^^^^^^^^^^^^^^^^^^^^^
  File "C:\Users\youne\Desktop\AutoMLapp\.venv\Lib\site-packages\sklearn\neighbors\_regression.py", line 254, in predict
    y_pred = np.mean(_y[neigh_ind], axis=1)
             ^^^^^^^^^^^^^^^^^^^^^^^^^^^^^^
  File "C:\Users\youne\Desktop\AutoMLapp\.venv\Lib\site-packages\numpy\core\fromnumeric.py", line 3504, in mean
    return _methods._mean(a, axis=axis, dtype=dtype,
           ^^^^^^^^^^^^^^^^^^^^^^^^^^^^^^^^^^^^^^^^^
  File "C:\Users\youne\Desktop\AutoMLapp\.venv\Lib\site-packages\numpy\core\_methods.py", line 121, in _mean
    ret = um.true_divide(
          ^^^^^^^^^^^^^^^
TypeError: unsupported operand type(s) for /: 'str' and 'int'

  warnings.warn(

2026-08-25 18:02:29,325:WARNING:C:\Users\youne\Desktop\AutoMLapp\.venv\Lib\site-packages\pycaret\internal\metrics.py:204: FitFailedWarning: Metric 'make_scorer(mean_absolute_percentage_error, greater_is_better=False, response_method='predict')' failed and error score 0.0 has been returned instead. If this is a custom metric, this usually means that the error is in the metric code. Full exception below:
Traceback (most recent call last):
  File "C:\Users\youne\Desktop\AutoMLapp\.venv\Lib\site-packages\pycaret\internal\metrics.py", line 196, in _score
    return super()._score(
           ^^^^^^^^^^^^^^^
  File "C:\Users\youne\Desktop\AutoMLapp\.venv\Lib\site-packages\sklearn\metrics\_scorer.py", line 345, in _score
    y_pred = method_caller(
             ^^^^^^^^^^^^^^
  File "C:\Users\youne\Desktop\AutoMLapp\.venv\Lib\site-packages\sklearn\metrics\_scorer.py", line 87, in _cached_call
    result, _ = _get_response_values(
                ^^^^^^^^^^^^^^^^^^^^^
  File "C:\Users\youne\Desktop\AutoMLapp\.venv\Lib\site-packages\sklearn\utils\_response.py", line 238, in _get_response_values
    y_pred, pos_label = prediction_method(X), None
                        ^^^^^^^^^^^^^^^^^^^^
  File "C:\Users\youne\Desktop\AutoMLapp\.venv\Lib\site-packages\pycaret\internal\pipeline.py", line 330, in predict
    y = self.steps[-1][-1].predict(X, **params)
        ^^^^^^^^^^^^^^^^^^^^^^^^^^^^^^^^^^^^^^^
  File "C:\Users\youne\Desktop\AutoMLapp\.venv\Lib\site-packages\sklearn\neighbors\_regression.py", line 254, in predict
    y_pred = np.mean(_y[neigh_ind], axis=1)
             ^^^^^^^^^^^^^^^^^^^^^^^^^^^^^^
  File "C:\Users\youne\Desktop\AutoMLapp\.venv\Lib\site-packages\numpy\core\fromnumeric.py", line 3504, in mean
    return _methods._mean(a, axis=axis, dtype=dtype,
           ^^^^^^^^^^^^^^^^^^^^^^^^^^^^^^^^^^^^^^^^^
  File "C:\Users\youne\Desktop\AutoMLapp\.venv\Lib\site-packages\numpy\core\_methods.py", line 121, in _mean
    ret = um.true_divide(
          ^^^^^^^^^^^^^^^
TypeError: unsupported operand type(s) for /: 'str' and 'int'

  warnings.warn(

2026-08-25 18:02:29,326:WARNING:C:\Users\youne\Desktop\AutoMLapp\.venv\Lib\site-packages\sklearn\model_selection\_validation.py:1011: UserWarning: Scoring failed. The score on this train-test partition for these parameters will be set to 0.0. Details: 
Traceback (most recent call last):
  File "C:\Users\youne\Desktop\AutoMLapp\.venv\Lib\site-packages\sklearn\metrics\_scorer.py", line 137, in __call__
    score = scorer._score(
            ^^^^^^^^^^^^^^
  File "C:\Users\youne\Desktop\AutoMLapp\.venv\Lib\site-packages\sklearn\metrics\_scorer.py", line 345, in _score
    y_pred = method_caller(
             ^^^^^^^^^^^^^^
  File "C:\Users\youne\Desktop\AutoMLapp\.venv\Lib\site-packages\sklearn\metrics\_scorer.py", line 87, in _cached_call
    result, _ = _get_response_values(
                ^^^^^^^^^^^^^^^^^^^^^
  File "C:\Users\youne\Desktop\AutoMLapp\.venv\Lib\site-packages\sklearn\utils\_response.py", line 238, in _get_response_values
    y_pred, pos_label = prediction_method(X), None
                        ^^^^^^^^^^^^^^^^^^^^
  File "C:\Users\youne\Desktop\AutoMLapp\.venv\Lib\site-packages\pycaret\internal\pipeline.py", line 330, in predict
    y = self.steps[-1][-1].predict(X, **params)
        ^^^^^^^^^^^^^^^^^^^^^^^^^^^^^^^^^^^^^^^
  File "C:\Users\youne\Desktop\AutoMLapp\.venv\Lib\site-packages\sklearn\neighbors\_regression.py", line 254, in predict
    y_pred = np.mean(_y[neigh_ind], axis=1)
             ^^^^^^^^^^^^^^^^^^^^^^^^^^^^^^
  File "C:\Users\youne\Desktop\AutoMLapp\.venv\Lib\site-packages\numpy\core\fromnumeric.py", line 3504, in mean
    return _methods._mean(a, axis=axis, dtype=dtype,
           ^^^^^^^^^^^^^^^^^^^^^^^^^^^^^^^^^^^^^^^^^
  File "C:\Users\youne\Desktop\AutoMLapp\.venv\Lib\site-packages\numpy\core\_methods.py", line 121, in _mean
    ret = um.true_divide(
          ^^^^^^^^^^^^^^^
TypeError: unsupported operand type(s) for /: 'str' and 'int'

  warnings.warn(

2026-08-25 18:02:29,327:WARNING:C:\Users\youne\Desktop\AutoMLapp\.venv\Lib\site-packages\pycaret\internal\metrics.py:204: FitFailedWarning: Metric 'make_scorer(mean_absolute_percentage_error, greater_is_better=False, response_method='predict')' failed and error score 0.0 has been returned instead. If this is a custom metric, this usually means that the error is in the metric code. Full exception below:
Traceback (most recent call last):
  File "C:\Users\youne\Desktop\AutoMLapp\.venv\Lib\site-packages\pycaret\internal\metrics.py", line 196, in _score
    return super()._score(
           ^^^^^^^^^^^^^^^
  File "C:\Users\youne\Desktop\AutoMLapp\.venv\Lib\site-packages\sklearn\metrics\_scorer.py", line 345, in _score
    y_pred = method_caller(
             ^^^^^^^^^^^^^^
  File "C:\Users\youne\Desktop\AutoMLapp\.venv\Lib\site-packages\sklearn\metrics\_scorer.py", line 87, in _cached_call
    result, _ = _get_response_values(
                ^^^^^^^^^^^^^^^^^^^^^
  File "C:\Users\youne\Desktop\AutoMLapp\.venv\Lib\site-packages\sklearn\utils\_response.py", line 238, in _get_response_values
    y_pred, pos_label = prediction_method(X), None
                        ^^^^^^^^^^^^^^^^^^^^
  File "C:\Users\youne\Desktop\AutoMLapp\.venv\Lib\site-packages\pycaret\internal\pipeline.py", line 330, in predict
    y = self.steps[-1][-1].predict(X, **params)
        ^^^^^^^^^^^^^^^^^^^^^^^^^^^^^^^^^^^^^^^
  File "C:\Users\youne\Desktop\AutoMLapp\.venv\Lib\site-packages\sklearn\neighbors\_regression.py", line 254, in predict
    y_pred = np.mean(_y[neigh_ind], axis=1)
             ^^^^^^^^^^^^^^^^^^^^^^^^^^^^^^
  File "C:\Users\youne\Desktop\AutoMLapp\.venv\Lib\site-packages\numpy\core\fromnumeric.py", line 3504, in mean
    return _methods._mean(a, axis=axis, dtype=dtype,
           ^^^^^^^^^^^^^^^^^^^^^^^^^^^^^^^^^^^^^^^^^
  File "C:\Users\youne\Desktop\AutoMLapp\.venv\Lib\site-packages\numpy\core\_methods.py", line 121, in _mean
    ret = um.true_divide(
          ^^^^^^^^^^^^^^^
TypeError: unsupported operand type(s) for /: 'str' and 'int'

  warnings.warn(

2026-08-25 18:02:29,327:WARNING:C:\Users\youne\Desktop\AutoMLapp\.venv\Lib\site-packages\sklearn\model_selection\_validation.py:1011: UserWarning: Scoring failed. The score on this train-test partition for these parameters will be set to 0.0. Details: 
Traceback (most recent call last):
  File "C:\Users\youne\Desktop\AutoMLapp\.venv\Lib\site-packages\sklearn\metrics\_scorer.py", line 137, in __call__
    score = scorer._score(
            ^^^^^^^^^^^^^^
  File "C:\Users\youne\Desktop\AutoMLapp\.venv\Lib\site-packages\sklearn\metrics\_scorer.py", line 345, in _score
    y_pred = method_caller(
             ^^^^^^^^^^^^^^
  File "C:\Users\youne\Desktop\AutoMLapp\.venv\Lib\site-packages\sklearn\metrics\_scorer.py", line 87, in _cached_call
    result, _ = _get_response_values(
                ^^^^^^^^^^^^^^^^^^^^^
  File "C:\Users\youne\Desktop\AutoMLapp\.venv\Lib\site-packages\sklearn\utils\_response.py", line 238, in _get_response_values
    y_pred, pos_label = prediction_method(X), None
                        ^^^^^^^^^^^^^^^^^^^^
  File "C:\Users\youne\Desktop\AutoMLapp\.venv\Lib\site-packages\pycaret\internal\pipeline.py", line 330, in predict
    y = self.steps[-1][-1].predict(X, **params)
        ^^^^^^^^^^^^^^^^^^^^^^^^^^^^^^^^^^^^^^^
  File "C:\Users\youne\Desktop\AutoMLapp\.venv\Lib\site-packages\sklearn\neighbors\_regression.py", line 254, in predict
    y_pred = np.mean(_y[neigh_ind], axis=1)
             ^^^^^^^^^^^^^^^^^^^^^^^^^^^^^^
  File "C:\Users\youne\Desktop\AutoMLapp\.venv\Lib\site-packages\numpy\core\fromnumeric.py", line 3504, in mean
    return _methods._mean(a, axis=axis, dtype=dtype,
           ^^^^^^^^^^^^^^^^^^^^^^^^^^^^^^^^^^^^^^^^^
  File "C:\Users\youne\Desktop\AutoMLapp\.venv\Lib\site-packages\numpy\core\_methods.py", line 121, in _mean
    ret = um.true_divide(
          ^^^^^^^^^^^^^^^
TypeError: unsupported operand type(s) for /: 'str' and 'int'

  warnings.warn(

1, in _mean
    ret = um.true_divide(
          ^^^^^^^^^^^^^^^
TypeError: unsupported operand type(s) for /: 'str' and 'int'

  warnings.warn(

2026-08-25 18:02:29,327:WARNING:C:\Users\youne\Desktop\AutoMLapp\.venv\Lib\site-packages\sklearn\model_selection\_validation.py:1011: UserWarning: Scoring failed. The score on this train-test partition for these parameters will be set to 0.0. Details: 
Traceback (most recent call last):
  File "C:\Users\youne\Desktop\AutoMLapp\.venv\Lib\site-packages\sklearn\metrics\_scorer.py", line 137, in __call__
    score = scorer._score(
            ^^^^^^^^^^^^^^
  File "C:\Users\youne\Desktop\AutoMLapp\.venv\Lib\site-packages\sklearn\metrics\_scorer.py", line 345, in _score
    y_pred = method_caller(
             ^^^^^^^^^^^^^^
  File "C:\Users\youne\Desktop\AutoMLapp\.venv\Lib\site-packages\sklearn\metrics\_scorer.py", line 87, in _cached_call
    result, _ = _get_response_values(
                ^^^^^^^^^^^^^^^^^^^^^
  File "C:\Users\youne\Desktop\AutoMLapp\.venv\Lib\site-packages\sklearn\utils\_response.py", line 238, in _get_response_values
    y_pred, pos_label = prediction_method(X), None
                        ^^^^^^^^^^^^^^^^^^^^
  File "C:\Users\youne\Desktop\AutoMLapp\.venv\Lib\site-packages\pycaret\internal\pipeline.py", line 330, in predict
    y = self.steps[-1][-1].predict(X, **params)
        ^^^^^^^^^^^^^^^^^^^^^^^^^^^^^^^^^^^^^^^
  File "C:\Users\youne\Desktop\AutoMLapp\.venv\Lib\site-packages\sklearn\neighbors\_regression.py", line 254, in predict
    y_pred = np.mean(_y[neigh_ind], axis=1)
             ^^^^^^^^^^^^^^^^^^^^^^^^^^^^^^
  File "C:\Users\youne\Desktop\AutoMLapp\.venv\Lib\site-packages\numpy\core\fromnumeric.py", line 3504, in mean
    return _methods._mean(a, axis=axis, dtype=dtype,
           ^^^^^^^^^^^^^^^^^^^^^^^^^^^^^^^^^^^^^^^^^
  File "C:\Users\youne\Desktop\AutoMLapp\.venv\Lib\site-packages\numpy\core\_methods.py", line 121, in _mean
    ret = um.true_divide(
          ^^^^^^^^^^^^^^^
TypeError: unsupported operand type(s) for /: 'str' and 'int'

  warnings.warn(

2026-08-25 18:02:29,329:WARNING:C:\Users\youne\Desktop\AutoMLapp\.venv\Lib\site-packages\pycaret\internal\metrics.py:204: FitFailedWarning: Metric 'make_scorer(mean_absolute_percentage_error, greater_is_better=False, response_method='predict')' failed and error score 0.0 has been returned instead. If this is a custom metric, this usually means that the error is in the metric code. Full exception below:
Traceback (most recent call last):
  File "C:\Users\youne\Desktop\AutoMLapp\.venv\Lib\site-packages\pycaret\internal\metrics.py", line 196, in _score
    return super()._score(
           ^^^^^^^^^^^^^^^
  File "C:\Users\youne\Desktop\AutoMLapp\.venv\Lib\site-packages\sklearn\metrics\_scorer.py", line 345, in _score
    y_pred = method_caller(
             ^^^^^^^^^^^^^^
  File "C:\Users\youne\Desktop\AutoMLapp\.venv\Lib\site-packages\sklearn\metrics\_scorer.py", line 87, in _cached_call
    result, _ = _get_response_values(
                ^^^^^^^^^^^^^^^^^^^^^
  File "C:\Users\youne\Desktop\AutoMLapp\.venv\Lib\site-packages\sklearn\utils\_response.py", line 238, in _get_response_values
    y_pred, pos_label = prediction_method(X), None
                        ^^^^^^^^^^^^^^^^^^^^
  File "C:\Users\youne\Desktop\AutoMLapp\.venv\Lib\site-packages\pycaret\internal\pipeline.py", line 330, in predict
    y = self.steps[-1][-1].predict(X, **params)
        ^^^^^^^^^^^^^^^^^^^^^^^^^^^^^^^^^^^^^^^
  File "C:\Users\youne\Desktop\AutoMLapp\.venv\Lib\site-packages\sklearn\neighbors\_regression.py", line 254, in predict
    y_pred = np.mean(_y[neigh_ind], axis=1)
             ^^^^^^^^^^^^^^^^^^^^^^^^^^^^^^
  File "C:\Users\youne\Desktop\AutoMLapp\.venv\Lib\site-packages\numpy\core\fromnumeric.py", line 3504, in mean
    return _methods._mean(a, axis=axis, dtype=dtype,
           ^^^^^^^^^^^^^^^^^^^^^^^^^^^^^^^^^^^^^^^^^
  File "C:\Users\youne\Desktop\AutoMLapp\.venv\Lib\site-packages\numpy\core\_methods.py", line 121, in _mean
    ret = um.true_divide(
          ^^^^^^^^^^^^^^^
TypeError: unsupported operand type(s) for /: 'str' and 'int'

  warnings.warn(

2026-08-25 18:02:29,329:WARNING:C:\Users\youne\Desktop\AutoMLapp\.venv\Lib\site-packages\sklearn\model_selection\_validation.py:1011: UserWarning: Scoring failed. The score on this train-test partition for these parameters will be set to 0.0. Details: 
Traceback (most recent call last):
  File "C:\Users\youne\Desktop\AutoMLapp\.venv\Lib\site-packages\sklearn\metrics\_scorer.py", line 137, in __call__
    score = scorer._score(
            ^^^^^^^^^^^^^^
  File "C:\Users\youne\Desktop\AutoMLapp\.venv\Lib\site-packages\sklearn\metrics\_scorer.py", line 345, in _score
    y_pred = method_caller(
             ^^^^^^^^^^^^^^
  File "C:\Users\youne\Desktop\AutoMLapp\.venv\Lib\site-packages\sklearn\metrics\_scorer.py", line 87, in _cached_call
    result, _ = _get_response_values(
                ^^^^^^^^^^^^^^^^^^^^^
  File "C:\Users\youne\Desktop\AutoMLapp\.venv\Lib\site-packages\sklearn\utils\_response.py", line 238, in _get_response_values
    y_pred, pos_label = prediction_method(X), None
                        ^^^^^^^^^^^^^^^^^^^^
  File "C:\Users\youne\Desktop\AutoMLapp\.venv\Lib\site-packages\pycaret\internal\pipeline.py", line 330, in predict
    y = self.steps[-1][-1].predict(X, **params)
        ^^^^^^^^^^^^^^^^^^^^^^^^^^^^^^^^^^^^^^^
  File "C:\Users\youne\Desktop\AutoMLapp\.venv\Lib\site-packages\sklearn\neighbors\_regression.py", line 254, in predict
    y_pred = np.mean(_y[neigh_ind], axis=1)
             ^^^^^^^^^^^^^^^^^^^^^^^^^^^^^^
  File "C:\Users\youne\Desktop\AutoMLapp\.venv\Lib\site-packages\numpy\core\fromnumeric.py", line 3504, in mean
    return _methods._mean(a, axis=axis, dtype=dtype,
           ^^^^^^^^^^^^^^^^^^^^^^^^^^^^^^^^^^^^^^^^^
  File "C:\Users\youne\Desktop\AutoMLapp\.venv\Lib\site-packages\numpy\core\_methods.py", line 121, in _mean
    ret = um.true_divide(
          ^^^^^^^^^^^^^^^
TypeError: unsupported operand type(s) for /: 'str' and 'int'

  warnings.warn(

2026-08-25 18:02:29,339:WARNING:C:\Users\youne\Desktop\AutoMLapp\.venv\Lib\site-packages\pycaret\internal\metrics.py:204: FitFailedWarning: Metric 'make_scorer(mean_absolute_percentage_error, greater_is_better=False, response_method='predict')' failed and error score 0.0 has been returned instead. If this is a custom metric, this usually means that the error is in the metric code. Full exception below:
Traceback (most recent call last):
  File "C:\Users\youne\Desktop\AutoMLapp\.venv\Lib\site-packages\pycaret\internal\metrics.py", line 196, in _score
    return super()._score(
           ^^^^^^^^^^^^^^^
  File "C:\Users\youne\Desktop\AutoMLapp\.venv\Lib\site-packages\sklearn\metrics\_scorer.py", line 345, in _score
    y_pred = method_caller(
             ^^^^^^^^^^^^^^
  File "C:\Users\youne\Desktop\AutoMLapp\.venv\Lib\site-packages\sklearn\metrics\_scorer.py", line 87, in _cached_call
    result, _ = _get_response_values(
                ^^^^^^^^^^^^^^^^^^^^^
  File "C:\Users\youne\Desktop\AutoMLapp\.venv\Lib\site-packages\sklearn\utils\_response.py", line 238, in _get_response_values
    y_pred, pos_label = prediction_method(X), None
                        ^^^^^^^^^^^^^^^^^^^^
  File "C:\Users\youne\Desktop\AutoMLapp\.venv\Lib\site-packages\pycaret\internal\pipeline.py", line 330, in predict
    y = self.steps[-1][-1].predict(X, **params)
        ^^^^^^^^^^^^^^^^^^^^^^^^^^^^^^^^^^^^^^^
  File "C:\Users\youne\Desktop\AutoMLapp\.venv\Lib\site-packages\sklearn\neighbors\_regression.py", line 254, in predict
    y_pred = np.mean(_y[neigh_ind], axis=1)
             ^^^^^^^^^^^^^^^^^^^^^^^^^^^^^^
  File "C:\Users\youne\Desktop\AutoMLapp\.venv\Lib\site-packages\numpy\core\fromnumeric.py", line 3504, in mean
    return _methods._mean(a, axis=axis, dtype=dtype,
           ^^^^^^^^^^^^^^^^^^^^^^^^^^^^^^^^^^^^^^^^^
  File "C:\Users\youne\Desktop\AutoMLapp\.venv\Lib\site-packages\numpy\core\_methods.py", line 121, in _mean
    ret = um.true_divide(
          ^^^^^^^^^^^^^^^
TypeError: unsupported operand type(s) for /: 'str' and 'int'

  warnings.warn(

2026-08-25 18:02:29,339:WARNING:C:\Users\youne\Desktop\AutoMLapp\.venv\Lib\site-packages\sklearn\model_selection\_validation.py:1011: UserWarning: Scoring failed. The score on this train-test partition for these parameters will be set to 0.0. Details: 
Traceback (most recent call last):
  File "C:\Users\youne\Desktop\AutoMLapp\.venv\Lib\site-packages\sklearn\metrics\_scorer.py", line 137, in __call__
    score = scorer._score(
            ^^^^^^^^^^^^^^
  File "C:\Users\youne\Desktop\AutoMLapp\.venv\Lib\site-packages\sklearn\metrics\_scorer.py", line 345, in _score
    y_pred = method_caller(
             ^^^^^^^^^^^^^^
  File "C:\Users\youne\Desktop\AutoMLapp\.venv\Lib\site-packages\sklearn\metrics\_scorer.py", line 87, in _cached_call
    result, _ = _get_response_values(
                ^^^^^^^^^^^^^^^^^^^^^
  File "C:\Users\youne\Desktop\AutoMLapp\.venv\Lib\site-packages\sklearn\utils\_response.py", line 238, in _get_response_values
    y_pred, pos_label = prediction_method(X), None
                        ^^^^^^^^^^^^^^^^^^^^
  File "C:\Users\youne\Desktop\AutoMLapp\.venv\Lib\site-packages\pycaret\internal\pipeline.py", line 330, in predict
    y = self.steps[-1][-1].predict(X, **params)
        ^^^^^^^^^^^^^^^^^^^^^^^^^^^^^^^^^^^^^^^
  File "C:\Users\youne\Desktop\AutoMLapp\.venv\Lib\site-packages\sklearn\neighbors\_regression.py", line 254, in predict
    y_pred = np.mean(_y[neigh_ind], axis=1)
             ^^^^^^^^^^^^^^^^^^^^^^^^^^^^^^
  File "C:\Users\youne\Desktop\AutoMLapp\.venv\Lib\site-packages\numpy\core\fromnumeric.py", line 3504, in mean
    return _methods._mean(a, axis=axis, dtype=dtype,
           ^^^^^^^^^^^^^^^^^^^^^^^^^^^^^^^^^^^^^^^^^
  File "C:\Users\youne\Desktop\AutoMLapp\.venv\Lib\site-packages\numpy\core\_methods.py", line 121, in _mean
    ret = um.true_divide(
          ^^^^^^^^^^^^^^^
TypeError: unsupported operand type(s) for /: 'str' and 'int'

  warnings.warn(

2026-08-25 18:02:29,339:WARNING:C:\Users\youne\Desktop\AutoMLapp\.venv\Lib\site-packages\pycaret\internal\metrics.py:204: FitFailedWarning: Metric 'make_scorer(mean_absolute_percentage_error, greater_is_better=False, response_method='predict')' failed and error score 0.0 has been returned instead. If this is a custom metric, this usually means that the error is in the metric code. Full exception below:
Traceback (most recent call last):
  File "C:\Users\youne\Desktop\AutoMLapp\.venv\Lib\site-packages\pycaret\internal\metrics.py", line 196, in _score
    return super()._score(
           ^^^^^^^^^^^^^^^
  File "C:\Users\youne\Desktop\AutoMLapp\.venv\Lib\site-packages\sklearn\metrics\_scorer.py", line 345, in _score
    y_pred = method_caller(
             ^^^^^^^^^^^^^^
  File "C:\Users\youne\Desktop\AutoMLapp\.venv\Lib\site-packages\sklearn\metrics\_scorer.py", line 87, in _cached_call
    result, _ = _get_response_values(
                ^^^^^^^^^^^^^^^^^^^^^
  File "C:\Users\youne\Desktop\AutoMLapp\.venv\Lib\site-packages\sklearn\utils\_response.py", line 238, in _get_response_values
    y_pred, pos_label = prediction_method(X), None
                        ^^^^^^^^^^^^^^^^^^^^
  File "C:\Users\youne\Desktop\AutoMLapp\.venv\Lib\site-packages\pycaret\internal\pipeline.py", line 330, in predict
    y = self.steps[-1][-1].predict(X, **params)
        ^^^^^^^^^^^^^^^^^^^^^^^^^^^^^^^^^^^^^^^
  File "C:\Users\youne\Desktop\AutoMLapp\.venv\Lib\site-packages\sklearn\neighbors\_regression.py", line 254, in predict
    y_pred = np.mean(_y[neigh_ind], axis=1)
             ^^^^^^^^^^^^^^^^^^^^^^^^^^^^^^
  File "C:\Users\youne\Desktop\AutoMLapp\.venv\Lib\site-packages\numpy\core\fromnumeric.py", line 3504, in mean
    return _methods._mean(a, axis=axis, dtype=dtype,
           ^^^^^^^^^^^^^^^^^^^^^^^^^^^^^^^^^^^^^^^^^
  File "C:\Users\youne\Desktop\AutoMLapp\.venv\Lib\site-packages\numpy\core\_methods.py", line 121, in _mean
    ret = um.true_divide(
          ^^^^^^^^^^^^^^^
TypeError: unsupported operand type(s) for /: 'str' and 'int'

  warnings.warn(

2026-08-25 18:02:29,339:WARNING:C:\Users\youne\Desktop\AutoMLapp\.venv\Lib\site-packages\sklearn\model_selection\_validation.py:1011: UserWarning: Scoring failed. The score on this train-test partition for these parameters will be set to 0.0. Details: 
Traceback (most recent call last):
  File "C:\Users\youne\Desktop\AutoMLapp\.venv\Lib\site-packages\sklearn\metrics\_scorer.py", line 137, in __call__
    score = scorer._score(
            ^^^^^^^^^^^^^^
  File "C:\Users\youne\Desktop\AutoMLapp\.venv\Lib\site-packages\sklearn\metrics\_scorer.py", line 345, in _score
    y_pred = method_caller(
             ^^^^^^^^^^^^^^
  File "C:\Users\youne\Desktop\AutoMLapp\.venv\Lib\site-packages\sklearn\metrics\_scorer.py", line 87, in _cached_call
    result, _ = _get_response_values(
                ^^^^^^^^^^^^^^^^^^^^^
  File "C:\Users\youne\Desktop\AutoMLapp\.venv\Lib\site-packages\sklearn\utils\_response.py", line 238, in _get_response_values
    y_pred, pos_label = prediction_method(X), None
                        ^^^^^^^^^^^^^^^^^^^^
  File "C:\Users\youne\Desktop\AutoMLapp\.venv\Lib\site-packages\pycaret\internal\pipeline.py", line 330, in predict
    y = self.steps[-1][-1].predict(X, **params)
        ^^^^^^^^^^^^^^^^^^^^^^^^^^^^^^^^^^^^^^^
  File "C:\Users\youne\Desktop\AutoMLapp\.venv\Lib\site-packages\sklearn\neighbors\_regression.py", line 254, in predict
    y_pred = np.mean(_y[neigh_ind], axis=1)
             ^^^^^^^^^^^^^^^^^^^^^^^^^^^^^^
  File "C:\Users\youne\Desktop\AutoMLapp\.venv\Lib\site-packages\numpy\core\fromnumeric.py", line 3504, in mean
    return _methods._mean(a, axis=axis, dtype=dtype,
           ^^^^^^^^^^^^^^^^^^^^^^^^^^^^^^^^^^^^^^^^^
  File "C:\Users\youne\Desktop\AutoMLapp\.venv\Lib\site-packages\numpy\core\_methods.py", line 121, in _mean
    ret = um.true_divide(
          ^^^^^^^^^^^^^^^
TypeError: unsupported operand type(s) for /: 'str' and 'int'

  warnings.warn(

2026-08-25 18:02:29,341:WARNING:C:\Users\youne\Desktop\AutoMLapp\.venv\Lib\site-packages\pycaret\internal\metrics.py:204: FitFailedWarning: Metric 'make_scorer(mean_absolute_percentage_error, greater_is_better=False, response_method='predict')' failed and error score 0.0 has been returned instead. If this is a custom metric, this usually means that the error is in the metric code. Full exception below:
Traceback (most recent call last):
  File "C:\Users\youne\Desktop\AutoMLapp\.venv\Lib\site-packages\pycaret\internal\metrics.py", line 196, in _score
    return super()._score(
           ^^^^^^^^^^^^^^^
  File "C:\Users\youne\Desktop\AutoMLapp\.venv\Lib\site-packages\sklearn\metrics\_scorer.py", line 345, in _score
    y_pred = method_caller(
             ^^^^^^^^^^^^^^
  File "C:\Users\youne\Desktop\AutoMLapp\.venv\Lib\site-packages\sklearn\metrics\_scorer.py", line 87, in _cached_call
    result, _ = _get_response_values(
                ^^^^^^^^^^^^^^^^^^^^^
  File "C:\Users\youne\Desktop\AutoMLapp\.venv\Lib\site-packages\sklearn\utils\_response.py", line 238, in _get_response_values
    y_pred, pos_label = prediction_method(X), None
                        ^^^^^^^^^^^^^^^^^^^^
  File "C:\Users\youne\Desktop\AutoMLapp\.venv\Lib\site-packages\pycaret\internal\pipeline.py", line 330, in predict
    y = self.steps[-1][-1].predict(X, **params)
        ^^^^^^^^^^^^^^^^^^^^^^^^^^^^^^^^^^^^^^^
  File "C:\Users\youne\Desktop\AutoMLapp\.venv\Lib\site-packages\sklearn\neighbors\_regression.py", line 254, in predict
    y_pred = np.mean(_y[neigh_ind], axis=1)
             ^^^^^^^^^^^^^^^^^^^^^^^^^^^^^^
  File "C:\Users\youne\Desktop\AutoMLapp\.venv\Lib\site-packages\numpy\core\fromnumeric.py", line 3504, in mean
    return _methods._mean(a, axis=axis, dtype=dtype,
           ^^^^^^^^^^^^^^^^^^^^^^^^^^^^^^^^^^^^^^^^^
  File "C:\Users\youne\Desktop\AutoMLapp\.venv\Lib\site-packages\numpy\core\_methods.py", line 121, in _mean
    ret = um.true_divide(
          ^^^^^^^^^^^^^^^
TypeError: unsupported operand type(s) for /: 'str' and 'int'

  warnings.warn(

2026-08-25 18:02:29,341:WARNING:C:\Users\youne\Desktop\AutoMLapp\.venv\Lib\site-packages\sklearn\model_selection\_validation.py:1011: UserWarning: Scoring failed. The score on this train-test partition for these parameters will be set to 0.0. Details: 
Traceback (most recent call last):
  File "C:\Users\youne\Desktop\AutoMLapp\.venv\Lib\site-packages\sklearn\metrics\_scorer.py", line 137, in __call__
    score = scorer._score(
            ^^^^^^^^^^^^^^
  File "C:\Users\youne\Desktop\AutoMLapp\.venv\Lib\site-packages\sklearn\metrics\_scorer.py", line 345, in _score
    y_pred = method_caller(
             ^^^^^^^^^^^^^^
  File "C:\Users\youne\Desktop\AutoMLapp\.venv\Lib\site-packages\sklearn\metrics\_scorer.py", line 87, in _cached_call
    result, _ = _get_response_values(
                ^^^^^^^^^^^^^^^^^^^^^
  File "C:\Users\youne\Desktop\AutoMLapp\.venv\Lib\site-packages\sklearn\utils\_response.py", line 238, in _get_response_values
    y_pred, pos_label = prediction_method(X), None
                        ^^^^^^^^^^^^^^^^^^^^
  File "C:\Users\youne\Desktop\AutoMLapp\.venv\Lib\site-packages\pycaret\internal\pipeline.py", line 330, in predict
    y = self.steps[-1][-1].predict(X, **params)
        ^^^^^^^^^^^^^^^^^^^^^^^^^^^^^^^^^^^^^^^
  File "C:\Users\youne\Desktop\AutoMLapp\.venv\Lib\site-packages\sklearn\neighbors\_regression.py", line 254, in predict
    y_pred = np.mean(_y[neigh_ind], axis=1)
             ^^^^^^^^^^^^^^^^^^^^^^^^^^^^^^
  File "C:\Users\youne\Desktop\AutoMLapp\.venv\Lib\site-packages\numpy\core\fromnumeric.py", line 3504, in mean
    return _methods._mean(a, axis=axis, dtype=dtype,
           ^^^^^^^^^^^^^^^^^^^^^^^^^^^^^^^^^^^^^^^^^
  File "C:\Users\youne\Desktop\AutoMLapp\.venv\Lib\site-packages\numpy\core\_methods.py", line 121, in _mean
    ret = um.true_divide(
          ^^^^^^^^^^^^^^^
TypeError: unsupported operand type(s) for /: 'str' and 'int'

  warnings.warn(

2026-08-25 18:02:29,346:INFO:Calculating mean and std
2026-08-25 18:02:29,346:INFO:Creating metrics dataframe
2026-08-25 18:02:29,349:INFO:Uploading results into container
2026-08-25 18:02:29,350:INFO:Uploading model into container now
2026-08-25 18:02:29,350:INFO:_master_model_container: 1
2026-08-25 18:02:29,350:INFO:_display_container: 2
2026-08-25 18:02:29,350:INFO:KNeighborsRegressor(n_jobs=-1)
2026-08-25 18:02:29,350:INFO:create_model() successfully completed......................................
2026-08-25 18:02:29,437:WARNING:create_model() for KNeighborsRegressor(n_jobs=-1) raised an exception or returned all 0.0, trying without fit_kwargs:
2026-08-25 18:02:29,439:WARNING:Traceback (most recent call last):
  File "C:\Users\youne\Desktop\AutoMLapp\.venv\Lib\site-packages\pycaret\internal\pycaret_experiment\supervised_experiment.py", line 797, in compare_models
    np.sum(
AssertionError

2026-08-25 18:02:29,439:INFO:Initializing create_model()
2026-08-25 18:02:29,439:INFO:create_model(self=<pycaret.regression.oop.RegressionExperiment object at 0x00000220CBD40450>, estimator=knn, fold=KFold(n_splits=10, random_state=None, shuffle=False), round=4, cross_validation=True, predict=True, fit_kwargs={}, groups=None, refit=False, probability_threshold=None, experiment_custom_tags=None, verbose=False, system=False, add_to_model_list=True, metrics=None, display=<pycaret.internal.display.display.CommonDisplay object at 0x000002211C6F2C10>, model_only=True, return_train_score=False, error_score=0.0, kwargs={})
2026-08-25 18:02:29,439:INFO:Checking exceptions
2026-08-25 18:02:29,439:INFO:Importing libraries
2026-08-25 18:02:29,439:INFO:Copying training dataset
2026-08-25 18:02:29,442:INFO:Defining folds
2026-08-25 18:02:29,442:INFO:Declaring metric variables
2026-08-25 18:02:29,442:INFO:Importing untrained model
2026-08-25 18:02:29,443:INFO:K Neighbors Regressor Imported successfully
2026-08-25 18:02:29,443:INFO:Starting cross validation
2026-08-25 18:02:29,443:INFO:Cross validating with KFold(n_splits=10, random_state=None, shuffle=False), n_jobs=-1
2026-08-25 18:02:29,586:WARNING:C:\Users\youne\Desktop\AutoMLapp\.venv\Lib\site-packages\pycaret\internal\metrics.py:204: FitFailedWarning: Metric 'make_scorer(root_mean_squared_log_error, greater_is_better=False, response_method='predict')' failed and error score 0.0 has been returned instead. If this is a custom metric, this usually means that the error is in the metric code. Full exception below:
Traceback (most recent call last):
  File "C:\Users\youne\Desktop\AutoMLapp\.venv\Lib\site-packages\pycaret\internal\metrics.py", line 196, in _score
    return super()._score(
           ^^^^^^^^^^^^^^^
  File "C:\Users\youne\Desktop\AutoMLapp\.venv\Lib\site-packages\sklearn\metrics\_scorer.py", line 345, in _score
    y_pred = method_caller(
             ^^^^^^^^^^^^^^
  File "C:\Users\youne\Desktop\AutoMLapp\.venv\Lib\site-packages\sklearn\metrics\_scorer.py", line 87, in _cached_call
    result, _ = _get_response_values(
                ^^^^^^^^^^^^^^^^^^^^^
  File "C:\Users\youne\Desktop\AutoMLapp\.venv\Lib\site-packages\sklearn\utils\_response.py", line 238, in _get_response_values
    y_pred, pos_label = prediction_method(X), None
                        ^^^^^^^^^^^^^^^^^^^^
  File "C:\Users\youne\Desktop\AutoMLapp\.venv\Lib\site-packages\pycaret\internal\pipeline.py", line 330, in predict
    y = self.steps[-1][-1].predict(X, **params)
        ^^^^^^^^^^^^^^^^^^^^^^^^^^^^^^^^^^^^^^^
  File "C:\Users\youne\Desktop\AutoMLapp\.venv\Lib\site-packages\sklearn\neighbors\_regression.py", line 254, in predict
    y_pred = np.mean(_y[neigh_ind], axis=1)
             ^^^^^^^^^^^^^^^^^^^^^^^^^^^^^^
  File "C:\Users\youne\Desktop\AutoMLapp\.venv\Lib\site-packages\numpy\core\fromnumeric.py", line 3504, in mean
    return _methods._mean(a, axis=axis, dtype=dtype,
           ^^^^^^^^^^^^^^^^^^^^^^^^^^^^^^^^^^^^^^^^^
  File "C:\Users\youne\Desktop\AutoMLapp\.venv\Lib\site-packages\numpy\core\_methods.py", line 121, in _mean
    ret = um.true_divide(
          ^^^^^^^^^^^^^^^
TypeError: unsupported operand type(s) for /: 'str' and 'int'

  warnings.warn(

2026-08-25 18:02:29,586:WARNING:C:\Users\youne\Desktop\AutoMLapp\.venv\Lib\site-packages\pycaret\internal\metrics.py:204: FitFailedWarning: Metric 'make_scorer(root_mean_squared_log_error, greater_is_better=False, response_method='predict')' failed and error score 0.0 has been returned instead. If this is a custom metric, this usually means that the error is in the metric code. Full exception below:
Traceback (most recent call last):
  File "C:\Users\youne\Desktop\AutoMLapp\.venv\Lib\site-packages\pycaret\internal\metrics.py", line 196, in _score
    return super()._score(
           ^^^^^^^^^^^^^^^
  File "C:\Users\youne\Desktop\AutoMLapp\.venv\Lib\site-packages\sklearn\metrics\_scorer.py", line 345, in _score
    y_pred = method_caller(
             ^^^^^^^^^^^^^^
  File "C:\Users\youne\Desktop\AutoMLapp\.venv\Lib\site-packages\sklearn\metrics\_scorer.py", line 87, in _cached_call
    result, _ = _get_response_values(
                ^^^^^^^^^^^^^^^^^^^^^
  File "C:\Users\youne\Desktop\AutoMLapp\.venv\Lib\site-packages\sklearn\utils\_response.py", line 238, in _get_response_values
    y_pred, pos_label = prediction_method(X), None
                        ^^^^^^^^^^^^^^^^^^^^
  File "C:\Users\youne\Desktop\AutoMLapp\.venv\Lib\site-packages\pycaret\internal\pipeline.py", line 330, in predict
    y = self.steps[-1][-1].predict(X, **params)
        ^^^^^^^^^^^^^^^^^^^^^^^^^^^^^^^^^^^^^^^
  File "C:\Users\youne\Desktop\AutoMLapp\.venv\Lib\site-packages\sklearn\neighbors\_regression.py", line 254, in predict
    y_pred = np.mean(_y[neigh_ind], axis=1)
             ^^^^^^^^^^^^^^^^^^^^^^^^^^^^^^
  File "C:\Users\youne\Desktop\AutoMLapp\.venv\Lib\site-packages\numpy\core\fromnumeric.py", line 3504, in mean
    return _methods._mean(a, axis=axis, dtype=dtype,
           ^^^^^^^^^^^^^^^^^^^^^^^^^^^^^^^^^^^^^^^^^
  File "C:\Users\youne\Desktop\AutoMLapp\.venv\Lib\site-packages\numpy\core\_methods.py", line 121, in _mean
    ret = um.true_divide(
          ^^^^^^^^^^^^^^^
TypeError: unsupported operand type(s) for /: 'str' and 'int'

  warnings.warn(

2026-08-25 18:02:29,588:WARNING:C:\Users\youne\Desktop\AutoMLapp\.venv\Lib\site-packages\pycaret\internal\metrics.py:204: FitFailedWarning: Metric 'make_scorer(root_mean_squared_log_error, greater_is_better=False, response_method='predict')' failed and error score 0.0 has been returned instead. If this is a custom metric, this usually means that the error is in the metric code. Full exception below:
Traceback (most recent call last):
  File "C:\Users\youne\Desktop\AutoMLapp\.venv\Lib\site-packages\pycaret\internal\metrics.py", line 196, in _score
    return super()._score(
           ^^^^^^^^^^^^^^^
  File "C:\Users\youne\Desktop\AutoMLapp\.venv\Lib\site-packages\sklearn\metrics\_scorer.py", line 345, in _score
    y_pred = method_caller(
             ^^^^^^^^^^^^^^
  File "C:\Users\youne\Desktop\AutoMLapp\.venv\Lib\site-packages\sklearn\metrics\_scorer.py", line 87, in _cached_call
    result, _ = _get_response_values(
                ^^^^^^^^^^^^^^^^^^^^^
  File "C:\Users\youne\Desktop\AutoMLapp\.venv\Lib\site-packages\sklearn\utils\_response.py", line 238, in _get_response_values
    y_pred, pos_label = prediction_method(X), None
                        ^^^^^^^^^^^^^^^^^^^^
  File "C:\Users\youne\Desktop\AutoMLapp\.venv\Lib\site-packages\pycaret\internal\pipeline.py", line 330, in predict
    y = self.steps[-1][-1].predict(X, **params)
        ^^^^^^^^^^^^^^^^^^^^^^^^^^^^^^^^^^^^^^^
  File "C:\Users\youne\Desktop\AutoMLapp\.venv\Lib\site-packages\sklearn\neighbors\_regression.py", line 254, in predict
    y_pred = np.mean(_y[neigh_ind], axis=1)
             ^^^^^^^^^^^^^^^^^^^^^^^^^^^^^^
  File "C:\Users\youne\Desktop\AutoMLapp\.venv\Lib\site-packages\numpy\core\fromnumeric.py", line 3504, in mean
    return _methods._mean(a, axis=axis, dtype=dtype,
           ^^^^^^^^^^^^^^^^^^^^^^^^^^^^^^^^^^^^^^^^^
  File "C:\Users\youne\Desktop\AutoMLapp\.venv\Lib\site-packages\numpy\core\_methods.py", line 121, in _mean
    ret = um.true_divide(
          ^^^^^^^^^^^^^^^
TypeError: unsupported operand type(s) for /: 'str' and 'int'

  warnings.warn(

2026-08-25 18:02:29,593:WARNING:C:\Users\youne\Desktop\AutoMLapp\.venv\Lib\site-packages\pycaret\internal\metrics.py:204: FitFailedWarning: Metric 'make_scorer(root_mean_squared_log_error, greater_is_better=False, response_method='predict')' failed and error score 0.0 has been returned instead. If this is a custom metric, this usually means that the error is in the metric code. Full exception below:
Traceback (most recent call last):
  File "C:\Users\youne\Desktop\AutoMLapp\.venv\Lib\site-packages\pycaret\internal\metrics.py", line 196, in _score
    return super()._score(
           ^^^^^^^^^^^^^^^
  File "C:\Users\youne\Desktop\AutoMLapp\.venv\Lib\site-packages\sklearn\metrics\_scorer.py", line 345, in _score
    y_pred = method_caller(
             ^^^^^^^^^^^^^^
  File "C:\Users\youne\Desktop\AutoMLapp\.venv\Lib\site-packages\sklearn\metrics\_scorer.py", line 87, in _cached_call
    result, _ = _get_response_values(
                ^^^^^^^^^^^^^^^^^^^^^
  File "C:\Users\youne\Desktop\AutoMLapp\.venv\Lib\site-packages\sklearn\utils\_response.py", line 238, in _get_response_values
    y_pred, pos_label = prediction_method(X), None
                        ^^^^^^^^^^^^^^^^^^^^
  File "C:\Users\youne\Desktop\AutoMLapp\.venv\Lib\site-packages\pycaret\internal\pipeline.py", line 330, in predict
    y = self.steps[-1][-1].predict(X, **params)
        ^^^^^^^^^^^^^^^^^^^^^^^^^^^^^^^^^^^^^^^
  File "C:\Users\youne\Desktop\AutoMLapp\.venv\Lib\site-packages\sklearn\neighbors\_regression.py", line 254, in predict
    y_pred = np.mean(_y[neigh_ind], axis=1)
             ^^^^^^^^^^^^^^^^^^^^^^^^^^^^^^
  File "C:\Users\youne\Desktop\AutoMLapp\.venv\Lib\site-packages\numpy\core\fromnumeric.py", line 3504, in mean
    return _methods._mean(a, axis=axis, dtype=dtype,
           ^^^^^^^^^^^^^^^^^^^^^^^^^^^^^^^^^^^^^^^^^
  File "C:\Users\youne\Desktop\AutoMLapp\.venv\Lib\site-packages\numpy\core\_methods.py", line 121, in _mean
    ret = um.true_divide(
          ^^^^^^^^^^^^^^^
TypeError: unsupported operand type(s) for /: 'str' and 'int'

  warnings.warn(

2026-08-25 18:02:29,594:WARNING:C:\Users\youne\Desktop\AutoMLapp\.venv\Lib\site-packages\pycaret\internal\metrics.py:204: FitFailedWarning: Metric 'make_scorer(root_mean_squared_log_error, greater_is_better=False, response_method='predict')' failed and error score 0.0 has been returned instead. If this is a custom metric, this usually means that the error is in the metric code. Full exception below:
Traceback (most recent call last):
  File "C:\Users\youne\Desktop\AutoMLapp\.venv\Lib\site-packages\pycaret\internal\metrics.py", line 196, in _score
    return super()._score(
           ^^^^^^^^^^^^^^^
  File "C:\Users\youne\Desktop\AutoMLapp\.venv\Lib\site-packages\sklearn\metrics\_scorer.py", line 345, in _score
    y_pred = method_caller(
             ^^^^^^^^^^^^^^
  File "C:\Users\youne\Desktop\AutoMLapp\.venv\Lib\site-packages\sklearn\metrics\_scorer.py", line 87, in _cached_call
    result, _ = _get_response_values(
                ^^^^^^^^^^^^^^^^^^^^^
  File "C:\Users\youne\Desktop\AutoMLapp\.venv\Lib\site-packages\sklearn\utils\_response.py", line 238, in _get_response_values
    y_pred, pos_label = prediction_method(X), None
                        ^^^^^^^^^^^^^^^^^^^^
  File "C:\Users\youne\Desktop\AutoMLapp\.venv\Lib\site-packages\pycaret\internal\pipeline.py", line 330, in predict
    y = self.steps[-1][-1].predict(X, **params)
        ^^^^^^^^^^^^^^^^^^^^^^^^^^^^^^^^^^^^^^^
  File "C:\Users\youne\Desktop\AutoMLapp\.venv\Lib\site-packages\sklearn\neighbors\_regression.py", line 254, in predict
    y_pred = np.mean(_y[neigh_ind], axis=1)
             ^^^^^^^^^^^^^^^^^^^^^^^^^^^^^^
  File "C:\Users\youne\Desktop\AutoMLapp\.venv\Lib\site-packages\numpy\core\fromnumeric.py", line 3504, in mean
    return _methods._mean(a, axis=axis, dtype=dtype,
           ^^^^^^^^^^^^^^^^^^^^^^^^^^^^^^^^^^^^^^^^^
  File "C:\Users\youne\Desktop\AutoMLapp\.venv\Lib\site-packages\numpy\core\_methods.py", line 121, in _mean
    ret = um.true_divide(
          ^^^^^^^^^^^^^^^
TypeError: unsupported operand type(s) for /: 'str' and 'int'

  warnings.warn(

2026-08-25 18:02:29,595:WARNING:C:\Users\youne\Desktop\AutoMLapp\.venv\Lib\site-packages\pycaret\internal\metrics.py:204: FitFailedWarning: Metric 'make_scorer(root_mean_squared_log_error, greater_is_better=False, response_method='predict')' failed and error score 0.0 has been returned instead. If this is a custom metric, this usually means that the error is in the metric code. Full exception below:
Traceback (most recent call last):
  File "C:\Users\youne\Desktop\AutoMLapp\.venv\Lib\site-packages\pycaret\internal\metrics.py", line 196, in _score
    return super()._score(
           ^^^^^^^^^^^^^^^
  File "C:\Users\youne\Desktop\AutoMLapp\.venv\Lib\site-packages\sklearn\metrics\_scorer.py", line 345, in _score
    y_pred = method_caller(
             ^^^^^^^^^^^^^^
  File "C:\Users\youne\Desktop\AutoMLapp\.venv\Lib\site-packages\sklearn\metrics\_scorer.py", line 87, in _cached_call
    result, _ = _get_response_values(
                ^^^^^^^^^^^^^^^^^^^^^
  File "C:\Users\youne\Desktop\AutoMLapp\.venv\Lib\site-packages\sklearn\utils\_response.py", line 238, in _get_response_values
    y_pred, pos_label = prediction_method(X), None
                        ^^^^^^^^^^^^^^^^^^^^
  File "C:\Users\youne\Desktop\AutoMLapp\.venv\Lib\site-packages\pycaret\internal\pipeline.py", line 330, in predict
    y = self.steps[-1][-1].predict(X, **params)
        ^^^^^^^^^^^^^^^^^^^^^^^^^^^^^^^^^^^^^^^
  File "C:\Users\youne\Desktop\AutoMLapp\.venv\Lib\site-packages\sklearn\neighbors\_regression.py", line 254, in predict
    y_pred = np.mean(_y[neigh_ind], axis=1)
             ^^^^^^^^^^^^^^^^^^^^^^^^^^^^^^
  File "C:\Users\youne\Desktop\AutoMLapp\.venv\Lib\site-packages\numpy\core\fromnumeric.py", line 3504, in mean
    return _methods._mean(a, axis=axis, dtype=dtype,
           ^^^^^^^^^^^^^^^^^^^^^^^^^^^^^^^^^^^^^^^^^
  File "C:\Users\youne\Desktop\AutoMLapp\.venv\Lib\site-packages\numpy\core\_methods.py", line 121, in _mean
    ret = um.true_divide(
          ^^^^^^^^^^^^^^^
TypeError: unsupported operand type(s) for /: 'str' and 'int'

  warnings.warn(

2026-08-25 18:02:29,596:WARNING:C:\Users\youne\Desktop\AutoMLapp\.venv\Lib\site-packages\pycaret\internal\metrics.py:204: FitFailedWarning: Metric 'make_scorer(root_mean_squared_log_error, greater_is_better=False, response_method='predict')' failed and error score 0.0 has been returned instead. If this is a custom metric, this usually means that the error is in the metric code. Full exception below:
Traceback (most recent call last):
  File "C:\Users\youne\Desktop\AutoMLapp\.venv\Lib\site-packages\pycaret\internal\metrics.py", line 196, in _score
    return super()._score(
           ^^^^^^^^^^^^^^^
  File "C:\Users\youne\Desktop\AutoMLapp\.venv\Lib\site-packages\sklearn\metrics\_scorer.py", line 345, in _score
    y_pred = method_caller(
             ^^^^^^^^^^^^^^
  File "C:\Users\youne\Desktop\AutoMLapp\.venv\Lib\site-packages\sklearn\metrics\_scorer.py", line 87, in _cached_call
    result, _ = _get_response_values(
                ^^^^^^^^^^^^^^^^^^^^^
  File "C:\Users\youne\Desktop\AutoMLapp\.venv\Lib\site-packages\sklearn\utils\_response.py", line 238, in _get_response_values
    y_pred, pos_label = prediction_method(X), None
                        ^^^^^^^^^^^^^^^^^^^^
  File "C:\Users\youne\Desktop\AutoMLapp\.venv\Lib\site-packages\pycaret\internal\pipeline.py", line 330, in predict
    y = self.steps[-1][-1].predict(X, **params)
        ^^^^^^^^^^^^^^^^^^^^^^^^^^^^^^^^^^^^^^^
  File "C:\Users\youne\Desktop\AutoMLapp\.venv\Lib\site-packages\sklearn\neighbors\_regression.py", line 254, in predict
    y_pred = np.mean(_y[neigh_ind], axis=1)
             ^^^^^^^^^^^^^^^^^^^^^^^^^^^^^^
  File "C:\Users\youne\Desktop\AutoMLapp\.venv\Lib\site-packages\numpy\core\fromnumeric.py", line 3504, in mean
    return _methods._mean(a, axis=axis, dtype=dtype,
           ^^^^^^^^^^^^^^^^^^^^^^^^^^^^^^^^^^^^^^^^^
  File "C:\Users\youne\Desktop\AutoMLapp\.venv\Lib\site-packages\numpy\core\_methods.py", line 121, in _mean
    ret = um.true_divide(
          ^^^^^^^^^^^^^^^
TypeError: unsupported operand type(s) for /: 'str' and 'int'

  warnings.warn(

2026-08-25 18:02:29,603:WARNING:C:\Users\youne\Desktop\AutoMLapp\.venv\Lib\site-packages\pycaret\internal\metrics.py:204: FitFailedWarning: Metric 'make_scorer(root_mean_squared_log_error, greater_is_better=False, response_method='predict')' failed and error score 0.0 has been returned instead. If this is a custom metric, this usually means that the error is in the metric code. Full exception below:
Traceback (most recent call last):
  File "C:\Users\youne\Desktop\AutoMLapp\.venv\Lib\site-packages\pycaret\internal\metrics.py", line 196, in _score
    return super()._score(
           ^^^^^^^^^^^^^^^
  File "C:\Users\youne\Desktop\AutoMLapp\.venv\Lib\site-packages\sklearn\metrics\_scorer.py", line 345, in _score
    y_pred = method_caller(
             ^^^^^^^^^^^^^^
  File "C:\Users\youne\Desktop\AutoMLapp\.venv\Lib\site-packages\sklearn\metrics\_scorer.py", line 87, in _cached_call
    result, _ = _get_response_values(
                ^^^^^^^^^^^^^^^^^^^^^
  File "C:\Users\youne\Desktop\AutoMLapp\.venv\Lib\site-packages\sklearn\utils\_response.py", line 238, in _get_response_values
    y_pred, pos_label = prediction_method(X), None
                        ^^^^^^^^^^^^^^^^^^^^
  File "C:\Users\youne\Desktop\AutoMLapp\.venv\Lib\site-packages\pycaret\internal\pipeline.py", line 330, in predict
    y = self.steps[-1][-1].predict(X, **params)
        ^^^^^^^^^^^^^^^^^^^^^^^^^^^^^^^^^^^^^^^
  File "C:\Users\youne\Desktop\AutoMLapp\.venv\Lib\site-packages\sklearn\neighbors\_regression.py", line 254, in predict
    y_pred = np.mean(_y[neigh_ind], axis=1)
             ^^^^^^^^^^^^^^^^^^^^^^^^^^^^^^
  File "C:\Users\youne\Desktop\AutoMLapp\.venv\Lib\site-packages\numpy\core\fromnumeric.py", line 3504, in mean
    return _methods._mean(a, axis=axis, dtype=dtype,
           ^^^^^^^^^^^^^^^^^^^^^^^^^^^^^^^^^^^^^^^^^
  File "C:\Users\youne\Desktop\AutoMLapp\.venv\Lib\site-packages\numpy\core\_methods.py", line 121, in _mean
    ret = um.true_divide(
          ^^^^^^^^^^^^^^^
TypeError: unsupported operand type(s) for /: 'str' and 'int'

  warnings.warn(

2026-08-25 18:02:29,607:WARNING:C:\Users\youne\Desktop\AutoMLapp\.venv\Lib\site-packages\pycaret\internal\metrics.py:204: FitFailedWarning: Metric 'make_scorer(root_mean_squared_log_error, greater_is_better=False, response_method='predict')' failed and error score 0.0 has been returned instead. If this is a custom metric, this usually means that the error is in the metric code. Full exception below:
Traceback (most recent call last):
  File "C:\Users\youne\Desktop\AutoMLapp\.venv\Lib\site-packages\pycaret\internal\metrics.py", line 196, in _score
    return super()._score(
           ^^^^^^^^^^^^^^^
  File "C:\Users\youne\Desktop\AutoMLapp\.venv\Lib\site-packages\sklearn\metrics\_scorer.py", line 345, in _score
    y_pred = method_caller(
             ^^^^^^^^^^^^^^
  File "C:\Users\youne\Desktop\AutoMLapp\.venv\Lib\site-packages\sklearn\metrics\_scorer.py", line 87, in _cached_call
    result, _ = _get_response_values(
                ^^^^^^^^^^^^^^^^^^^^^
  File "C:\Users\youne\Desktop\AutoMLapp\.venv\Lib\site-packages\sklearn\utils\_response.py", line 238, in _get_response_values
    y_pred, pos_label = prediction_method(X), None
                        ^^^^^^^^^^^^^^^^^^^^
  File "C:\Users\youne\Desktop\AutoMLapp\.venv\Lib\site-packages\pycaret\internal\pipeline.py", line 330, in predict
    y = self.steps[-1][-1].predict(X, **params)
        ^^^^^^^^^^^^^^^^^^^^^^^^^^^^^^^^^^^^^^^
  File "C:\Users\youne\Desktop\AutoMLapp\.venv\Lib\site-packages\sklearn\neighbors\_regression.py", line 254, in predict
    y_pred = np.mean(_y[neigh_ind], axis=1)
             ^^^^^^^^^^^^^^^^^^^^^^^^^^^^^^
  File "C:\Users\youne\Desktop\AutoMLapp\.venv\Lib\site-packages\numpy\core\fromnumeric.py", line 3504, in mean
    return _methods._mean(a, axis=axis, dtype=dtype,
           ^^^^^^^^^^^^^^^^^^^^^^^^^^^^^^^^^^^^^^^^^
  File "C:\Users\youne\Desktop\AutoMLapp\.venv\Lib\site-packages\numpy\core\_methods.py", line 121, in _mean
    ret = um.true_divide(
          ^^^^^^^^^^^^^^^
TypeError: unsupported operand type(s) for /: 'str' and 'int'

  warnings.warn(

2026-08-25 18:02:29,608:WARNING:C:\Users\youne\Desktop\AutoMLapp\.venv\Lib\site-packages\pycaret\internal\metrics.py:204: FitFailedWarning: Metric 'make_scorer(mean_absolute_percentage_error, greater_is_better=False, response_method='predict')' failed and error score 0.0 has been returned instead. If this is a custom metric, this usually means that the error is in the metric code. Full exception below:
Traceback (most recent call last):
  File "C:\Users\youne\Desktop\AutoMLapp\.venv\Lib\site-packages\pycaret\internal\metrics.py", line 196, in _score
    return super()._score(
           ^^^^^^^^^^^^^^^
  File "C:\Users\youne\Desktop\AutoMLapp\.venv\Lib\site-packages\sklearn\metrics\_scorer.py", line 345, in _score
    y_pred = method_caller(
             ^^^^^^^^^^^^^^
  File "C:\Users\youne\Desktop\AutoMLapp\.venv\Lib\site-packages\sklearn\metrics\_scorer.py", line 87, in _cached_call
    result, _ = _get_response_values(
                ^^^^^^^^^^^^^^^^^^^^^
  File "C:\Users\youne\Desktop\AutoMLapp\.venv\Lib\site-packages\sklearn\utils\_response.py", line 238, in _get_response_values
    y_pred, pos_label = prediction_method(X), None
                        ^^^^^^^^^^^^^^^^^^^^
  File "C:\Users\youne\Desktop\AutoMLapp\.venv\Lib\site-packages\pycaret\internal\pipeline.py", line 330, in predict
    y = self.steps[-1][-1].predict(X, **params)
        ^^^^^^^^^^^^^^^^^^^^^^^^^^^^^^^^^^^^^^^
  File "C:\Users\youne\Desktop\AutoMLapp\.venv\Lib\site-packages\sklearn\neighbors\_regression.py", line 254, in predict
    y_pred = np.mean(_y[neigh_ind], axis=1)
             ^^^^^^^^^^^^^^^^^^^^^^^^^^^^^^
  File "C:\Users\youne\Desktop\AutoMLapp\.venv\Lib\site-packages\numpy\core\fromnumeric.py", line 3504, in mean
    return _methods._mean(a, axis=axis, dtype=dtype,
           ^^^^^^^^^^^^^^^^^^^^^^^^^^^^^^^^^^^^^^^^^
  File "C:\Users\youne\Desktop\AutoMLapp\.venv\Lib\site-packages\numpy\core\_methods.py", line 121, in _mean
    ret = um.true_divide(
          ^^^^^^^^^^^^^^^
TypeError: unsupported operand type(s) for /: 'str' and 'int'

  warnings.warn(

2026-08-25 18:02:29,608:WARNING:C:\Users\youne\Desktop\AutoMLapp\.venv\Lib\site-packages\sklearn\model_selection\_validation.py:1011: UserWarning: Scoring failed. The score on this train-test partition for these parameters will be set to 0.0. Details: 
Traceback (most recent call last):
  File "C:\Users\youne\Desktop\AutoMLapp\.venv\Lib\site-packages\sklearn\metrics\_scorer.py", line 137, in __call__
    score = scorer._score(
            ^^^^^^^^^^^^^^
  File "C:\Users\youne\Desktop\AutoMLapp\.venv\Lib\site-packages\sklearn\metrics\_scorer.py", line 345, in _score
    y_pred = method_caller(
             ^^^^^^^^^^^^^^
  File "C:\Users\youne\Desktop\AutoMLapp\.venv\Lib\site-packages\sklearn\metrics\_scorer.py", line 87, in _cached_call
    result, _ = _get_response_values(
                ^^^^^^^^^^^^^^^^^^^^^
  File "C:\Users\youne\Desktop\AutoMLapp\.venv\Lib\site-packages\sklearn\utils\_response.py", line 238, in _get_response_values
    y_pred, pos_label = prediction_method(X), None
                        ^^^^^^^^^^^^^^^^^^^^
  File "C:\Users\youne\Desktop\AutoMLapp\.venv\Lib\site-packages\pycaret\internal\pipeline.py", line 330, in predict
    y = self.steps[-1][-1].predict(X, **params)
        ^^^^^^^^^^^^^^^^^^^^^^^^^^^^^^^^^^^^^^^
  File "C:\Users\youne\Desktop\AutoMLapp\.venv\Lib\site-packages\sklearn\neighbors\_regression.py", line 254, in predict
    y_pred = np.mean(_y[neigh_ind], axis=1)
             ^^^^^^^^^^^^^^^^^^^^^^^^^^^^^^
  File "C:\Users\youne\Desktop\AutoMLapp\.venv\Lib\site-packages\numpy\core\fromnumeric.py", line 3504, in mean
    return _methods._mean(a, axis=axis, dtype=dtype,
           ^^^^^^^^^^^^^^^^^^^^^^^^^^^^^^^^^^^^^^^^^
  File "C:\Users\youne\Desktop\AutoMLapp\.venv\Lib\site-packages\numpy\core\_methods.py", line 121, in _mean
    ret = um.true_divide(
          ^^^^^^^^^^^^^^^
TypeError: unsupported operand type(s) for /: 'str' and 'int'

  warnings.warn(

2026-08-25 18:02:29,609:WARNING:C:\Users\youne\Desktop\AutoMLapp\.venv\Lib\site-packages\pycaret\internal\metrics.py:204: FitFailedWarning: Metric 'make_scorer(mean_absolute_percentage_error, greater_is_better=False, response_method='predict')' failed and error score 0.0 has been returned instead. If this is a custom metric, this usually means that the error is in the metric code. Full exception below:
Traceback (most recent call last):
  File "C:\Users\youne\Desktop\AutoMLapp\.venv\Lib\site-packages\pycaret\internal\metrics.py", line 196, in _score
    return super()._score(
           ^^^^^^^^^^^^^^^
  File "C:\Users\youne\Desktop\AutoMLapp\.venv\Lib\site-packages\sklearn\metrics\_scorer.py", line 345, in _score
    y_pred = method_caller(
             ^^^^^^^^^^^^^^
  File "C:\Users\youne\Desktop\AutoMLapp\.venv\Lib\site-packages\sklearn\metrics\_scorer.py", line 87, in _cached_call
    result, _ = _get_response_values(
                ^^^^^^^^^^^^^^^^^^^^^
  File "C:\Users\youne\Desktop\AutoMLapp\.venv\Lib\site-packages\sklearn\utils\_response.py", line 238, in _get_response_values
    y_pred, pos_label = prediction_method(X), None
                        ^^^^^^^^^^^^^^^^^^^^
  File "C:\Users\youne\Desktop\AutoMLapp\.venv\Lib\site-packages\pycaret\internal\pipeline.py", line 330, in predict
    y = self.steps[-1][-1].predict(X, **params)
        ^^^^^^^^^^^^^^^^^^^^^^^^^^^^^^^^^^^^^^^
  File "C:\Users\youne\Desktop\AutoMLapp\.venv\Lib\site-packages\sklearn\neighbors\_regression.py", line 254, in predict
    y_pred = np.mean(_y[neigh_ind], axis=1)
             ^^^^^^^^^^^^^^^^^^^^^^^^^^^^^^
  File "C:\Users\youne\Desktop\AutoMLapp\.venv\Lib\site-packages\numpy\core\fromnumeric.py", line 3504, in mean
    return _methods._mean(a, axis=axis, dtype=dtype,
           ^^^^^^^^^^^^^^^^^^^^^^^^^^^^^^^^^^^^^^^^^
  File "C:\Users\youne\Desktop\AutoMLapp\.venv\Lib\site-packages\numpy\core\_methods.py", line 121, in _mean
    ret = um.true_divide(
          ^^^^^^^^^^^^^^^
TypeError: unsupported operand type(s) for /: 'str' and 'int'

  warnings.warn(

2026-08-25 18:02:29,609:WARNING:C:\Users\youne\Desktop\AutoMLapp\.venv\Lib\site-packages\sklearn\model_selection\_validation.py:1011: UserWarning: Scoring failed. The score on this train-test partition for these parameters will be set to 0.0. Details: 
Traceback (most recent call last):
  File "C:\Users\youne\Desktop\AutoMLapp\.venv\Lib\site-packages\sklearn\metrics\_scorer.py", line 137, in __call__
    score = scorer._score(
            ^^^^^^^^^^^^^^
  File "C:\Users\youne\Desktop\AutoMLapp\.venv\Lib\site-packages\sklearn\metrics\_scorer.py", line 345, in _score
    y_pred = method_caller(
             ^^^^^^^^^^^^^^
  File "C:\Users\youne\Desktop\AutoMLapp\.venv\Lib\site-packages\sklearn\metrics\_scorer.py", line 87, in _cached_call
    result, _ = _get_response_values(
                ^^^^^^^^^^^^^^^^^^^^^
  File "C:\Users\youne\Desktop\AutoMLapp\.venv\Lib\site-packages\sklearn\utils\_response.py", line 238, in _get_response_values
    y_pred, pos_label = prediction_method(X), None
                        ^^^^^^^^^^^^^^^^^^^^
  File "C:\Users\youne\Desktop\AutoMLapp\.venv\Lib\site-packages\pycaret\internal\pipeline.py", line 330, in predict
    y = self.steps[-1][-1].predict(X, **params)
        ^^^^^^^^^^^^^^^^^^^^^^^^^^^^^^^^^^^^^^^
  File "C:\Users\youne\Desktop\AutoMLapp\.venv\Lib\site-packages\sklearn\neighbors\_regression.py", line 254, in predict
    y_pred = np.mean(_y[neigh_ind], axis=1)
             ^^^^^^^^^^^^^^^^^^^^^^^^^^^^^^
  File "C:\Users\youne\Desktop\AutoMLapp\.venv\Lib\site-packages\numpy\core\fromnumeric.py", line 3504, in mean
    return _methods._mean(a, axis=axis, dtype=dtype,
           ^^^^^^^^^^^^^^^^^^^^^^^^^^^^^^^^^^^^^^^^^
  File "C:\Users\youne\Desktop\AutoMLapp\.venv\Lib\site-packages\numpy\core\_methods.py", line 121, in _mean
    ret = um.true_divide(
          ^^^^^^^^^^^^^^^
TypeError: unsupported operand type(s) for /: 'str' and 'int'

  warnings.warn(

2026-08-25 18:02:29,609:WARNING:C:\Users\youne\Desktop\AutoMLapp\.venv\Lib\site-packages\pycaret\internal\metrics.py:204: FitFailedWarning: Metric 'make_scorer(mean_absolute_percentage_error, greater_is_better=False, response_method='predict')' failed and error score 0.0 has been returned instead. If this is a custom metric, this usually means that the error is in the metric code. Full exception below:
Traceback (most recent call last):
  File "C:\Users\youne\Desktop\AutoMLapp\.venv\Lib\site-packages\pycaret\internal\metrics.py", line 196, in _score
    return super()._score(
           ^^^^^^^^^^^^^^^
  File "C:\Users\youne\Desktop\AutoMLapp\.venv\Lib\site-packages\sklearn\metrics\_scorer.py", line 345, in _score
    y_pred = method_caller(
             ^^^^^^^^^^^^^^
  File "C:\Users\youne\Desktop\AutoMLapp\.venv\Lib\site-packages\sklearn\metrics\_scorer.py", line 87, in _cached_call
    result, _ = _get_response_values(
                ^^^^^^^^^^^^^^^^^^^^^
  File "C:\Users\youne\Desktop\AutoMLapp\.venv\Lib\site-packages\sklearn\utils\_response.py", line 238, in _get_response_values
    y_pred, pos_label = prediction_method(X), None
                        ^^^^^^^^^^^^^^^^^^^^
  File "C:\Users\youne\Desktop\AutoMLapp\.venv\Lib\site-packages\pycaret\internal\pipeline.py", line 330, in predict
    y = self.steps[-1][-1].predict(X, **params)
        ^^^^^^^^^^^^^^^^^^^^^^^^^^^^^^^^^^^^^^^
  File "C:\Users\youne\Desktop\AutoMLapp\.venv\Lib\site-packages\sklearn\neighbors\_regression.py", line 254, in predict
    y_pred = np.mean(_y[neigh_ind], axis=1)
             ^^^^^^^^^^^^^^^^^^^^^^^^^^^^^^
  File "C:\Users\youne\Desktop\AutoMLapp\.venv\Lib\site-packages\numpy\core\fromnumeric.py", line 3504, in mean
    return _methods._mean(a, axis=axis, dtype=dtype,
           ^^^^^^^^^^^^^^^^^^^^^^^^^^^^^^^^^^^^^^^^^
  File "C:\Users\youne\Desktop\AutoMLapp\.venv\Lib\site-packages\numpy\core\_methods.py", line 121, in _mean
    ret = um.true_divide(
          ^^^^^^^^^^^^^^^
TypeError: unsupported operand type(s) for /: 'str' and 'int'

  warnings.warn(

2026-08-25 18:02:29,610:WARNING:C:\Users\youne\Desktop\AutoMLapp\.venv\Lib\site-packages\sklearn\model_selection\_validation.py:1011: UserWarning: Scoring failed. The score on this train-test partition for these parameters will be set to 0.0. Details: 
Traceback (most recent call last):
  File "C:\Users\youne\Desktop\AutoMLapp\.venv\Lib\site-packages\sklearn\metrics\_scorer.py", line 137, in __call__
    score = scorer._score(
            ^^^^^^^^^^^^^^
  File "C:\Users\youne\Desktop\AutoMLapp\.venv\Lib\site-packages\sklearn\metrics\_scorer.py", line 345, in _score
    y_pred = method_caller(
             ^^^^^^^^^^^^^^
  File "C:\Users\youne\Desktop\AutoMLapp\.venv\Lib\site-packages\sklearn\metrics\_scorer.py", line 87, in _cached_call
    result, _ = _get_response_values(
                ^^^^^^^^^^^^^^^^^^^^^
  File "C:\Users\youne\Desktop\AutoMLapp\.venv\Lib\site-packages\sklearn\utils\_response.py", line 238, in _get_response_values
    y_pred, pos_label = prediction_method(X), None
                        ^^^^^^^^^^^^^^^^^^^^
  File "C:\Users\youne\Desktop\AutoMLapp\.venv\Lib\site-packages\pycaret\internal\pipeline.py", line 330, in predict
    y = self.steps[-1][-1].predict(X, **params)
        ^^^^^^^^^^^^^^^^^^^^^^^^^^^^^^^^^^^^^^^
  File "C:\Users\youne\Desktop\AutoMLapp\.venv\Lib\site-packages\sklearn\neighbors\_regression.py", line 254, in predict
    y_pred = np.mean(_y[neigh_ind], axis=1)
             ^^^^^^^^^^^^^^^^^^^^^^^^^^^^^^
  File "C:\Users\youne\Desktop\AutoMLapp\.venv\Lib\site-packages\numpy\core\fromnumeric.py", line 3504, in mean
    return _methods._mean(a, axis=axis, dtype=dtype,
           ^^^^^^^^^^^^^^^^^^^^^^^^^^^^^^^^^^^^^^^^^
  File "C:\Users\youne\Desktop\AutoMLapp\.venv\Lib\site-packages\numpy\core\_methods.py", line 121, in _mean
    ret = um.true_divide(
          ^^^^^^^^^^^^^^^
TypeError: unsupported operand type(s) for /: 'str' and 'int'

  warnings.warn(

2026-08-25 18:02:29,615:WARNING:C:\Users\youne\Desktop\AutoMLapp\.venv\Lib\site-packages\pycaret\internal\metrics.py:204: FitFailedWarning: Metric 'make_scorer(mean_absolute_percentage_error, greater_is_better=False, response_method='predict')' failed and error score 0.0 has been returned instead. If this is a custom metric, this usually means that the error is in the metric code. Full exception below:
Traceback (most recent call last):
  File "C:\Users\youne\Desktop\AutoMLapp\.venv\Lib\site-packages\pycaret\internal\metrics.py", line 196, in _score
    return super()._score(
           ^^^^^^^^^^^^^^^
  File "C:\Users\youne\Desktop\AutoMLapp\.venv\Lib\site-packages\sklearn\metrics\_scorer.py", line 345, in _score
    y_pred = method_caller(
             ^^^^^^^^^^^^^^
  File "C:\Users\youne\Desktop\AutoMLapp\.venv\Lib\site-packages\sklearn\metrics\_scorer.py", line 87, in _cached_call
    result, _ = _get_response_values(
                ^^^^^^^^^^^^^^^^^^^^^
  File "C:\Users\youne\Desktop\AutoMLapp\.venv\Lib\site-packages\sklearn\utils\_response.py", line 238, in _get_response_values
    y_pred, pos_label = prediction_method(X), None
                        ^^^^^^^^^^^^^^^^^^^^
  File "C:\Users\youne\Desktop\AutoMLapp\.venv\Lib\site-packages\pycaret\internal\pipeline.py", line 330, in predict
    y = self.steps[-1][-1].predict(X, **params)
        ^^^^^^^^^^^^^^^^^^^^^^^^^^^^^^^^^^^^^^^
  File "C:\Users\youne\Desktop\AutoMLapp\.venv\Lib\site-packages\sklearn\neighbors\_regression.py", line 254, in predict
    y_pred = np.mean(_y[neigh_ind], axis=1)
             ^^^^^^^^^^^^^^^^^^^^^^^^^^^^^^
  File "C:\Users\youne\Desktop\AutoMLapp\.venv\Lib\site-packages\numpy\core\fromnumeric.py", line 3504, in mean
    return _methods._mean(a, axis=axis, dtype=dtype,
           ^^^^^^^^^^^^^^^^^^^^^^^^^^^^^^^^^^^^^^^^^
  File "C:\Users\youne\Desktop\AutoMLapp\.venv\Lib\site-packages\numpy\core\_methods.py", line 121, in _mean
    ret = um.true_divide(
          ^^^^^^^^^^^^^^^
TypeError: unsupported operand type(s) for /: 'str' and 'int'

  warnings.warn(

2026-08-25 18:02:29,616:WARNING:C:\Users\youne\Desktop\AutoMLapp\.venv\Lib\site-packages\sklearn\model_selection\_validation.py:1011: UserWarning: Scoring failed. The score on this train-test partition for these parameters will be set to 0.0. Details: 
Traceback (most recent call last):
  File "C:\Users\youne\Desktop\AutoMLapp\.venv\Lib\site-packages\sklearn\metrics\_scorer.py", line 137, in __call__
    score = scorer._score(
            ^^^^^^^^^^^^^^
  File "C:\Users\youne\Desktop\AutoMLapp\.venv\Lib\site-packages\sklearn\metrics\_scorer.py", line 345, in _score
    y_pred = method_caller(
             ^^^^^^^^^^^^^^
  File "C:\Users\youne\Desktop\AutoMLapp\.venv\Lib\site-packages\sklearn\metrics\_scorer.py", line 87, in _cached_call
    result, _ = _get_response_values(
                ^^^^^^^^^^^^^^^^^^^^^
  File "C:\Users\youne\Desktop\AutoMLapp\.venv\Lib\site-packages\sklearn\utils\_response.py", line 238, in _get_response_values
    y_pred, pos_label = prediction_method(X), None
                        ^^^^^^^^^^^^^^^^^^^^
  File "C:\Users\youne\Desktop\AutoMLapp\.venv\Lib\site-packages\pycaret\internal\pipeline.py", line 330, in predict
    y = self.steps[-1][-1].predict(X, **params)
        ^^^^^^^^^^^^^^^^^^^^^^^^^^^^^^^^^^^^^^^
  File "C:\Users\youne\Desktop\AutoMLapp\.venv\Lib\site-packages\sklearn\neighbors\_regression.py", line 254, in predict
    y_pred = np.mean(_y[neigh_ind], axis=1)
             ^^^^^^^^^^^^^^^^^^^^^^^^^^^^^^
  File "C:\Users\youne\Desktop\AutoMLapp\.venv\Lib\site-packages\numpy\core\fromnumeric.py", line 3504, in mean
    return _methods._mean(a, axis=axis, dtype=dtype,
           ^^^^^^^^^^^^^^^^^^^^^^^^^^^^^^^^^^^^^^^^^
  File "C:\Users\youne\Desktop\AutoMLapp\.venv\Lib\site-packages\numpy\core\_methods.py", line 121, in _mean
    ret = um.true_divide(
          ^^^^^^^^^^^^^^^
TypeError: unsupported operand type(s) for /: 'str' and 'int'

  warnings.warn(

2026-08-25 18:02:29,616:WARNING:C:\Users\youne\Desktop\AutoMLapp\.venv\Lib\site-packages\pycaret\internal\metrics.py:204: FitFailedWarning: Metric 'make_scorer(mean_absolute_percentage_error, greater_is_better=False, response_method='predict')' failed and error score 0.0 has been returned instead. If this is a custom metric, this usually means that the error is in the metric code. Full exception below:
Traceback (most recent call last):
  File "C:\Users\youne\Desktop\AutoMLapp\.venv\Lib\site-packages\pycaret\internal\metrics.py", line 196, in _score
    return super()._score(
           ^^^^^^^^^^^^^^^
  File "C:\Users\youne\Desktop\AutoMLapp\.venv\Lib\site-packages\sklearn\metrics\_scorer.py", line 345, in _score
    y_pred = method_caller(
             ^^^^^^^^^^^^^^
  File "C:\Users\youne\Desktop\AutoMLapp\.venv\Lib\site-packages\sklearn\metrics\_scorer.py", line 87, in _cached_call
    result, _ = _get_response_values(
                ^^^^^^^^^^^^^^^^^^^^^
  File "C:\Users\youne\Desktop\AutoMLapp\.venv\Lib\site-packages\sklearn\utils\_response.py", line 238, in _get_response_values
    y_pred, pos_label = prediction_method(X), None
                        ^^^^^^^^^^^^^^^^^^^^
  File "C:\Users\youne\Desktop\AutoMLapp\.venv\Lib\site-packages\pycaret\internal\pipeline.py", line 330, in predict
    y = self.steps[-1][-1].predict(X, **params)
        ^^^^^^^^^^^^^^^^^^^^^^^^^^^^^^^^^^^^^^^
  File "C:\Users\youne\Desktop\AutoMLapp\.venv\Lib\site-packages\sklearn\neighbors\_regression.py", line 254, in predict
    y_pred = np.mean(_y[neigh_ind], axis=1)
             ^^^^^^^^^^^^^^^^^^^^^^^^^^^^^^
  File "C:\Users\youne\Desktop\AutoMLapp\.venv\Lib\site-packages\numpy\core\fromnumeric.py", line 3504, in mean
    return _methods._mean(a, axis=axis, dtype=dtype,
           ^^^^^^^^^^^^^^^^^^^^^^^^^^^^^^^^^^^^^^^^^
  File "C:\Users\youne\Desktop\AutoMLapp\.venv\Lib\site-packages\numpy\core\_methods.py", line 121, in _mean
    ret = um.true_divide(
          ^^^^^^^^^^^^^^^
TypeError: unsupported operand type(s) for /: 'str' and 'int'

  warnings.warn(

2026-08-25 18:02:29,616:WARNING:C:\Users\youne\Desktop\AutoMLapp\.venv\Lib\site-packages\sklearn\model_selection\_validation.py:1011: UserWarning: Scoring failed. The score on this train-test partition for these parameters will be set to 0.0. Details: 
Traceback (most recent call last):
  File "C:\Users\youne\Desktop\AutoMLapp\.venv\Lib\site-packages\sklearn\metrics\_scorer.py", line 137, in __call__
    score = scorer._score(
            ^^^^^^^^^^^^^^
  File "C:\Users\youne\Desktop\AutoMLapp\.venv\Lib\site-packages\sklearn\metrics\_scorer.py", line 345, in _score
    y_pred = method_caller(
             ^^^^^^^^^^^^^^
  File "C:\Users\youne\Desktop\AutoMLapp\.venv\Lib\site-packages\sklearn\metrics\_scorer.py", line 87, in _cached_call
    result, _ = _get_response_values(
                ^^^^^^^^^^^^^^^^^^^^^
  File "C:\Users\youne\Desktop\AutoMLapp\.venv\Lib\site-packages\sklearn\utils\_response.py", line 238, in _get_response_values
    y_pred, pos_label = prediction_method(X), None
                        ^^^^^^^^^^^^^^^^^^^^
  File "C:\Users\youne\Desktop\AutoMLapp\.venv\Lib\site-packages\pycaret\internal\pipeline.py", line 330, in predict
    y = self.steps[-1][-1].predict(X, **params)
        ^^^^^^^^^^^^^^^^^^^^^^^^^^^^^^^^^^^^^^^
  File "C:\Users\youne\Desktop\AutoMLapp\.venv\Lib\site-packages\sklearn\neighbors\_regression.py", line 254, in predict
    y_pred = np.mean(_y[neigh_ind], axis=1)
             ^^^^^^^^^^^^^^^^^^^^^^^^^^^^^^
  File "C:\Users\youne\Desktop\AutoMLapp\.venv\Lib\site-packages\numpy\core\fromnumeric.py", line 3504, in mean
    return _methods._mean(a, axis=axis, dtype=dtype,
           ^^^^^^^^^^^^^^^^^^^^^^^^^^^^^^^^^^^^^^^^^
  File "C:\Users\youne\Desktop\AutoMLapp\.venv\Lib\site-packages\numpy\core\_methods.py", line 121, in _mean
    ret = um.true_divide(
          ^^^^^^^^^^^^^^^
TypeError: unsupported operand type(s) for /: 'str' and 'int'

  warnings.warn(

2026-08-25 18:02:29,617:WARNING:C:\Users\youne\Desktop\AutoMLapp\.venv\Lib\site-packages\pycaret\internal\metrics.py:204: FitFailedWarning: Metric 'make_scorer(mean_absolute_percentage_error, greater_is_better=False, response_method='predict')' failed and error score 0.0 has been returned instead. If this is a custom metric, this usually means that the error is in the metric code. Full exception below:
Traceback (most recent call last):
  File "C:\Users\youne\Desktop\AutoMLapp\.venv\Lib\site-packages\pycaret\internal\metrics.py", line 196, in _score
    return super()._score(
           ^^^^^^^^^^^^^^^
  File "C:\Users\youne\Desktop\AutoMLapp\.venv\Lib\site-packages\sklearn\metrics\_scorer.py", line 345, in _score
    y_pred = method_caller(
             ^^^^^^^^^^^^^^
  File "C:\Users\youne\Desktop\AutoMLapp\.venv\Lib\site-packages\sklearn\metrics\_scorer.py", line 87, in _cached_call
    result, _ = _get_response_values(
                ^^^^^^^^^^^^^^^^^^^^^
  File "C:\Users\youne\Desktop\AutoMLapp\.venv\Lib\site-packages\sklearn\utils\_response.py", line 238, in _get_response_values
    y_pred, pos_label = prediction_method(X), None
                        ^^^^^^^^^^^^^^^^^^^^
  File "C:\Users\youne\Desktop\AutoMLapp\.venv\Lib\site-packages\pycaret\internal\pipeline.py", line 330, in predict
    y = self.steps[-1][-1].predict(X, **params)
        ^^^^^^^^^^^^^^^^^^^^^^^^^^^^^^^^^^^^^^^
  File "C:\Users\youne\Desktop\AutoMLapp\.venv\Lib\site-packages\sklearn\neighbors\_regression.py", line 254, in predict
    y_pred = np.mean(_y[neigh_ind], axis=1)
             ^^^^^^^^^^^^^^^^^^^^^^^^^^^^^^
  File "C:\Users\youne\Desktop\AutoMLapp\.venv\Lib\site-packages\numpy\core\fromnumeric.py", line 3504, in mean
    return _methods._mean(a, axis=axis, dtype=dtype,
           ^^^^^^^^^^^^^^^^^^^^^^^^^^^^^^^^^^^^^^^^^
  File "C:\Users\youne\Desktop\AutoMLapp\.venv\Lib\site-packages\numpy\core\_methods.py", line 121, in _mean
    ret = um.true_divide(
          ^^^^^^^^^^^^^^^
TypeError: unsupported operand type(s) for /: 'str' and 'int'

  warnings.warn(

2026-08-25 18:02:29,617:WARNING:C:\Users\youne\Desktop\AutoMLapp\.venv\Lib\site-packages\sklearn\model_selection\_validation.py:1011: UserWarning: Scoring failed. The score on this train-test partition for these parameters will be set to 0.0. Details: 
Traceback (most recent call last):
  File "C:\Users\youne\Desktop\AutoMLapp\.venv\Lib\site-packages\sklearn\metrics\_scorer.py", line 137, in __call__
    score = scorer._score(
            ^^^^^^^^^^^^^^
  File "C:\Users\youne\Desktop\AutoMLapp\.venv\Lib\site-packages\sklearn\metrics\_scorer.py", line 345, in _score
    y_pred = method_caller(
             ^^^^^^^^^^^^^^
  File "C:\Users\youne\Desktop\AutoMLapp\.venv\Lib\site-packages\sklearn\metrics\_scorer.py", line 87, in _cached_call
    result, _ = _get_response_values(
                ^^^^^^^^^^^^^^^^^^^^^
  File "C:\Users\youne\Desktop\AutoMLapp\.venv\Lib\site-packages\sklearn\utils\_response.py", line 238, in _get_response_values
    y_pred, pos_label = prediction_method(X), None
                        ^^^^^^^^^^^^^^^^^^^^
  File "C:\Users\youne\Desktop\AutoMLapp\.venv\Lib\site-packages\pycaret\internal\pipeline.py", line 330, in predict
    y = self.steps[-1][-1].predict(X, **params)
        ^^^^^^^^^^^^^^^^^^^^^^^^^^^^^^^^^^^^^^^
  File "C:\Users\youne\Desktop\AutoMLapp\.venv\Lib\site-packages\sklearn\neighbors\_regression.py", line 254, in predict
    y_pred = np.mean(_y[neigh_ind], axis=1)
             ^^^^^^^^^^^^^^^^^^^^^^^^^^^^^^
  File "C:\Users\youne\Desktop\AutoMLapp\.venv\Lib\site-packages\numpy\core\fromnumeric.py", line 3504, in mean
    return _methods._mean(a, axis=axis, dtype=dtype,
           ^^^^^^^^^^^^^^^^^^^^^^^^^^^^^^^^^^^^^^^^^
  File "C:\Users\youne\Desktop\AutoMLapp\.venv\Lib\site-packages\numpy\core\_methods.py", line 121, in _mean
    ret = um.true_divide(
          ^^^^^^^^^^^^^^^
TypeError: unsupported operand type(s) for /: 'str' and 'int'

  warnings.warn(

2026-08-25 18:02:29,618:WARNING:C:\Users\youne\Desktop\AutoMLapp\.venv\Lib\site-packages\pycaret\internal\metrics.py:204: FitFailedWarning: Metric 'make_scorer(mean_absolute_percentage_error, greater_is_better=False, response_method='predict')' failed and error score 0.0 has been returned instead. If this is a custom metric, this usually means that the error is in the metric code. Full exception below:
Traceback (most recent call last):
  File "C:\Users\youne\Desktop\AutoMLapp\.venv\Lib\site-packages\pycaret\internal\metrics.py", line 196, in _score
    return super()._score(
           ^^^^^^^^^^^^^^^
  File "C:\Users\youne\Desktop\AutoMLapp\.venv\Lib\site-packages\sklearn\metrics\_scorer.py", line 345, in _score
    y_pred = method_caller(
             ^^^^^^^^^^^^^^
  File "C:\Users\youne\Desktop\AutoMLapp\.venv\Lib\site-packages\sklearn\metrics\_scorer.py", line 87, in _cached_call
    result, _ = _get_response_values(
                ^^^^^^^^^^^^^^^^^^^^^
  File "C:\Users\youne\Desktop\AutoMLapp\.venv\Lib\site-packages\sklearn\utils\_response.py", line 238, in _get_response_values
    y_pred, pos_label = prediction_method(X), None
                        ^^^^^^^^^^^^^^^^^^^^
  File "C:\Users\youne\Desktop\AutoMLapp\.venv\Lib\site-packages\pycaret\internal\pipeline.py", line 330, in predict
    y = self.steps[-1][-1].predict(X, **params)
        ^^^^^^^^^^^^^^^^^^^^^^^^^^^^^^^^^^^^^^^
  File "C:\Users\youne\Desktop\AutoMLapp\.venv\Lib\site-packages\sklearn\neighbors\_regression.py", line 254, in predict
    y_pred = np.mean(_y[neigh_ind], axis=1)
             ^^^^^^^^^^^^^^^^^^^^^^^^^^^^^^
  File "C:\Users\youne\Desktop\AutoMLapp\.venv\Lib\site-packages\numpy\core\fromnumeric.py", line 3504, in mean
    return _methods._mean(a, axis=axis, dtype=dtype,
           ^^^^^^^^^^^^^^^^^^^^^^^^^^^^^^^^^^^^^^^^^
  File "C:\Users\youne\Desktop\AutoMLapp\.venv\Lib\site-packages\numpy\core\_methods.py", line 121, in _mean
    ret = um.true_divide(
          ^^^^^^^^^^^^^^^
TypeError: unsupported operand type(s) for /: 'str' and 'int'

  warnings.warn(

2026-08-25 18:02:29,618:WARNING:C:\Users\youne\Desktop\AutoMLapp\.venv\Lib\site-packages\sklearn\model_selection\_validation.py:1011: UserWarning: Scoring failed. The score on this train-test partition for these parameters will be set to 0.0. Details: 
Traceback (most recent call last):
  File "C:\Users\youne\Desktop\AutoMLapp\.venv\Lib\site-packages\sklearn\metrics\_scorer.py", line 137, in __call__
    score = scorer._score(
            ^^^^^^^^^^^^^^
  File "C:\Users\youne\Desktop\AutoMLapp\.venv\Lib\site-packages\sklearn\metrics\_scorer.py", line 345, in _score
    y_pred = method_caller(
             ^^^^^^^^^^^^^^
  File "C:\Users\youne\Desktop\AutoMLapp\.venv\Lib\site-packages\sklearn\metrics\_scorer.py", line 87, in _cached_call
    result, _ = _get_response_values(
                ^^^^^^^^^^^^^^^^^^^^^
  File "C:\Users\youne\Desktop\AutoMLapp\.venv\Lib\site-packages\sklearn\utils\_response.py", line 238, in _get_response_values
    y_pred, pos_label = prediction_method(X), None
                        ^^^^^^^^^^^^^^^^^^^^
  File "C:\Users\youne\Desktop\AutoMLapp\.venv\Lib\site-packages\pycaret\internal\pipeline.py", line 330, in predict
    y = self.steps[-1][-1].predict(X, **params)
        ^^^^^^^^^^^^^^^^^^^^^^^^^^^^^^^^^^^^^^^
  File "C:\Users\youne\Desktop\AutoMLapp\.venv\Lib\site-packages\sklearn\neighbors\_regression.py", line 254, in predict
    y_pred = np.mean(_y[neigh_ind], axis=1)
             ^^^^^^^^^^^^^^^^^^^^^^^^^^^^^^
  File "C:\Users\youne\Desktop\AutoMLapp\.venv\Lib\site-packages\numpy\core\fromnumeric.py", line 3504, in mean
    return _methods._mean(a, axis=axis, dtype=dtype,
           ^^^^^^^^^^^^^^^^^^^^^^^^^^^^^^^^^^^^^^^^^
  File "C:\Users\youne\Desktop\AutoMLapp\.venv\Lib\site-packages\numpy\core\_methods.py", line 121, in _mean
    ret = um.true_divide(
          ^^^^^^^^^^^^^^^
TypeError: unsupported operand type(s) for /: 'str' and 'int'

  warnings.warn(

2026-08-25 18:02:29,626:WARNING:C:\Users\youne\Desktop\AutoMLapp\.venv\Lib\site-packages\pycaret\internal\metrics.py:204: FitFailedWarning: Metric 'make_scorer(mean_absolute_percentage_error, greater_is_better=False, response_method='predict')' failed and error score 0.0 has been returned instead. If this is a custom metric, this usually means that the error is in the metric code. Full exception below:
Traceback (most recent call last):
  File "C:\Users\youne\Desktop\AutoMLapp\.venv\Lib\site-packages\pycaret\internal\metrics.py", line 196, in _score
    return super()._score(
           ^^^^^^^^^^^^^^^
  File "C:\Users\youne\Desktop\AutoMLapp\.venv\Lib\site-packages\sklearn\metrics\_scorer.py", line 345, in _score
    y_pred = method_caller(
             ^^^^^^^^^^^^^^
  File "C:\Users\youne\Desktop\AutoMLapp\.venv\Lib\site-packages\sklearn\metrics\_scorer.py", line 87, in _cached_call
    result, _ = _get_response_values(
                ^^^^^^^^^^^^^^^^^^^^^
  File "C:\Users\youne\Desktop\AutoMLapp\.venv\Lib\site-packages\sklearn\utils\_response.py", line 238, in _get_response_values
    y_pred, pos_label = prediction_method(X), None
                        ^^^^^^^^^^^^^^^^^^^^
  File "C:\Users\youne\Desktop\AutoMLapp\.venv\Lib\site-packages\pycaret\internal\pipeline.py", line 330, in predict
    y = self.steps[-1][-1].predict(X, **params)
        ^^^^^^^^^^^^^^^^^^^^^^^^^^^^^^^^^^^^^^^
  File "C:\Users\youne\Desktop\AutoMLapp\.venv\Lib\site-packages\sklearn\neighbors\_regression.py", line 254, in predict
    y_pred = np.mean(_y[neigh_ind], axis=1)
             ^^^^^^^^^^^^^^^^^^^^^^^^^^^^^^
  File "C:\Users\youne\Desktop\AutoMLapp\.venv\Lib\site-packages\numpy\core\fromnumeric.py", line 3504, in mean
    return _methods._mean(a, axis=axis, dtype=dtype,
           ^^^^^^^^^^^^^^^^^^^^^^^^^^^^^^^^^^^^^^^^^
  File "C:\Users\youne\Desktop\AutoMLapp\.venv\Lib\site-packages\numpy\core\_methods.py", line 121, in _mean
    ret = um.true_divide(
          ^^^^^^^^^^^^^^^
TypeError: unsupported operand type(s) for /: 'str' and 'int'

  warnings.warn(

2026-08-25 18:02:29,626:WARNING:C:\Users\youne\Desktop\AutoMLapp\.venv\Lib\site-packages\sklearn\model_selection\_validation.py:1011: UserWarning: Scoring failed. The score on this train-test partition for these parameters will be set to 0.0. Details: 
Traceback (most recent call last):
  File "C:\Users\youne\Desktop\AutoMLapp\.venv\Lib\site-packages\sklearn\metrics\_scorer.py", line 137, in __call__
    score = scorer._score(
            ^^^^^^^^^^^^^^
  File "C:\Users\youne\Desktop\AutoMLapp\.venv\Lib\site-packages\sklearn\metrics\_scorer.py", line 345, in _score
    y_pred = method_caller(
             ^^^^^^^^^^^^^^
  File "C:\Users\youne\Desktop\AutoMLapp\.venv\Lib\site-packages\sklearn\metrics\_scorer.py", line 87, in _cached_call
    result, _ = _get_response_values(
                ^^^^^^^^^^^^^^^^^^^^^
  File "C:\Users\youne\Desktop\AutoMLapp\.venv\Lib\site-packages\sklearn\utils\_response.py", line 238, in _get_response_values
    y_pred, pos_label = prediction_method(X), None
                        ^^^^^^^^^^^^^^^^^^^^
  File "C:\Users\youne\Desktop\AutoMLapp\.venv\Lib\site-packages\pycaret\internal\pipeline.py", line 330, in predict
    y = self.steps[-1][-1].predict(X, **params)
        ^^^^^^^^^^^^^^^^^^^^^^^^^^^^^^^^^^^^^^^
  File "C:\Users\youne\Desktop\AutoMLapp\.venv\Lib\site-packages\sklearn\neighbors\_regression.py", line 254, in predict
    y_pred = np.mean(_y[neigh_ind], axis=1)
             ^^^^^^^^^^^^^^^^^^^^^^^^^^^^^^
  File "C:\Users\youne\Desktop\AutoMLapp\.venv\Lib\site-packages\numpy\core\fromnumeric.py", line 3504, in mean
    return _methods._mean(a, axis=axis, dtype=dtype,
           ^^^^^^^^^^^^^^^^^^^^^^^^^^^^^^^^^^^^^^^^^
  File "C:\Users\youne\Desktop\AutoMLapp\.venv\Lib\site-packages\numpy\core\_methods.py", line 121, in _mean
    ret = um.true_divide(
          ^^^^^^^^^^^^^^^
TypeError: unsupported operand type(s) for /: 'str' and 'int'

  warnings.warn(

2026-08-25 18:02:29,626:WARNING:C:\Users\youne\Desktop\AutoMLapp\.venv\Lib\site-packages\pycaret\internal\metrics.py:204: FitFailedWarning: Metric 'make_scorer(mean_absolute_percentage_error, greater_is_better=False, response_method='predict')' failed and error score 0.0 has been returned instead. If this is a custom metric, this usually means that the error is in the metric code. Full exception below:
Traceback (most recent call last):
  File "C:\Users\youne\Desktop\AutoMLapp\.venv\Lib\site-packages\pycaret\internal\metrics.py", line 196, in _score
    return super()._score(
           ^^^^^^^^^^^^^^^
  File "C:\Users\youne\Desktop\AutoMLapp\.venv\Lib\site-packages\sklearn\metrics\_scorer.py", line 345, in _score
    y_pred = method_caller(
             ^^^^^^^^^^^^^^
  File "C:\Users\youne\Desktop\AutoMLapp\.venv\Lib\site-packages\sklearn\metrics\_scorer.py", line 87, in _cached_call
    result, _ = _get_response_values(
                ^^^^^^^^^^^^^^^^^^^^^
  File "C:\Users\youne\Desktop\AutoMLapp\.venv\Lib\site-packages\sklearn\utils\_response.py", line 238, in _get_response_values
    y_pred, pos_label = prediction_method(X), None
                        ^^^^^^^^^^^^^^^^^^^^
  File "C:\Users\youne\Desktop\AutoMLapp\.venv\Lib\site-packages\pycaret\internal\pipeline.py", line 330, in predict
    y = self.steps[-1][-1].predict(X, **params)
        ^^^^^^^^^^^^^^^^^^^^^^^^^^^^^^^^^^^^^^^
  File "C:\Users\youne\Desktop\AutoMLapp\.venv\Lib\site-packages\sklearn\neighbors\_regression.py", line 254, in predict
    y_pred = np.mean(_y[neigh_ind], axis=1)
             ^^^^^^^^^^^^^^^^^^^^^^^^^^^^^^
  File "C:\Users\youne\Desktop\AutoMLapp\.venv\Lib\site-packages\numpy\core\fromnumeric.py", line 3504, in mean
    return _methods._mean(a, axis=axis, dtype=dtype,
           ^^^^^^^^^^^^^^^^^^^^^^^^^^^^^^^^^^^^^^^^^
  File "C:\Users\youne\Desktop\AutoMLapp\.venv\Lib\site-packages\numpy\core\_methods.py", line 121, in _mean
    ret = um.true_divide(
          ^^^^^^^^^^^^^^^
TypeError: unsupported operand type(s) for /: 'str' and 'int'

  warnings.warn(

2026-08-25 18:02:29,626:WARNING:C:\Users\youne\Desktop\AutoMLapp\.venv\Lib\site-packages\sklearn\model_selection\_validation.py:1011: UserWarning: Scoring failed. The score on this train-test partition for these parameters will be set to 0.0. Details: 
Traceback (most recent call last):
  File "C:\Users\youne\Desktop\AutoMLapp\.venv\Lib\site-packages\sklearn\metrics\_scorer.py", line 137, in __call__
    score = scorer._score(
            ^^^^^^^^^^^^^^
  File "C:\Users\youne\Desktop\AutoMLapp\.venv\Lib\site-packages\sklearn\metrics\_scorer.py", line 345, in _score
    y_pred = method_caller(
             ^^^^^^^^^^^^^^
  File "C:\Users\youne\Desktop\AutoMLapp\.venv\Lib\site-packages\sklearn\metrics\_scorer.py", line 87, in _cached_call
    result, _ = _get_response_values(
                ^^^^^^^^^^^^^^^^^^^^^
  File "C:\Users\youne\Desktop\AutoMLapp\.venv\Lib\site-packages\sklearn\utils\_response.py", line 238, in _get_response_values
    y_pred, pos_label = prediction_method(X), None
                        ^^^^^^^^^^^^^^^^^^^^
  File "C:\Users\youne\Desktop\AutoMLapp\.venv\Lib\site-packages\pycaret\internal\pipeline.py", line 330, in predict
    y = self.steps[-1][-1].predict(X, **params)
        ^^^^^^^^^^^^^^^^^^^^^^^^^^^^^^^^^^^^^^^
  File "C:\Users\youne\Desktop\AutoMLapp\.venv\Lib\site-packages\sklearn\neighbors\_regression.py", line 254, in predict
    y_pred = np.mean(_y[neigh_ind], axis=1)
             ^^^^^^^^^^^^^^^^^^^^^^^^^^^^^^
  File "C:\Users\youne\Desktop\AutoMLapp\.venv\Lib\site-packages\numpy\core\fromnumeric.py", line 3504, in mean
    return _methods._mean(a, axis=axis, dtype=dtype,
           ^^^^^^^^^^^^^^^^^^^^^^^^^^^^^^^^^^^^^^^^^
  File "C:\Users\youne\Desktop\AutoMLapp\.venv\Lib\site-packages\numpy\core\_methods.py", line 121, in _mean
    ret = um.true_divide(
          ^^^^^^^^^^^^^^^
TypeError: unsupported operand type(s) for /: 'str' and 'int'

  warnings.warn(

2026-08-25 18:02:29,629:WARNING:C:\Users\youne\Desktop\AutoMLapp\.venv\Lib\site-packages\pycaret\internal\metrics.py:204: FitFailedWarning: Metric 'make_scorer(mean_absolute_percentage_error, greater_is_better=False, response_method='predict')' failed and error score 0.0 has been returned instead. If this is a custom metric, this usually means that the error is in the metric code. Full exception below:
Traceback (most recent call last):
  File "C:\Users\youne\Desktop\AutoMLapp\.venv\Lib\site-packages\pycaret\internal\metrics.py", line 196, in _score
    return super()._score(
           ^^^^^^^^^^^^^^^
  File "C:\Users\youne\Desktop\AutoMLapp\.venv\Lib\site-packages\sklearn\metrics\_scorer.py", line 345, in _score
    y_pred = method_caller(
             ^^^^^^^^^^^^^^
  File "C:\Users\youne\Desktop\AutoMLapp\.venv\Lib\site-packages\sklearn\metrics\_scorer.py", line 87, in _cached_call
    result, _ = _get_response_values(
                ^^^^^^^^^^^^^^^^^^^^^
  File "C:\Users\youne\Desktop\AutoMLapp\.venv\Lib\site-packages\sklearn\utils\_response.py", line 238, in _get_response_values
    y_pred, pos_label = prediction_method(X), None
                        ^^^^^^^^^^^^^^^^^^^^
  File "C:\Users\youne\Desktop\AutoMLapp\.venv\Lib\site-packages\pycaret\internal\pipeline.py", line 330, in predict
    y = self.steps[-1][-1].predict(X, **params)
        ^^^^^^^^^^^^^^^^^^^^^^^^^^^^^^^^^^^^^^^
  File "C:\Users\youne\Desktop\AutoMLapp\.venv\Lib\site-packages\sklearn\neighbors\_regression.py", line 254, in predict
    y_pred = np.mean(_y[neigh_ind], axis=1)
             ^^^^^^^^^^^^^^^^^^^^^^^^^^^^^^
  File "C:\Users\youne\Desktop\AutoMLapp\.venv\Lib\site-packages\numpy\core\fromnumeric.py", line 3504, in mean
    return _methods._mean(a, axis=axis, dtype=dtype,
           ^^^^^^^^^^^^^^^^^^^^^^^^^^^^^^^^^^^^^^^^^
  File "C:\Users\youne\Desktop\AutoMLapp\.venv\Lib\site-packages\numpy\core\_methods.py", line 121, in _mean
    ret = um.true_divide(
          ^^^^^^^^^^^^^^^
TypeError: unsupported operand type(s) for /: 'str' and 'int'

  warnings.warn(

2026-08-25 18:02:29,629:WARNING:C:\Users\youne\Desktop\AutoMLapp\.venv\Lib\site-packages\sklearn\model_selection\_validation.py:1011: UserWarning: Scoring failed. The score on this train-test partition for these parameters will be set to 0.0. Details: 
Traceback (most recent call last):
  File "C:\Users\youne\Desktop\AutoMLapp\.venv\Lib\site-packages\sklearn\metrics\_scorer.py", line 137, in __call__
    score = scorer._score(
            ^^^^^^^^^^^^^^
  File "C:\Users\youne\Desktop\AutoMLapp\.venv\Lib\site-packages\sklearn\metrics\_scorer.py", line 345, in _score
    y_pred = method_caller(
             ^^^^^^^^^^^^^^
  File "C:\Users\youne\Desktop\AutoMLapp\.venv\Lib\site-packages\sklearn\metrics\_scorer.py", line 87, in _cached_call
    result, _ = _get_response_values(
                ^^^^^^^^^^^^^^^^^^^^^
  File "C:\Users\youne\Desktop\AutoMLapp\.venv\Lib\site-packages\sklearn\utils\_response.py", line 238, in _get_response_values
    y_pred, pos_label = prediction_method(X), None
                        ^^^^^^^^^^^^^^^^^^^^
  File "C:\Users\youne\Desktop\AutoMLapp\.venv\Lib\site-packages\pycaret\internal\pipeline.py", line 330, in predict
    y = self.steps[-1][-1].predict(X, **params)
        ^^^^^^^^^^^^^^^^^^^^^^^^^^^^^^^^^^^^^^^
  File "C:\Users\youne\Desktop\AutoMLapp\.venv\Lib\site-packages\sklearn\neighbors\_regression.py", line 254, in predict
    y_pred = np.mean(_y[neigh_ind], axis=1)
             ^^^^^^^^^^^^^^^^^^^^^^^^^^^^^^
  File "C:\Users\youne\Desktop\AutoMLapp\.venv\Lib\site-packages\numpy\core\fromnumeric.py", line 3504, in mean
    return _methods._mean(a, axis=axis, dtype=dtype,
           ^^^^^^^^^^^^^^^^^^^^^^^^^^^^^^^^^^^^^^^^^
  File "C:\Users\youne\Desktop\AutoMLapp\.venv\Lib\site-packages\numpy\core\_methods.py", line 121, in _mean
    ret = um.true_divide(
          ^^^^^^^^^^^^^^^
TypeError: unsupported operand type(s) for /: 'str' and 'int'

  warnings.warn(

2026-08-25 18:02:29,634:INFO:Calculating mean and std
2026-08-25 18:02:29,635:INFO:Creating metrics dataframe
2026-08-25 18:02:29,637:INFO:Uploading results into container
2026-08-25 18:02:29,637:INFO:Uploading model into container now
2026-08-25 18:02:29,637:INFO:_master_model_container: 2
2026-08-25 18:02:29,637:INFO:_display_container: 2
2026-08-25 18:02:29,637:INFO:KNeighborsRegressor(n_jobs=-1)
2026-08-25 18:02:29,637:INFO:create_model() successfully completed......................................
2026-08-25 18:02:29,719:ERROR:create_model() for KNeighborsRegressor(n_jobs=-1) raised an exception or returned all 0.0:
2026-08-25 18:02:29,720:ERROR:Traceback (most recent call last):
  File "C:\Users\youne\Desktop\AutoMLapp\.venv\Lib\site-packages\pycaret\internal\pycaret_experiment\supervised_experiment.py", line 797, in compare_models
    np.sum(
AssertionError

During handling of the above exception, another exception occurred:

Traceback (most recent call last):
  File "C:\Users\youne\Desktop\AutoMLapp\.venv\Lib\site-packages\pycaret\internal\pycaret_experiment\supervised_experiment.py", line 818, in compare_models
    np.sum(
AssertionError

2026-08-25 18:02:29,720:INFO:Initializing Decision Tree Regressor
2026-08-25 18:02:29,720:INFO:Total runtime is 0.126088809967041 minutes
2026-08-25 18:02:29,720:INFO:SubProcess create_model() called ==================================
2026-08-25 18:02:29,720:INFO:Initializing create_model()
2026-08-25 18:02:29,720:INFO:create_model(self=<pycaret.regression.oop.RegressionExperiment object at 0x00000220CBD40450>, estimator=dt, fold=KFold(n_splits=10, random_state=None, shuffle=False), round=4, cross_validation=True, predict=True, fit_kwargs={}, groups=None, refit=False, probability_threshold=None, experiment_custom_tags=None, verbose=False, system=False, add_to_model_list=True, metrics=None, display=<pycaret.internal.display.display.CommonDisplay object at 0x000002211C6F2C10>, model_only=True, return_train_score=False, error_score=0.0, kwargs={})
2026-08-25 18:02:29,721:INFO:Checking exceptions
2026-08-25 18:02:29,721:INFO:Importing libraries
2026-08-25 18:02:29,721:INFO:Copying training dataset
2026-08-25 18:02:29,723:INFO:Defining folds
2026-08-25 18:02:29,723:INFO:Declaring metric variables
2026-08-25 18:02:29,723:INFO:Importing untrained model
2026-08-25 18:02:29,724:INFO:Decision Tree Regressor Imported successfully
2026-08-25 18:02:29,724:INFO:Starting cross validation
2026-08-25 18:02:29,725:INFO:Cross validating with KFold(n_splits=10, random_state=None, shuffle=False), n_jobs=-1
2026-08-25 18:02:29,765:WARNING:create_model() for dt raised an exception or returned all 0.0, trying without fit_kwargs:
2026-08-25 18:02:29,766:WARNING:Traceback (most recent call last):
  File "C:\Users\youne\Desktop\AutoMLapp\.venv\Lib\site-packages\pycaret\internal\pycaret_experiment\supervised_experiment.py", line 794, in compare_models
    model, model_fit_time = self._create_model(**create_model_args)
                            ^^^^^^^^^^^^^^^^^^^^^^^^^^^^^^^^^^^^^^^
  File "C:\Users\youne\Desktop\AutoMLapp\.venv\Lib\site-packages\pycaret\internal\pycaret_experiment\supervised_experiment.py", line 1533, in _create_model
    model, model_fit_time, model_results, _ = self._create_model_with_cv(
                                              ^^^^^^^^^^^^^^^^^^^^^^^^^^^
  File "C:\Users\youne\Desktop\AutoMLapp\.venv\Lib\site-packages\pycaret\internal\pycaret_experiment\supervised_experiment.py", line 1126, in _create_model_with_cv
    scores = cross_validate(
             ^^^^^^^^^^^^^^^
  File "C:\Users\youne\Desktop\AutoMLapp\.venv\Lib\site-packages\sklearn\utils\_param_validation.py", line 213, in wrapper
    return func(*args, **kwargs)
           ^^^^^^^^^^^^^^^^^^^^^
  File "C:\Users\youne\Desktop\AutoMLapp\.venv\Lib\site-packages\sklearn\model_selection\_validation.py", line 450, in cross_validate
    _warn_or_raise_about_fit_failures(results, error_score)
  File "C:\Users\youne\Desktop\AutoMLapp\.venv\Lib\site-packages\sklearn\model_selection\_validation.py", line 536, in _warn_or_raise_about_fit_failures
    raise ValueError(all_fits_failed_message)
ValueError: 
All the 10 fits failed.
It is very likely that your model is misconfigured.
You can try to debug the error by setting error_score='raise'.

Below are more details about the failures:
--------------------------------------------------------------------------------
1 fits failed with the following error:
Traceback (most recent call last):
  File "C:\Users\youne\Desktop\AutoMLapp\.venv\Lib\site-packages\sklearn\model_selection\_validation.py", line 895, in _fit_and_score
    estimator.fit(X_train, y_train, **fit_params)
  File "C:\Users\youne\Desktop\AutoMLapp\.venv\Lib\site-packages\pycaret\internal\pipeline.py", line 278, in fit
    fitted_estimator = self._memory_fit(
                       ^^^^^^^^^^^^^^^^^
  File "C:\Users\youne\Desktop\AutoMLapp\.venv\Lib\site-packages\joblib\memory.py", line 353, in __call__
    return self.func(*args, **kwargs)
           ^^^^^^^^^^^^^^^^^^^^^^^^^^
  File "C:\Users\youne\Desktop\AutoMLapp\.venv\Lib\site-packages\pycaret\internal\pipeline.py", line 69, in _fit_one
    transformer.fit(*args)
  File "C:\Users\youne\Desktop\AutoMLapp\.venv\Lib\site-packages\sklearn\base.py", line 1474, in wrapper
    return fit_method(estimator, *args, **kwargs)
           ^^^^^^^^^^^^^^^^^^^^^^^^^^^^^^^^^^^^^^
  File "C:\Users\youne\Desktop\AutoMLapp\.venv\Lib\site-packages\sklearn\tree\_classes.py", line 1377, in fit
    super()._fit(
  File "C:\Users\youne\Desktop\AutoMLapp\.venv\Lib\site-packages\sklearn\tree\_classes.py", line 318, in _fit
    y = np.ascontiguousarray(y, dtype=DOUBLE)
        ^^^^^^^^^^^^^^^^^^^^^^^^^^^^^^^^^^^^^
ValueError: could not convert string to float: 'Setosa'

--------------------------------------------------------------------------------
9 fits failed with the following error:
Traceback (most recent call last):
  File "C:\Users\youne\Desktop\AutoMLapp\.venv\Lib\site-packages\sklearn\model_selection\_validation.py", line 895, in _fit_and_score
    estimator.fit(X_train, y_train, **fit_params)
  File "C:\Users\youne\Desktop\AutoMLapp\.venv\Lib\site-packages\pycaret\internal\pipeline.py", line 278, in fit
    fitted_estimator = self._memory_fit(
                       ^^^^^^^^^^^^^^^^^
  File "C:\Users\youne\Desktop\AutoMLapp\.venv\Lib\site-packages\joblib\memory.py", line 353, in __call__
    return self.func(*args, **kwargs)
           ^^^^^^^^^^^^^^^^^^^^^^^^^^
  File "C:\Users\youne\Desktop\AutoMLapp\.venv\Lib\site-packages\pycaret\internal\pipeline.py", line 69, in _fit_one
    transformer.fit(*args)
  File "C:\Users\youne\Desktop\AutoMLapp\.venv\Lib\site-packages\sklearn\base.py", line 1474, in wrapper
    return fit_method(estimator, *args, **kwargs)
           ^^^^^^^^^^^^^^^^^^^^^^^^^^^^^^^^^^^^^^
  File "C:\Users\youne\Desktop\AutoMLapp\.venv\Lib\site-packages\sklearn\tree\_classes.py", line 1377, in fit
    super()._fit(
  File "C:\Users\youne\Desktop\AutoMLapp\.venv\Lib\site-packages\sklearn\tree\_classes.py", line 318, in _fit
    y = np.ascontiguousarray(y, dtype=DOUBLE)
        ^^^^^^^^^^^^^^^^^^^^^^^^^^^^^^^^^^^^^
ValueError: could not convert string to float: 'Versicolor'


2026-08-25 18:02:29,766:INFO:Initializing create_model()
2026-08-25 18:02:29,766:INFO:create_model(self=<pycaret.regression.oop.RegressionExperiment object at 0x00000220CBD40450>, estimator=dt, fold=KFold(n_splits=10, random_state=None, shuffle=False), round=4, cross_validation=True, predict=True, fit_kwargs={}, groups=None, refit=False, probability_threshold=None, experiment_custom_tags=None, verbose=False, system=False, add_to_model_list=True, metrics=None, display=<pycaret.internal.display.display.CommonDisplay object at 0x000002211C6F2C10>, model_only=True, return_train_score=False, error_score=0.0, kwargs={})
2026-08-25 18:02:29,766:INFO:Checking exceptions
2026-08-25 18:02:29,766:INFO:Importing libraries
2026-08-25 18:02:29,766:INFO:Copying training dataset
2026-08-25 18:02:29,769:INFO:Defining folds
2026-08-25 18:02:29,769:INFO:Declaring metric variables
2026-08-25 18:02:29,770:INFO:Importing untrained model
2026-08-25 18:02:29,770:INFO:Decision Tree Regressor Imported successfully
2026-08-25 18:02:29,770:INFO:Starting cross validation
2026-08-25 18:02:29,771:INFO:Cross validating with KFold(n_splits=10, random_state=None, shuffle=False), n_jobs=-1
2026-08-25 18:02:29,812:ERROR:create_model() for dt raised an exception or returned all 0.0:
2026-08-25 18:02:29,814:ERROR:Traceback (most recent call last):
  File "C:\Users\youne\Desktop\AutoMLapp\.venv\Lib\site-packages\pycaret\internal\pycaret_experiment\supervised_experiment.py", line 794, in compare_models
    model, model_fit_time = self._create_model(**create_model_args)
                            ^^^^^^^^^^^^^^^^^^^^^^^^^^^^^^^^^^^^^^^
  File "C:\Users\youne\Desktop\AutoMLapp\.venv\Lib\site-packages\pycaret\internal\pycaret_experiment\supervised_experiment.py", line 1533, in _create_model
    model, model_fit_time, model_results, _ = self._create_model_with_cv(
                                              ^^^^^^^^^^^^^^^^^^^^^^^^^^^
  File "C:\Users\youne\Desktop\AutoMLapp\.venv\Lib\site-packages\pycaret\internal\pycaret_experiment\supervised_experiment.py", line 1126, in _create_model_with_cv
    scores = cross_validate(
             ^^^^^^^^^^^^^^^
  File "C:\Users\youne\Desktop\AutoMLapp\.venv\Lib\site-packages\sklearn\utils\_param_validation.py", line 213, in wrapper
    return func(*args, **kwargs)
           ^^^^^^^^^^^^^^^^^^^^^
  File "C:\Users\youne\Desktop\AutoMLapp\.venv\Lib\site-packages\sklearn\model_selection\_validation.py", line 450, in cross_validate
    _warn_or_raise_about_fit_failures(results, error_score)
  File "C:\Users\youne\Desktop\AutoMLapp\.venv\Lib\site-packages\sklearn\model_selection\_validation.py", line 536, in _warn_or_raise_about_fit_failures
    raise ValueError(all_fits_failed_message)
ValueError: 
All the 10 fits failed.
It is very likely that your model is misconfigured.
You can try to debug the error by setting error_score='raise'.

Below are more details about the failures:
--------------------------------------------------------------------------------
1 fits failed with the following error:
Traceback (most recent call last):
  File "C:\Users\youne\Desktop\AutoMLapp\.venv\Lib\site-packages\sklearn\model_selection\_validation.py", line 895, in _fit_and_score
    estimator.fit(X_train, y_train, **fit_params)
  File "C:\Users\youne\Desktop\AutoMLapp\.venv\Lib\site-packages\pycaret\internal\pipeline.py", line 278, in fit
    fitted_estimator = self._memory_fit(
                       ^^^^^^^^^^^^^^^^^
  File "C:\Users\youne\Desktop\AutoMLapp\.venv\Lib\site-packages\joblib\memory.py", line 353, in __call__
    return self.func(*args, **kwargs)
           ^^^^^^^^^^^^^^^^^^^^^^^^^^
  File "C:\Users\youne\Desktop\AutoMLapp\.venv\Lib\site-packages\pycaret\internal\pipeline.py", line 69, in _fit_one
    transformer.fit(*args)
  File "C:\Users\youne\Desktop\AutoMLapp\.venv\Lib\site-packages\sklearn\base.py", line 1474, in wrapper
    return fit_method(estimator, *args, **kwargs)
           ^^^^^^^^^^^^^^^^^^^^^^^^^^^^^^^^^^^^^^
  File "C:\Users\youne\Desktop\AutoMLapp\.venv\Lib\site-packages\sklearn\tree\_classes.py", line 1377, in fit
    super()._fit(
  File "C:\Users\youne\Desktop\AutoMLapp\.venv\Lib\site-packages\sklearn\tree\_classes.py", line 318, in _fit
    y = np.ascontiguousarray(y, dtype=DOUBLE)
        ^^^^^^^^^^^^^^^^^^^^^^^^^^^^^^^^^^^^^
ValueError: could not convert string to float: 'Setosa'

--------------------------------------------------------------------------------
9 fits failed with the following error:
Traceback (most recent call last):
  File "C:\Users\youne\Desktop\AutoMLapp\.venv\Lib\site-packages\sklearn\model_selection\_validation.py", line 895, in _fit_and_score
    estimator.fit(X_train, y_train, **fit_params)
  File "C:\Users\youne\Desktop\AutoMLapp\.venv\Lib\site-packages\pycaret\internal\pipeline.py", line 278, in fit
    fitted_estimator = self._memory_fit(
                       ^^^^^^^^^^^^^^^^^
  File "C:\Users\youne\Desktop\AutoMLapp\.venv\Lib\site-packages\joblib\memory.py", line 353, in __call__
    return self.func(*args, **kwargs)
           ^^^^^^^^^^^^^^^^^^^^^^^^^^
  File "C:\Users\youne\Desktop\AutoMLapp\.venv\Lib\site-packages\pycaret\internal\pipeline.py", line 69, in _fit_one
    transformer.fit(*args)
  File "C:\Users\youne\Desktop\AutoMLapp\.venv\Lib\site-packages\sklearn\base.py", line 1474, in wrapper
    return fit_method(estimator, *args, **kwargs)
           ^^^^^^^^^^^^^^^^^^^^^^^^^^^^^^^^^^^^^^
  File "C:\Users\youne\Desktop\AutoMLapp\.venv\Lib\site-packages\sklearn\tree\_classes.py", line 1377, in fit
    super()._fit(
  File "C:\Users\youne\Desktop\AutoMLapp\.venv\Lib\site-packages\sklearn\tree\_classes.py", line 318, in _fit
    y = np.ascontiguousarray(y, dtype=DOUBLE)
        ^^^^^^^^^^^^^^^^^^^^^^^^^^^^^^^^^^^^^
ValueError: could not convert string to float: 'Versicolor'


During handling of the above exception, another exception occurred:

Traceback (most recent call last):
  File "C:\Users\youne\Desktop\AutoMLapp\.venv\Lib\site-packages\pycaret\internal\pycaret_experiment\supervised_experiment.py", line 815, in compare_models
    model, model_fit_time = self._create_model(**create_model_args)
                            ^^^^^^^^^^^^^^^^^^^^^^^^^^^^^^^^^^^^^^^
  File "C:\Users\youne\Desktop\AutoMLapp\.venv\Lib\site-packages\pycaret\internal\pycaret_experiment\supervised_experiment.py", line 1533, in _create_model
    model, model_fit_time, model_results, _ = self._create_model_with_cv(
                                              ^^^^^^^^^^^^^^^^^^^^^^^^^^^
  File "C:\Users\youne\Desktop\AutoMLapp\.venv\Lib\site-packages\pycaret\internal\pycaret_experiment\supervised_experiment.py", line 1126, in _create_model_with_cv
    scores = cross_validate(
             ^^^^^^^^^^^^^^^
  File "C:\Users\youne\Desktop\AutoMLapp\.venv\Lib\site-packages\sklearn\utils\_param_validation.py", line 213, in wrapper
    return func(*args, **kwargs)
           ^^^^^^^^^^^^^^^^^^^^^
  File "C:\Users\youne\Desktop\AutoMLapp\.venv\Lib\site-packages\sklearn\model_selection\_validation.py", line 450, in cross_validate
    _warn_or_raise_about_fit_failures(results, error_score)
  File "C:\Users\youne\Desktop\AutoMLapp\.venv\Lib\site-packages\sklearn\model_selection\_validation.py", line 536, in _warn_or_raise_about_fit_failures
    raise ValueError(all_fits_failed_message)
ValueError: 
All the 10 fits failed.
It is very likely that your model is misconfigured.
You can try to debug the error by setting error_score='raise'.

Below are more details about the failures:
--------------------------------------------------------------------------------
1 fits failed with the following error:
Traceback (most recent call last):
  File "C:\Users\youne\Desktop\AutoMLapp\.venv\Lib\site-packages\sklearn\model_selection\_validation.py", line 895, in _fit_and_score
    estimator.fit(X_train, y_train, **fit_params)
  File "C:\Users\youne\Desktop\AutoMLapp\.venv\Lib\site-packages\pycaret\internal\pipeline.py", line 278, in fit
    fitted_estimator = self._memory_fit(
                       ^^^^^^^^^^^^^^^^^
  File "C:\Users\youne\Desktop\AutoMLapp\.venv\Lib\site-packages\joblib\memory.py", line 353, in __call__
    return self.func(*args, **kwargs)
           ^^^^^^^^^^^^^^^^^^^^^^^^^^
  File "C:\Users\youne\Desktop\AutoMLapp\.venv\Lib\site-packages\pycaret\internal\pipeline.py", line 69, in _fit_one
    transformer.fit(*args)
  File "C:\Users\youne\Desktop\AutoMLapp\.venv\Lib\site-packages\sklearn\base.py", line 1474, in wrapper
    return fit_method(estimator, *args, **kwargs)
           ^^^^^^^^^^^^^^^^^^^^^^^^^^^^^^^^^^^^^^
  File "C:\Users\youne\Desktop\AutoMLapp\.venv\Lib\site-packages\sklearn\tree\_classes.py", line 1377, in fit
    super()._fit(
  File "C:\Users\youne\Desktop\AutoMLapp\.venv\Lib\site-packages\sklearn\tree\_classes.py", line 318, in _fit
    y = np.ascontiguousarray(y, dtype=DOUBLE)
        ^^^^^^^^^^^^^^^^^^^^^^^^^^^^^^^^^^^^^
ValueError: could not convert string to float: 'Setosa'

--------------------------------------------------------------------------------
9 fits failed with the following error:
Traceback (most recent call last):
  File "C:\Users\youne\Desktop\AutoMLapp\.venv\Lib\site-packages\sklearn\model_selection\_validation.py", line 895, in _fit_and_score
    estimator.fit(X_train, y_train, **fit_params)
  File "C:\Users\youne\Desktop\AutoMLapp\.venv\Lib\site-packages\pycaret\internal\pipeline.py", line 278, in fit
    fitted_estimator = self._memory_fit(
                       ^^^^^^^^^^^^^^^^^
  File "C:\Users\youne\Desktop\AutoMLapp\.venv\Lib\site-packages\joblib\memory.py", line 353, in __call__
    return self.func(*args, **kwargs)
           ^^^^^^^^^^^^^^^^^^^^^^^^^^
  File "C:\Users\youne\Desktop\AutoMLapp\.venv\Lib\site-packages\pycaret\internal\pipeline.py", line 69, in _fit_one
    transformer.fit(*args)
  File "C:\Users\youne\Desktop\AutoMLapp\.venv\Lib\site-packages\sklearn\base.py", line 1474, in wrapper
    return fit_method(estimator, *args, **kwargs)
           ^^^^^^^^^^^^^^^^^^^^^^^^^^^^^^^^^^^^^^
  File "C:\Users\youne\Desktop\AutoMLapp\.venv\Lib\site-packages\sklearn\tree\_classes.py", line 1377, in fit
    super()._fit(
  File "C:\Users\youne\Desktop\AutoMLapp\.venv\Lib\site-packages\sklearn\tree\_classes.py", line 318, in _fit
    y = np.ascontiguousarray(y, dtype=DOUBLE)
        ^^^^^^^^^^^^^^^^^^^^^^^^^^^^^^^^^^^^^
ValueError: could not convert string to float: 'Versicolor'


2026-08-25 18:02:29,815:INFO:Initializing Random Forest Regressor
2026-08-25 18:02:29,815:INFO:Total runtime is 0.12767626444498698 minutes
2026-08-25 18:02:29,815:INFO:SubProcess create_model() called ==================================
2026-08-25 18:02:29,815:INFO:Initializing create_model()
2026-08-25 18:02:29,815:INFO:create_model(self=<pycaret.regression.oop.RegressionExperiment object at 0x00000220CBD40450>, estimator=rf, fold=KFold(n_splits=10, random_state=None, shuffle=False), round=4, cross_validation=True, predict=True, fit_kwargs={}, groups=None, refit=False, probability_threshold=None, experiment_custom_tags=None, verbose=False, system=False, add_to_model_list=True, metrics=None, display=<pycaret.internal.display.display.CommonDisplay object at 0x000002211C6F2C10>, model_only=True, return_train_score=False, error_score=0.0, kwargs={})
2026-08-25 18:02:29,815:INFO:Checking exceptions
2026-08-25 18:02:29,815:INFO:Importing libraries
2026-08-25 18:02:29,815:INFO:Copying training dataset
2026-08-25 18:02:29,819:INFO:Defining folds
2026-08-25 18:02:29,819:INFO:Declaring metric variables
2026-08-25 18:02:29,819:INFO:Importing untrained model
2026-08-25 18:02:29,819:INFO:Random Forest Regressor Imported successfully
2026-08-25 18:02:29,819:INFO:Starting cross validation
2026-08-25 18:02:29,820:INFO:Cross validating with KFold(n_splits=10, random_state=None, shuffle=False), n_jobs=-1
2026-08-25 18:02:29,872:WARNING:create_model() for rf raised an exception or returned all 0.0, trying without fit_kwargs:
2026-08-25 18:02:29,873:WARNING:Traceback (most recent call last):
  File "C:\Users\youne\Desktop\AutoMLapp\.venv\Lib\site-packages\pycaret\internal\pycaret_experiment\supervised_experiment.py", line 794, in compare_models
    model, model_fit_time = self._create_model(**create_model_args)
                            ^^^^^^^^^^^^^^^^^^^^^^^^^^^^^^^^^^^^^^^
  File "C:\Users\youne\Desktop\AutoMLapp\.venv\Lib\site-packages\pycaret\internal\pycaret_experiment\supervised_experiment.py", line 1533, in _create_model
    model, model_fit_time, model_results, _ = self._create_model_with_cv(
                                              ^^^^^^^^^^^^^^^^^^^^^^^^^^^
  File "C:\Users\youne\Desktop\AutoMLapp\.venv\Lib\site-packages\pycaret\internal\pycaret_experiment\supervised_experiment.py", line 1126, in _create_model_with_cv
    scores = cross_validate(
             ^^^^^^^^^^^^^^^
  File "C:\Users\youne\Desktop\AutoMLapp\.venv\Lib\site-packages\sklearn\utils\_param_validation.py", line 213, in wrapper
    return func(*args, **kwargs)
           ^^^^^^^^^^^^^^^^^^^^^
  File "C:\Users\youne\Desktop\AutoMLapp\.venv\Lib\site-packages\sklearn\model_selection\_validation.py", line 450, in cross_validate
    _warn_or_raise_about_fit_failures(results, error_score)
  File "C:\Users\youne\Desktop\AutoMLapp\.venv\Lib\site-packages\sklearn\model_selection\_validation.py", line 536, in _warn_or_raise_about_fit_failures
    raise ValueError(all_fits_failed_message)
ValueError: 
All the 10 fits failed.
It is very likely that your model is misconfigured.
You can try to debug the error by setting error_score='raise'.

Below are more details about the failures:
--------------------------------------------------------------------------------
1 fits failed with the following error:
Traceback (most recent call last):
  File "C:\Users\youne\Desktop\AutoMLapp\.venv\Lib\site-packages\sklearn\model_selection\_validation.py", line 895, in _fit_and_score
    estimator.fit(X_train, y_train, **fit_params)
  File "C:\Users\youne\Desktop\AutoMLapp\.venv\Lib\site-packages\pycaret\internal\pipeline.py", line 278, in fit
    fitted_estimator = self._memory_fit(
                       ^^^^^^^^^^^^^^^^^
  File "C:\Users\youne\Desktop\AutoMLapp\.venv\Lib\site-packages\joblib\memory.py", line 353, in __call__
    return self.func(*args, **kwargs)
           ^^^^^^^^^^^^^^^^^^^^^^^^^^
  File "C:\Users\youne\Desktop\AutoMLapp\.venv\Lib\site-packages\pycaret\internal\pipeline.py", line 69, in _fit_one
    transformer.fit(*args)
  File "C:\Users\youne\Desktop\AutoMLapp\.venv\Lib\site-packages\sklearn\base.py", line 1474, in wrapper
    return fit_method(estimator, *args, **kwargs)
           ^^^^^^^^^^^^^^^^^^^^^^^^^^^^^^^^^^^^^^
  File "C:\Users\youne\Desktop\AutoMLapp\.venv\Lib\site-packages\sklearn\ensemble\_forest.py", line 424, in fit
    y = np.ascontiguousarray(y, dtype=DOUBLE)
        ^^^^^^^^^^^^^^^^^^^^^^^^^^^^^^^^^^^^^
ValueError: could not convert string to float: 'Setosa'

--------------------------------------------------------------------------------
9 fits failed with the following error:
Traceback (most recent call last):
  File "C:\Users\youne\Desktop\AutoMLapp\.venv\Lib\site-packages\sklearn\model_selection\_validation.py", line 895, in _fit_and_score
    estimator.fit(X_train, y_train, **fit_params)
  File "C:\Users\youne\Desktop\AutoMLapp\.venv\Lib\site-packages\pycaret\internal\pipeline.py", line 278, in fit
    fitted_estimator = self._memory_fit(
                       ^^^^^^^^^^^^^^^^^
  File "C:\Users\youne\Desktop\AutoMLapp\.venv\Lib\site-packages\joblib\memory.py", line 353, in __call__
    return self.func(*args, **kwargs)
           ^^^^^^^^^^^^^^^^^^^^^^^^^^
  File "C:\Users\youne\Desktop\AutoMLapp\.venv\Lib\site-packages\pycaret\internal\pipeline.py", line 69, in _fit_one
    transformer.fit(*args)
  File "C:\Users\youne\Desktop\AutoMLapp\.venv\Lib\site-packages\sklearn\base.py", line 1474, in wrapper
    return fit_method(estimator, *args, **kwargs)
           ^^^^^^^^^^^^^^^^^^^^^^^^^^^^^^^^^^^^^^
  File "C:\Users\youne\Desktop\AutoMLapp\.venv\Lib\site-packages\sklearn\ensemble\_forest.py", line 424, in fit
    y = np.ascontiguousarray(y, dtype=DOUBLE)
        ^^^^^^^^^^^^^^^^^^^^^^^^^^^^^^^^^^^^^
ValueError: could not convert string to float: 'Versicolor'


2026-08-25 18:02:29,873:INFO:Initializing create_model()
2026-08-25 18:02:29,873:INFO:create_model(self=<pycaret.regression.oop.RegressionExperiment object at 0x00000220CBD40450>, estimator=rf, fold=KFold(n_splits=10, random_state=None, shuffle=False), round=4, cross_validation=True, predict=True, fit_kwargs={}, groups=None, refit=False, probability_threshold=None, experiment_custom_tags=None, verbose=False, system=False, add_to_model_list=True, metrics=None, display=<pycaret.internal.display.display.CommonDisplay object at 0x000002211C6F2C10>, model_only=True, return_train_score=False, error_score=0.0, kwargs={})
2026-08-25 18:02:29,873:INFO:Checking exceptions
2026-08-25 18:02:29,874:INFO:Importing libraries
2026-08-25 18:02:29,874:INFO:Copying training dataset
2026-08-25 18:02:29,877:INFO:Defining folds
2026-08-25 18:02:29,877:INFO:Declaring metric variables
2026-08-25 18:02:29,877:INFO:Importing untrained model
2026-08-25 18:02:29,878:INFO:Random Forest Regressor Imported successfully
2026-08-25 18:02:29,878:INFO:Starting cross validation
2026-08-25 18:02:29,879:INFO:Cross validating with KFold(n_splits=10, random_state=None, shuffle=False), n_jobs=-1
2026-08-25 18:02:29,934:ERROR:create_model() for rf raised an exception or returned all 0.0:
2026-08-25 18:02:29,935:ERROR:Traceback (most recent call last):
  File "C:\Users\youne\Desktop\AutoMLapp\.venv\Lib\site-packages\pycaret\internal\pycaret_experiment\supervised_experiment.py", line 794, in compare_models
    model, model_fit_time = self._create_model(**create_model_args)
                            ^^^^^^^^^^^^^^^^^^^^^^^^^^^^^^^^^^^^^^^
  File "C:\Users\youne\Desktop\AutoMLapp\.venv\Lib\site-packages\pycaret\internal\pycaret_experiment\supervised_experiment.py", line 1533, in _create_model
    model, model_fit_time, model_results, _ = self._create_model_with_cv(
                                              ^^^^^^^^^^^^^^^^^^^^^^^^^^^
  File "C:\Users\youne\Desktop\AutoMLapp\.venv\Lib\site-packages\pycaret\internal\pycaret_experiment\supervised_experiment.py", line 1126, in _create_model_with_cv
    scores = cross_validate(
             ^^^^^^^^^^^^^^^
  File "C:\Users\youne\Desktop\AutoMLapp\.venv\Lib\site-packages\sklearn\utils\_param_validation.py", line 213, in wrapper
    return func(*args, **kwargs)
           ^^^^^^^^^^^^^^^^^^^^^
  File "C:\Users\youne\Desktop\AutoMLapp\.venv\Lib\site-packages\sklearn\model_selection\_validation.py", line 450, in cross_validate
    _warn_or_raise_about_fit_failures(results, error_score)
  File "C:\Users\youne\Desktop\AutoMLapp\.venv\Lib\site-packages\sklearn\model_selection\_validation.py", line 536, in _warn_or_raise_about_fit_failures
    raise ValueError(all_fits_failed_message)
ValueError: 
All the 10 fits failed.
It is very likely that your model is misconfigured.
You can try to debug the error by setting error_score='raise'.

Below are more details about the failures:
--------------------------------------------------------------------------------
1 fits failed with the following error:
Traceback (most recent call last):
  File "C:\Users\youne\Desktop\AutoMLapp\.venv\Lib\site-packages\sklearn\model_selection\_validation.py", line 895, in _fit_and_score
    estimator.fit(X_train, y_train, **fit_params)
  File "C:\Users\youne\Desktop\AutoMLapp\.venv\Lib\site-packages\pycaret\internal\pipeline.py", line 278, in fit
    fitted_estimator = self._memory_fit(
                       ^^^^^^^^^^^^^^^^^
  File "C:\Users\youne\Desktop\AutoMLapp\.venv\Lib\site-packages\joblib\memory.py", line 353, in __call__
    return self.func(*args, **kwargs)
           ^^^^^^^^^^^^^^^^^^^^^^^^^^
  File "C:\Users\youne\Desktop\AutoMLapp\.venv\Lib\site-packages\pycaret\internal\pipeline.py", line 69, in _fit_one
    transformer.fit(*args)
  File "C:\Users\youne\Desktop\AutoMLapp\.venv\Lib\site-packages\sklearn\base.py", line 1474, in wrapper
    return fit_method(estimator, *args, **kwargs)
           ^^^^^^^^^^^^^^^^^^^^^^^^^^^^^^^^^^^^^^
  File "C:\Users\youne\Desktop\AutoMLapp\.venv\Lib\site-packages\sklearn\ensemble\_forest.py", line 424, in fit
    y = np.ascontiguousarray(y, dtype=DOUBLE)
        ^^^^^^^^^^^^^^^^^^^^^^^^^^^^^^^^^^^^^
ValueError: could not convert string to float: 'Setosa'

--------------------------------------------------------------------------------
9 fits failed with the following error:
Traceback (most recent call last):
  File "C:\Users\youne\Desktop\AutoMLapp\.venv\Lib\site-packages\sklearn\model_selection\_validation.py", line 895, in _fit_and_score
    estimator.fit(X_train, y_train, **fit_params)
  File "C:\Users\youne\Desktop\AutoMLapp\.venv\Lib\site-packages\pycaret\internal\pipeline.py", line 278, in fit
    fitted_estimator = self._memory_fit(
                       ^^^^^^^^^^^^^^^^^
  File "C:\Users\youne\Desktop\AutoMLapp\.venv\Lib\site-packages\joblib\memory.py", line 353, in __call__
    return self.func(*args, **kwargs)
           ^^^^^^^^^^^^^^^^^^^^^^^^^^
  File "C:\Users\youne\Desktop\AutoMLapp\.venv\Lib\site-packages\pycaret\internal\pipeline.py", line 69, in _fit_one
    transformer.fit(*args)
  File "C:\Users\youne\Desktop\AutoMLapp\.venv\Lib\site-packages\sklearn\base.py", line 1474, in wrapper
    return fit_method(estimator, *args, **kwargs)
           ^^^^^^^^^^^^^^^^^^^^^^^^^^^^^^^^^^^^^^
  File "C:\Users\youne\Desktop\AutoMLapp\.venv\Lib\site-packages\sklearn\ensemble\_forest.py", line 424, in fit
    y = np.ascontiguousarray(y, dtype=DOUBLE)
        ^^^^^^^^^^^^^^^^^^^^^^^^^^^^^^^^^^^^^
ValueError: could not convert string to float: 'Versicolor'


During handling of the above exception, another exception occurred:

Traceback (most recent call last):
  File "C:\Users\youne\Desktop\AutoMLapp\.venv\Lib\site-packages\pycaret\internal\pycaret_experiment\supervised_experiment.py", line 815, in compare_models
    model, model_fit_time = self._create_model(**create_model_args)
                            ^^^^^^^^^^^^^^^^^^^^^^^^^^^^^^^^^^^^^^^
  File "C:\Users\youne\Desktop\AutoMLapp\.venv\Lib\site-packages\pycaret\internal\pycaret_experiment\supervised_experiment.py", line 1533, in _create_model
    model, model_fit_time, model_results, _ = self._create_model_with_cv(
                                              ^^^^^^^^^^^^^^^^^^^^^^^^^^^
  File "C:\Users\youne\Desktop\AutoMLapp\.venv\Lib\site-packages\pycaret\internal\pycaret_experiment\supervised_experiment.py", line 1126, in _create_model_with_cv
    scores = cross_validate(
             ^^^^^^^^^^^^^^^
  File "C:\Users\youne\Desktop\AutoMLapp\.venv\Lib\site-packages\sklearn\utils\_param_validation.py", line 213, in wrapper
    return func(*args, **kwargs)
           ^^^^^^^^^^^^^^^^^^^^^
  File "C:\Users\youne\Desktop\AutoMLapp\.venv\Lib\site-packages\sklearn\model_selection\_validation.py", line 450, in cross_validate
    _warn_or_raise_about_fit_failures(results, error_score)
  File "C:\Users\youne\Desktop\AutoMLapp\.venv\Lib\site-packages\sklearn\model_selection\_validation.py", line 536, in _warn_or_raise_about_fit_failures
    raise ValueError(all_fits_failed_message)
ValueError: 
All the 10 fits failed.
It is very likely that your model is misconfigured.
You can try to debug the error by setting error_score='raise'.

Below are more details about the failures:
--------------------------------------------------------------------------------
1 fits failed with the following error:
Traceback (most recent call last):
  File "C:\Users\youne\Desktop\AutoMLapp\.venv\Lib\site-packages\sklearn\model_selection\_validation.py", line 895, in _fit_and_score
    estimator.fit(X_train, y_train, **fit_params)
  File "C:\Users\youne\Desktop\AutoMLapp\.venv\Lib\site-packages\pycaret\internal\pipeline.py", line 278, in fit
    fitted_estimator = self._memory_fit(
                       ^^^^^^^^^^^^^^^^^
  File "C:\Users\youne\Desktop\AutoMLapp\.venv\Lib\site-packages\joblib\memory.py", line 353, in __call__
    return self.func(*args, **kwargs)
           ^^^^^^^^^^^^^^^^^^^^^^^^^^
  File "C:\Users\youne\Desktop\AutoMLapp\.venv\Lib\site-packages\pycaret\internal\pipeline.py", line 69, in _fit_one
    transformer.fit(*args)
  File "C:\Users\youne\Desktop\AutoMLapp\.venv\Lib\site-packages\sklearn\base.py", line 1474, in wrapper
    return fit_method(estimator, *args, **kwargs)
           ^^^^^^^^^^^^^^^^^^^^^^^^^^^^^^^^^^^^^^
  File "C:\Users\youne\Desktop\AutoMLapp\.venv\Lib\site-packages\sklearn\ensemble\_forest.py", line 424, in fit
    y = np.ascontiguousarray(y, dtype=DOUBLE)
        ^^^^^^^^^^^^^^^^^^^^^^^^^^^^^^^^^^^^^
ValueError: could not convert string to float: 'Setosa'

--------------------------------------------------------------------------------
9 fits failed with the following error:
Traceback (most recent call last):
  File "C:\Users\youne\Desktop\AutoMLapp\.venv\Lib\site-packages\sklearn\model_selection\_validation.py", line 895, in _fit_and_score
    estimator.fit(X_train, y_train, **fit_params)
  File "C:\Users\youne\Desktop\AutoMLapp\.venv\Lib\site-packages\pycaret\internal\pipeline.py", line 278, in fit
    fitted_estimator = self._memory_fit(
                       ^^^^^^^^^^^^^^^^^
  File "C:\Users\youne\Desktop\AutoMLapp\.venv\Lib\site-packages\joblib\memory.py", line 353, in __call__
    return self.func(*args, **kwargs)
           ^^^^^^^^^^^^^^^^^^^^^^^^^^
  File "C:\Users\youne\Desktop\AutoMLapp\.venv\Lib\site-packages\pycaret\internal\pipeline.py", line 69, in _fit_one
    transformer.fit(*args)
  File "C:\Users\youne\Desktop\AutoMLapp\.venv\Lib\site-packages\sklearn\base.py", line 1474, in wrapper
    return fit_method(estimator, *args, **kwargs)
           ^^^^^^^^^^^^^^^^^^^^^^^^^^^^^^^^^^^^^^
  File "C:\Users\youne\Desktop\AutoMLapp\.venv\Lib\site-packages\sklearn\ensemble\_forest.py", line 424, in fit
    y = np.ascontiguousarray(y, dtype=DOUBLE)
        ^^^^^^^^^^^^^^^^^^^^^^^^^^^^^^^^^^^^^
ValueError: could not convert string to float: 'Versicolor'


2026-08-25 18:02:29,935:INFO:Initializing Extra Trees Regressor
2026-08-25 18:02:29,935:INFO:Total runtime is 0.12967559099197387 minutes
2026-08-25 18:02:29,936:INFO:SubProcess create_model() called ==================================
2026-08-25 18:02:29,936:INFO:Initializing create_model()
2026-08-25 18:02:29,936:INFO:create_model(self=<pycaret.regression.oop.RegressionExperiment object at 0x00000220CBD40450>, estimator=et, fold=KFold(n_splits=10, random_state=None, shuffle=False), round=4, cross_validation=True, predict=True, fit_kwargs={}, groups=None, refit=False, probability_threshold=None, experiment_custom_tags=None, verbose=False, system=False, add_to_model_list=True, metrics=None, display=<pycaret.internal.display.display.CommonDisplay object at 0x000002211C6F2C10>, model_only=True, return_train_score=False, error_score=0.0, kwargs={})
2026-08-25 18:02:29,936:INFO:Checking exceptions
2026-08-25 18:02:29,936:INFO:Importing libraries
2026-08-25 18:02:29,936:INFO:Copying training dataset
2026-08-25 18:02:29,940:INFO:Defining folds
2026-08-25 18:02:29,940:INFO:Declaring metric variables
2026-08-25 18:02:29,940:INFO:Importing untrained model
2026-08-25 18:02:29,940:INFO:Extra Trees Regressor Imported successfully
2026-08-25 18:02:29,941:INFO:Starting cross validation
2026-08-25 18:02:29,941:INFO:Cross validating with KFold(n_splits=10, random_state=None, shuffle=False), n_jobs=-1
2026-08-25 18:02:29,981:WARNING:create_model() for et raised an exception or returned all 0.0, trying without fit_kwargs:
2026-08-25 18:02:29,983:WARNING:Traceback (most recent call last):
  File "C:\Users\youne\Desktop\AutoMLapp\.venv\Lib\site-packages\pycaret\internal\pycaret_experiment\supervised_experiment.py", line 794, in compare_models
    model, model_fit_time = self._create_model(**create_model_args)
                            ^^^^^^^^^^^^^^^^^^^^^^^^^^^^^^^^^^^^^^^
  File "C:\Users\youne\Desktop\AutoMLapp\.venv\Lib\site-packages\pycaret\internal\pycaret_experiment\supervised_experiment.py", line 1533, in _create_model
    model, model_fit_time, model_results, _ = self._create_model_with_cv(
                                              ^^^^^^^^^^^^^^^^^^^^^^^^^^^
  File "C:\Users\youne\Desktop\AutoMLapp\.venv\Lib\site-packages\pycaret\internal\pycaret_experiment\supervised_experiment.py", line 1126, in _create_model_with_cv
    scores = cross_validate(
             ^^^^^^^^^^^^^^^
  File "C:\Users\youne\Desktop\AutoMLapp\.venv\Lib\site-packages\sklearn\utils\_param_validation.py", line 213, in wrapper
    return func(*args, **kwargs)
           ^^^^^^^^^^^^^^^^^^^^^
  File "C:\Users\youne\Desktop\AutoMLapp\.venv\Lib\site-packages\sklearn\model_selection\_validation.py", line 450, in cross_validate
    _warn_or_raise_about_fit_failures(results, error_score)
  File "C:\Users\youne\Desktop\AutoMLapp\.venv\Lib\site-packages\sklearn\model_selection\_validation.py", line 536, in _warn_or_raise_about_fit_failures
    raise ValueError(all_fits_failed_message)
ValueError: 
All the 10 fits failed.
It is very likely that your model is misconfigured.
You can try to debug the error by setting error_score='raise'.

Below are more details about the failures:
--------------------------------------------------------------------------------
1 fits failed with the following error:
Traceback (most recent call last):
  File "C:\Users\youne\Desktop\AutoMLapp\.venv\Lib\site-packages\sklearn\model_selection\_validation.py", line 895, in _fit_and_score
    estimator.fit(X_train, y_train, **fit_params)
  File "C:\Users\youne\Desktop\AutoMLapp\.venv\Lib\site-packages\pycaret\internal\pipeline.py", line 278, in fit
    fitted_estimator = self._memory_fit(
                       ^^^^^^^^^^^^^^^^^
  File "C:\Users\youne\Desktop\AutoMLapp\.venv\Lib\site-packages\joblib\memory.py", line 353, in __call__
    return self.func(*args, **kwargs)
           ^^^^^^^^^^^^^^^^^^^^^^^^^^
  File "C:\Users\youne\Desktop\AutoMLapp\.venv\Lib\site-packages\pycaret\internal\pipeline.py", line 69, in _fit_one
    transformer.fit(*args)
  File "C:\Users\youne\Desktop\AutoMLapp\.venv\Lib\site-packages\sklearn\base.py", line 1474, in wrapper
    return fit_method(estimator, *args, **kwargs)
           ^^^^^^^^^^^^^^^^^^^^^^^^^^^^^^^^^^^^^^
  File "C:\Users\youne\Desktop\AutoMLapp\.venv\Lib\site-packages\sklearn\ensemble\_forest.py", line 424, in fit
    y = np.ascontiguousarray(y, dtype=DOUBLE)
        ^^^^^^^^^^^^^^^^^^^^^^^^^^^^^^^^^^^^^
ValueError: could not convert string to float: 'Setosa'

--------------------------------------------------------------------------------
9 fits failed with the following error:
Traceback (most recent call last):
  File "C:\Users\youne\Desktop\AutoMLapp\.venv\Lib\site-packages\sklearn\model_selection\_validation.py", line 895, in _fit_and_score
    estimator.fit(X_train, y_train, **fit_params)
  File "C:\Users\youne\Desktop\AutoMLapp\.venv\Lib\site-packages\pycaret\internal\pipeline.py", line 278, in fit
    fitted_estimator = self._memory_fit(
                       ^^^^^^^^^^^^^^^^^
  File "C:\Users\youne\Desktop\AutoMLapp\.venv\Lib\site-packages\joblib\memory.py", line 353, in __call__
    return self.func(*args, **kwargs)
           ^^^^^^^^^^^^^^^^^^^^^^^^^^
  File "C:\Users\youne\Desktop\AutoMLapp\.venv\Lib\site-packages\pycaret\internal\pipeline.py", line 69, in _fit_one
    transformer.fit(*args)
  File "C:\Users\youne\Desktop\AutoMLapp\.venv\Lib\site-packages\sklearn\base.py", line 1474, in wrapper
    return fit_method(estimator, *args, **kwargs)
           ^^^^^^^^^^^^^^^^^^^^^^^^^^^^^^^^^^^^^^
  File "C:\Users\youne\Desktop\AutoMLapp\.venv\Lib\site-packages\sklearn\ensemble\_forest.py", line 424, in fit
    y = np.ascontiguousarray(y, dtype=DOUBLE)
        ^^^^^^^^^^^^^^^^^^^^^^^^^^^^^^^^^^^^^
ValueError: could not convert string to float: 'Versicolor'


2026-08-25 18:02:29,983:INFO:Initializing create_model()
2026-08-25 18:02:29,983:INFO:create_model(self=<pycaret.regression.oop.RegressionExperiment object at 0x00000220CBD40450>, estimator=et, fold=KFold(n_splits=10, random_state=None, shuffle=False), round=4, cross_validation=True, predict=True, fit_kwargs={}, groups=None, refit=False, probability_threshold=None, experiment_custom_tags=None, verbose=False, system=False, add_to_model_list=True, metrics=None, display=<pycaret.internal.display.display.CommonDisplay object at 0x000002211C6F2C10>, model_only=True, return_train_score=False, error_score=0.0, kwargs={})
2026-08-25 18:02:29,983:INFO:Checking exceptions
2026-08-25 18:02:29,983:INFO:Importing libraries
2026-08-25 18:02:29,983:INFO:Copying training dataset
2026-08-25 18:02:29,986:INFO:Defining folds
2026-08-25 18:02:29,986:INFO:Declaring metric variables
2026-08-25 18:02:29,987:INFO:Importing untrained model
2026-08-25 18:02:29,987:INFO:Extra Trees Regressor Imported successfully
2026-08-25 18:02:29,987:INFO:Starting cross validation
2026-08-25 18:02:29,988:INFO:Cross validating with KFold(n_splits=10, random_state=None, shuffle=False), n_jobs=-1
2026-08-25 18:02:30,040:ERROR:create_model() for et raised an exception or returned all 0.0:
2026-08-25 18:02:30,042:ERROR:Traceback (most recent call last):
  File "C:\Users\youne\Desktop\AutoMLapp\.venv\Lib\site-packages\pycaret\internal\pycaret_experiment\supervised_experiment.py", line 794, in compare_models
    model, model_fit_time = self._create_model(**create_model_args)
                            ^^^^^^^^^^^^^^^^^^^^^^^^^^^^^^^^^^^^^^^
  File "C:\Users\youne\Desktop\AutoMLapp\.venv\Lib\site-packages\pycaret\internal\pycaret_experiment\supervised_experiment.py", line 1533, in _create_model
    model, model_fit_time, model_results, _ = self._create_model_with_cv(
                                              ^^^^^^^^^^^^^^^^^^^^^^^^^^^
  File "C:\Users\youne\Desktop\AutoMLapp\.venv\Lib\site-packages\pycaret\internal\pycaret_experiment\supervised_experiment.py", line 1126, in _create_model_with_cv
    scores = cross_validate(
             ^^^^^^^^^^^^^^^
  File "C:\Users\youne\Desktop\AutoMLapp\.venv\Lib\site-packages\sklearn\utils\_param_validation.py", line 213, in wrapper
    return func(*args, **kwargs)
           ^^^^^^^^^^^^^^^^^^^^^
  File "C:\Users\youne\Desktop\AutoMLapp\.venv\Lib\site-packages\sklearn\model_selection\_validation.py", line 450, in cross_validate
    _warn_or_raise_about_fit_failures(results, error_score)
  File "C:\Users\youne\Desktop\AutoMLapp\.venv\Lib\site-packages\sklearn\model_selection\_validation.py", line 536, in _warn_or_raise_about_fit_failures
    raise ValueError(all_fits_failed_message)
ValueError: 
All the 10 fits failed.
It is very likely that your model is misconfigured.
You can try to debug the error by setting error_score='raise'.

Below are more details about the failures:
--------------------------------------------------------------------------------
1 fits failed with the following error:
Traceback (most recent call last):
  File "C:\Users\youne\Desktop\AutoMLapp\.venv\Lib\site-packages\sklearn\model_selection\_validation.py", line 895, in _fit_and_score
    estimator.fit(X_train, y_train, **fit_params)
  File "C:\Users\youne\Desktop\AutoMLapp\.venv\Lib\site-packages\pycaret\internal\pipeline.py", line 278, in fit
    fitted_estimator = self._memory_fit(
                       ^^^^^^^^^^^^^^^^^
  File "C:\Users\youne\Desktop\AutoMLapp\.venv\Lib\site-packages\joblib\memory.py", line 353, in __call__
    return self.func(*args, **kwargs)
           ^^^^^^^^^^^^^^^^^^^^^^^^^^
  File "C:\Users\youne\Desktop\AutoMLapp\.venv\Lib\site-packages\pycaret\internal\pipeline.py", line 69, in _fit_one
    transformer.fit(*args)
  File "C:\Users\youne\Desktop\AutoMLapp\.venv\Lib\site-packages\sklearn\base.py", line 1474, in wrapper
    return fit_method(estimator, *args, **kwargs)
           ^^^^^^^^^^^^^^^^^^^^^^^^^^^^^^^^^^^^^^
  File "C:\Users\youne\Desktop\AutoMLapp\.venv\Lib\site-packages\sklearn\ensemble\_forest.py", line 424, in fit
    y = np.ascontiguousarray(y, dtype=DOUBLE)
        ^^^^^^^^^^^^^^^^^^^^^^^^^^^^^^^^^^^^^
ValueError: could not convert string to float: 'Setosa'

--------------------------------------------------------------------------------
9 fits failed with the following error:
Traceback (most recent call last):
  File "C:\Users\youne\Desktop\AutoMLapp\.venv\Lib\site-packages\sklearn\model_selection\_validation.py", line 895, in _fit_and_score
    estimator.fit(X_train, y_train, **fit_params)
  File "C:\Users\youne\Desktop\AutoMLapp\.venv\Lib\site-packages\pycaret\internal\pipeline.py", line 278, in fit
    fitted_estimator = self._memory_fit(
                       ^^^^^^^^^^^^^^^^^
  File "C:\Users\youne\Desktop\AutoMLapp\.venv\Lib\site-packages\joblib\memory.py", line 353, in __call__
    return self.func(*args, **kwargs)
           ^^^^^^^^^^^^^^^^^^^^^^^^^^
  File "C:\Users\youne\Desktop\AutoMLapp\.venv\Lib\site-packages\pycaret\internal\pipeline.py", line 69, in _fit_one
    transformer.fit(*args)
  File "C:\Users\youne\Desktop\AutoMLapp\.venv\Lib\site-packages\sklearn\base.py", line 1474, in wrapper
    return fit_method(estimator, *args, **kwargs)
           ^^^^^^^^^^^^^^^^^^^^^^^^^^^^^^^^^^^^^^
  File "C:\Users\youne\Desktop\AutoMLapp\.venv\Lib\site-packages\sklearn\ensemble\_forest.py", line 424, in fit
    y = np.ascontiguousarray(y, dtype=DOUBLE)
        ^^^^^^^^^^^^^^^^^^^^^^^^^^^^^^^^^^^^^
ValueError: could not convert string to float: 'Versicolor'


During handling of the above exception, another exception occurred:

Traceback (most recent call last):
  File "C:\Users\youne\Desktop\AutoMLapp\.venv\Lib\site-packages\pycaret\internal\pycaret_experiment\supervised_experiment.py", line 815, in compare_models
    model, model_fit_time = self._create_model(**create_model_args)
                            ^^^^^^^^^^^^^^^^^^^^^^^^^^^^^^^^^^^^^^^
  File "C:\Users\youne\Desktop\AutoMLapp\.venv\Lib\site-packages\pycaret\internal\pycaret_experiment\supervised_experiment.py", line 1533, in _create_model
    model, model_fit_time, model_results, _ = self._create_model_with_cv(
                                              ^^^^^^^^^^^^^^^^^^^^^^^^^^^
  File "C:\Users\youne\Desktop\AutoMLapp\.venv\Lib\site-packages\pycaret\internal\pycaret_experiment\supervised_experiment.py", line 1126, in _create_model_with_cv
    scores = cross_validate(
             ^^^^^^^^^^^^^^^
  File "C:\Users\youne\Desktop\AutoMLapp\.venv\Lib\site-packages\sklearn\utils\_param_validation.py", line 213, in wrapper
    return func(*args, **kwargs)
           ^^^^^^^^^^^^^^^^^^^^^
  File "C:\Users\youne\Desktop\AutoMLapp\.venv\Lib\site-packages\sklearn\model_selection\_validation.py", line 450, in cross_validate
    _warn_or_raise_about_fit_failures(results, error_score)
  File "C:\Users\youne\Desktop\AutoMLapp\.venv\Lib\site-packages\sklearn\model_selection\_validation.py", line 536, in _warn_or_raise_about_fit_failures
    raise ValueError(all_fits_failed_message)
ValueError: 
All the 10 fits failed.
It is very likely that your model is misconfigured.
You can try to debug the error by setting error_score='raise'.

Below are more details about the failures:
--------------------------------------------------------------------------------
1 fits failed with the following error:
Traceback (most recent call last):
  File "C:\Users\youne\Desktop\AutoMLapp\.venv\Lib\site-packages\sklearn\model_selection\_validation.py", line 895, in _fit_and_score
    estimator.fit(X_train, y_train, **fit_params)
  File "C:\Users\youne\Desktop\AutoMLapp\.venv\Lib\site-packages\pycaret\internal\pipeline.py", line 278, in fit
    fitted_estimator = self._memory_fit(
                       ^^^^^^^^^^^^^^^^^
  File "C:\Users\youne\Desktop\AutoMLapp\.venv\Lib\site-packages\joblib\memory.py", line 353, in __call__
    return self.func(*args, **kwargs)
           ^^^^^^^^^^^^^^^^^^^^^^^^^^
  File "C:\Users\youne\Desktop\AutoMLapp\.venv\Lib\site-packages\pycaret\internal\pipeline.py", line 69, in _fit_one
    transformer.fit(*args)
  File "C:\Users\youne\Desktop\AutoMLapp\.venv\Lib\site-packages\sklearn\base.py", line 1474, in wrapper
    return fit_method(estimator, *args, **kwargs)
           ^^^^^^^^^^^^^^^^^^^^^^^^^^^^^^^^^^^^^^
  File "C:\Users\youne\Desktop\AutoMLapp\.venv\Lib\site-packages\sklearn\ensemble\_forest.py", line 424, in fit
    y = np.ascontiguousarray(y, dtype=DOUBLE)
        ^^^^^^^^^^^^^^^^^^^^^^^^^^^^^^^^^^^^^
ValueError: could not convert string to float: 'Setosa'

--------------------------------------------------------------------------------
9 fits failed with the following error:
Traceback (most recent call last):
  File "C:\Users\youne\Desktop\AutoMLapp\.venv\Lib\site-packages\sklearn\model_selection\_validation.py", line 895, in _fit_and_score
    estimator.fit(X_train, y_train, **fit_params)
  File "C:\Users\youne\Desktop\AutoMLapp\.venv\Lib\site-packages\pycaret\internal\pipeline.py", line 278, in fit
    fitted_estimator = self._memory_fit(
                       ^^^^^^^^^^^^^^^^^
  File "C:\Users\youne\Desktop\AutoMLapp\.venv\Lib\site-packages\joblib\memory.py", line 353, in __call__
    return self.func(*args, **kwargs)
           ^^^^^^^^^^^^^^^^^^^^^^^^^^
  File "C:\Users\youne\Desktop\AutoMLapp\.venv\Lib\site-packages\pycaret\internal\pipeline.py", line 69, in _fit_one
    transformer.fit(*args)
  File "C:\Users\youne\Desktop\AutoMLapp\.venv\Lib\site-packages\sklearn\base.py", line 1474, in wrapper
    return fit_method(estimator, *args, **kwargs)
           ^^^^^^^^^^^^^^^^^^^^^^^^^^^^^^^^^^^^^^
  File "C:\Users\youne\Desktop\AutoMLapp\.venv\Lib\site-packages\sklearn\ensemble\_forest.py", line 424, in fit
    y = np.ascontiguousarray(y, dtype=DOUBLE)
        ^^^^^^^^^^^^^^^^^^^^^^^^^^^^^^^^^^^^^
ValueError: could not convert string to float: 'Versicolor'


2026-08-25 18:02:30,042:INFO:Initializing AdaBoost Regressor
2026-08-25 18:02:30,042:INFO:Total runtime is 0.13145683606465658 minutes
2026-08-25 18:02:30,043:INFO:SubProcess create_model() called ==================================
2026-08-25 18:02:30,043:INFO:Initializing create_model()
2026-08-25 18:02:30,043:INFO:create_model(self=<pycaret.regression.oop.RegressionExperiment object at 0x00000220CBD40450>, estimator=ada, fold=KFold(n_splits=10, random_state=None, shuffle=False), round=4, cross_validation=True, predict=True, fit_kwargs={}, groups=None, refit=False, probability_threshold=None, experiment_custom_tags=None, verbose=False, system=False, add_to_model_list=True, metrics=None, display=<pycaret.internal.display.display.CommonDisplay object at 0x000002211C6F2C10>, model_only=True, return_train_score=False, error_score=0.0, kwargs={})
2026-08-25 18:02:30,043:INFO:Checking exceptions
2026-08-25 18:02:30,043:INFO:Importing libraries
2026-08-25 18:02:30,043:INFO:Copying training dataset
2026-08-25 18:02:30,046:INFO:Defining folds
2026-08-25 18:02:30,046:INFO:Declaring metric variables
2026-08-25 18:02:30,046:INFO:Importing untrained model
2026-08-25 18:02:30,046:INFO:AdaBoost Regressor Imported successfully
2026-08-25 18:02:30,046:INFO:Starting cross validation
2026-08-25 18:02:30,048:INFO:Cross validating with KFold(n_splits=10, random_state=None, shuffle=False), n_jobs=-1
2026-08-25 18:02:30,090:WARNING:create_model() for ada raised an exception or returned all 0.0, trying without fit_kwargs:
2026-08-25 18:02:30,091:WARNING:Traceback (most recent call last):
  File "C:\Users\youne\Desktop\AutoMLapp\.venv\Lib\site-packages\pycaret\internal\pycaret_experiment\supervised_experiment.py", line 794, in compare_models
    model, model_fit_time = self._create_model(**create_model_args)
                            ^^^^^^^^^^^^^^^^^^^^^^^^^^^^^^^^^^^^^^^
  File "C:\Users\youne\Desktop\AutoMLapp\.venv\Lib\site-packages\pycaret\internal\pycaret_experiment\supervised_experiment.py", line 1533, in _create_model
    model, model_fit_time, model_results, _ = self._create_model_with_cv(
                                              ^^^^^^^^^^^^^^^^^^^^^^^^^^^
  File "C:\Users\youne\Desktop\AutoMLapp\.venv\Lib\site-packages\pycaret\internal\pycaret_experiment\supervised_experiment.py", line 1126, in _create_model_with_cv
    scores = cross_validate(
             ^^^^^^^^^^^^^^^
  File "C:\Users\youne\Desktop\AutoMLapp\.venv\Lib\site-packages\sklearn\utils\_param_validation.py", line 213, in wrapper
    return func(*args, **kwargs)
           ^^^^^^^^^^^^^^^^^^^^^
  File "C:\Users\youne\Desktop\AutoMLapp\.venv\Lib\site-packages\sklearn\model_selection\_validation.py", line 450, in cross_validate
    _warn_or_raise_about_fit_failures(results, error_score)
  File "C:\Users\youne\Desktop\AutoMLapp\.venv\Lib\site-packages\sklearn\model_selection\_validation.py", line 536, in _warn_or_raise_about_fit_failures
    raise ValueError(all_fits_failed_message)
ValueError: 
All the 10 fits failed.
It is very likely that your model is misconfigured.
You can try to debug the error by setting error_score='raise'.

Below are more details about the failures:
--------------------------------------------------------------------------------
1 fits failed with the following error:
Traceback (most recent call last):
  File "C:\Users\youne\Desktop\AutoMLapp\.venv\Lib\site-packages\sklearn\model_selection\_validation.py", line 895, in _fit_and_score
    estimator.fit(X_train, y_train, **fit_params)
  File "C:\Users\youne\Desktop\AutoMLapp\.venv\Lib\site-packages\pycaret\internal\pipeline.py", line 278, in fit
    fitted_estimator = self._memory_fit(
                       ^^^^^^^^^^^^^^^^^
  File "C:\Users\youne\Desktop\AutoMLapp\.venv\Lib\site-packages\joblib\memory.py", line 353, in __call__
    return self.func(*args, **kwargs)
           ^^^^^^^^^^^^^^^^^^^^^^^^^^
  File "C:\Users\youne\Desktop\AutoMLapp\.venv\Lib\site-packages\pycaret\internal\pipeline.py", line 69, in _fit_one
    transformer.fit(*args)
  File "C:\Users\youne\Desktop\AutoMLapp\.venv\Lib\site-packages\sklearn\base.py", line 1474, in wrapper
    return fit_method(estimator, *args, **kwargs)
           ^^^^^^^^^^^^^^^^^^^^^^^^^^^^^^^^^^^^^^
  File "C:\Users\youne\Desktop\AutoMLapp\.venv\Lib\site-packages\sklearn\ensemble\_weight_boosting.py", line 133, in fit
    X, y = self._validate_data(
           ^^^^^^^^^^^^^^^^^^^^
  File "C:\Users\youne\Desktop\AutoMLapp\.venv\Lib\site-packages\sklearn\base.py", line 650, in _validate_data
    X, y = check_X_y(X, y, **check_params)
           ^^^^^^^^^^^^^^^^^^^^^^^^^^^^^^^
  File "C:\Users\youne\Desktop\AutoMLapp\.venv\Lib\site-packages\sklearn\utils\validation.py", line 1279, in check_X_y
    y = _check_y(y, multi_output=multi_output, y_numeric=y_numeric, estimator=estimator)
        ^^^^^^^^^^^^^^^^^^^^^^^^^^^^^^^^^^^^^^^^^^^^^^^^^^^^^^^^^^^^^^^^^^^^^^^^^^^^^^^^
  File "C:\Users\youne\Desktop\AutoMLapp\.venv\Lib\site-packages\sklearn\utils\validation.py", line 1304, in _check_y
    y = y.astype(np.float64)
        ^^^^^^^^^^^^^^^^^^^^
ValueError: could not convert string to float: 'Setosa'

--------------------------------------------------------------------------------
9 fits failed with the following error:
Traceback (most recent call last):
  File "C:\Users\youne\Desktop\AutoMLapp\.venv\Lib\site-packages\sklearn\model_selection\_validation.py", line 895, in _fit_and_score
    estimator.fit(X_train, y_train, **fit_params)
  File "C:\Users\youne\Desktop\AutoMLapp\.venv\Lib\site-packages\pycaret\internal\pipeline.py", line 278, in fit
    fitted_estimator = self._memory_fit(
                       ^^^^^^^^^^^^^^^^^
  File "C:\Users\youne\Desktop\AutoMLapp\.venv\Lib\site-packages\joblib\memory.py", line 353, in __call__
    return self.func(*args, **kwargs)
           ^^^^^^^^^^^^^^^^^^^^^^^^^^
  File "C:\Users\youne\Desktop\AutoMLapp\.venv\Lib\site-packages\pycaret\internal\pipeline.py", line 69, in _fit_one
    transformer.fit(*args)
  File "C:\Users\youne\Desktop\AutoMLapp\.venv\Lib\site-packages\sklearn\base.py", line 1474, in wrapper
    return fit_method(estimator, *args, **kwargs)
           ^^^^^^^^^^^^^^^^^^^^^^^^^^^^^^^^^^^^^^
  File "C:\Users\youne\Desktop\AutoMLapp\.venv\Lib\site-packages\sklearn\ensemble\_weight_boosting.py", line 133, in fit
    X, y = self._validate_data(
           ^^^^^^^^^^^^^^^^^^^^
  File "C:\Users\youne\Desktop\AutoMLapp\.venv\Lib\site-packages\sklearn\base.py", line 650, in _validate_data
    X, y = check_X_y(X, y, **check_params)
           ^^^^^^^^^^^^^^^^^^^^^^^^^^^^^^^
  File "C:\Users\youne\Desktop\AutoMLapp\.venv\Lib\site-packages\sklearn\utils\validation.py", line 1279, in check_X_y
    y = _check_y(y, multi_output=multi_output, y_numeric=y_numeric, estimator=estimator)
        ^^^^^^^^^^^^^^^^^^^^^^^^^^^^^^^^^^^^^^^^^^^^^^^^^^^^^^^^^^^^^^^^^^^^^^^^^^^^^^^^
  File "C:\Users\youne\Desktop\AutoMLapp\.venv\Lib\site-packages\sklearn\utils\validation.py", line 1304, in _check_y
    y = y.astype(np.float64)
        ^^^^^^^^^^^^^^^^^^^^
ValueError: could not convert string to float: 'Versicolor'


2026-08-25 18:02:30,091:INFO:Initializing create_model()
2026-08-25 18:02:30,091:INFO:create_model(self=<pycaret.regression.oop.RegressionExperiment object at 0x00000220CBD40450>, estimator=ada, fold=KFold(n_splits=10, random_state=None, shuffle=False), round=4, cross_validation=True, predict=True, fit_kwargs={}, groups=None, refit=False, probability_threshold=None, experiment_custom_tags=None, verbose=False, system=False, add_to_model_list=True, metrics=None, display=<pycaret.internal.display.display.CommonDisplay object at 0x000002211C6F2C10>, model_only=True, return_train_score=False, error_score=0.0, kwargs={})
2026-08-25 18:02:30,091:INFO:Checking exceptions
2026-08-25 18:02:30,091:INFO:Importing libraries
2026-08-25 18:02:30,091:INFO:Copying training dataset
2026-08-25 18:02:30,096:INFO:Defining folds
2026-08-25 18:02:30,096:INFO:Declaring metric variables
2026-08-25 18:02:30,096:INFO:Importing untrained model
2026-08-25 18:02:30,097:INFO:AdaBoost Regressor Imported successfully
2026-08-25 18:02:30,097:INFO:Starting cross validation
2026-08-25 18:02:30,098:INFO:Cross validating with KFold(n_splits=10, random_state=None, shuffle=False), n_jobs=-1
2026-08-25 18:02:30,149:ERROR:create_model() for ada raised an exception or returned all 0.0:
2026-08-25 18:02:30,150:ERROR:Traceback (most recent call last):
  File "C:\Users\youne\Desktop\AutoMLapp\.venv\Lib\site-packages\pycaret\internal\pycaret_experiment\supervised_experiment.py", line 794, in compare_models
    model, model_fit_time = self._create_model(**create_model_args)
                            ^^^^^^^^^^^^^^^^^^^^^^^^^^^^^^^^^^^^^^^
  File "C:\Users\youne\Desktop\AutoMLapp\.venv\Lib\site-packages\pycaret\internal\pycaret_experiment\supervised_experiment.py", line 1533, in _create_model
    model, model_fit_time, model_results, _ = self._create_model_with_cv(
                                              ^^^^^^^^^^^^^^^^^^^^^^^^^^^
  File "C:\Users\youne\Desktop\AutoMLapp\.venv\Lib\site-packages\pycaret\internal\pycaret_experiment\supervised_experiment.py", line 1126, in _create_model_with_cv
    scores = cross_validate(
             ^^^^^^^^^^^^^^^
  File "C:\Users\youne\Desktop\AutoMLapp\.venv\Lib\site-packages\sklearn\utils\_param_validation.py", line 213, in wrapper
    return func(*args, **kwargs)
           ^^^^^^^^^^^^^^^^^^^^^
  File "C:\Users\youne\Desktop\AutoMLapp\.venv\Lib\site-packages\sklearn\model_selection\_validation.py", line 450, in cross_validate
    _warn_or_raise_about_fit_failures(results, error_score)
  File "C:\Users\youne\Desktop\AutoMLapp\.venv\Lib\site-packages\sklearn\model_selection\_validation.py", line 536, in _warn_or_raise_about_fit_failures
    raise ValueError(all_fits_failed_message)
ValueError: 
All the 10 fits failed.
It is very likely that your model is misconfigured.
You can try to debug the error by setting error_score='raise'.

Below are more details about the failures:
--------------------------------------------------------------------------------
1 fits failed with the following error:
Traceback (most recent call last):
  File "C:\Users\youne\Desktop\AutoMLapp\.venv\Lib\site-packages\sklearn\model_selection\_validation.py", line 895, in _fit_and_score
    estimator.fit(X_train, y_train, **fit_params)
  File "C:\Users\youne\Desktop\AutoMLapp\.venv\Lib\site-packages\pycaret\internal\pipeline.py", line 278, in fit
    fitted_estimator = self._memory_fit(
                       ^^^^^^^^^^^^^^^^^
  File "C:\Users\youne\Desktop\AutoMLapp\.venv\Lib\site-packages\joblib\memory.py", line 353, in __call__
    return self.func(*args, **kwargs)
           ^^^^^^^^^^^^^^^^^^^^^^^^^^
  File "C:\Users\youne\Desktop\AutoMLapp\.venv\Lib\site-packages\pycaret\internal\pipeline.py", line 69, in _fit_one
    transformer.fit(*args)
  File "C:\Users\youne\Desktop\AutoMLapp\.venv\Lib\site-packages\sklearn\base.py", line 1474, in wrapper
    return fit_method(estimator, *args, **kwargs)
           ^^^^^^^^^^^^^^^^^^^^^^^^^^^^^^^^^^^^^^
  File "C:\Users\youne\Desktop\AutoMLapp\.venv\Lib\site-packages\sklearn\ensemble\_weight_boosting.py", line 133, in fit
    X, y = self._validate_data(
           ^^^^^^^^^^^^^^^^^^^^
  File "C:\Users\youne\Desktop\AutoMLapp\.venv\Lib\site-packages\sklearn\base.py", line 650, in _validate_data
    X, y = check_X_y(X, y, **check_params)
           ^^^^^^^^^^^^^^^^^^^^^^^^^^^^^^^
  File "C:\Users\youne\Desktop\AutoMLapp\.venv\Lib\site-packages\sklearn\utils\validation.py", line 1279, in check_X_y
    y = _check_y(y, multi_output=multi_output, y_numeric=y_numeric, estimator=estimator)
        ^^^^^^^^^^^^^^^^^^^^^^^^^^^^^^^^^^^^^^^^^^^^^^^^^^^^^^^^^^^^^^^^^^^^^^^^^^^^^^^^
  File "C:\Users\youne\Desktop\AutoMLapp\.venv\Lib\site-packages\sklearn\utils\validation.py", line 1304, in _check_y
    y = y.astype(np.float64)
        ^^^^^^^^^^^^^^^^^^^^
ValueError: could not convert string to float: 'Setosa'

--------------------------------------------------------------------------------
9 fits failed with the following error:
Traceback (most recent call last):
  File "C:\Users\youne\Desktop\AutoMLapp\.venv\Lib\site-packages\sklearn\model_selection\_validation.py", line 895, in _fit_and_score
    estimator.fit(X_train, y_train, **fit_params)
  File "C:\Users\youne\Desktop\AutoMLapp\.venv\Lib\site-packages\pycaret\internal\pipeline.py", line 278, in fit
    fitted_estimator = self._memory_fit(
                       ^^^^^^^^^^^^^^^^^
  File "C:\Users\youne\Desktop\AutoMLapp\.venv\Lib\site-packages\joblib\memory.py", line 353, in __call__
    return self.func(*args, **kwargs)
           ^^^^^^^^^^^^^^^^^^^^^^^^^^
  File "C:\Users\youne\Desktop\AutoMLapp\.venv\Lib\site-packages\pycaret\internal\pipeline.py", line 69, in _fit_one
    transformer.fit(*args)
  File "C:\Users\youne\Desktop\AutoMLapp\.venv\Lib\site-packages\sklearn\base.py", line 1474, in wrapper
    return fit_method(estimator, *args, **kwargs)
           ^^^^^^^^^^^^^^^^^^^^^^^^^^^^^^^^^^^^^^
  File "C:\Users\youne\Desktop\AutoMLapp\.venv\Lib\site-packages\sklearn\ensemble\_weight_boosting.py", line 133, in fit
    X, y = self._validate_data(
           ^^^^^^^^^^^^^^^^^^^^
  File "C:\Users\youne\Desktop\AutoMLapp\.venv\Lib\site-packages\sklearn\base.py", line 650, in _validate_data
    X, y = check_X_y(X, y, **check_params)
           ^^^^^^^^^^^^^^^^^^^^^^^^^^^^^^^
  File "C:\Users\youne\Desktop\AutoMLapp\.venv\Lib\site-packages\sklearn\utils\validation.py", line 1279, in check_X_y
    y = _check_y(y, multi_output=multi_output, y_numeric=y_numeric, estimator=estimator)
        ^^^^^^^^^^^^^^^^^^^^^^^^^^^^^^^^^^^^^^^^^^^^^^^^^^^^^^^^^^^^^^^^^^^^^^^^^^^^^^^^
  File "C:\Users\youne\Desktop\AutoMLapp\.venv\Lib\site-packages\sklearn\utils\validation.py", line 1304, in _check_y
    y = y.astype(np.float64)
        ^^^^^^^^^^^^^^^^^^^^
ValueError: could not convert string to float: 'Versicolor'


During handling of the above exception, another exception occurred:

Traceback (most recent call last):
  File "C:\Users\youne\Desktop\AutoMLapp\.venv\Lib\site-packages\pycaret\internal\pycaret_experiment\supervised_experiment.py", line 815, in compare_models
    model, model_fit_time = self._create_model(**create_model_args)
                            ^^^^^^^^^^^^^^^^^^^^^^^^^^^^^^^^^^^^^^^
  File "C:\Users\youne\Desktop\AutoMLapp\.venv\Lib\site-packages\pycaret\internal\pycaret_experiment\supervised_experiment.py", line 1533, in _create_model
    model, model_fit_time, model_results, _ = self._create_model_with_cv(
                                              ^^^^^^^^^^^^^^^^^^^^^^^^^^^
  File "C:\Users\youne\Desktop\AutoMLapp\.venv\Lib\site-packages\pycaret\internal\pycaret_experiment\supervised_experiment.py", line 1126, in _create_model_with_cv
    scores = cross_validate(
             ^^^^^^^^^^^^^^^
  File "C:\Users\youne\Desktop\AutoMLapp\.venv\Lib\site-packages\sklearn\utils\_param_validation.py", line 213, in wrapper
    return func(*args, **kwargs)
           ^^^^^^^^^^^^^^^^^^^^^
  File "C:\Users\youne\Desktop\AutoMLapp\.venv\Lib\site-packages\sklearn\model_selection\_validation.py", line 450, in cross_validate
    _warn_or_raise_about_fit_failures(results, error_score)
  File "C:\Users\youne\Desktop\AutoMLapp\.venv\Lib\site-packages\sklearn\model_selection\_validation.py", line 536, in _warn_or_raise_about_fit_failures
    raise ValueError(all_fits_failed_message)
ValueError: 
All the 10 fits failed.
It is very likely that your model is misconfigured.
You can try to debug the error by setting error_score='raise'.

Below are more details about the failures:
--------------------------------------------------------------------------------
1 fits failed with the following error:
Traceback (most recent call last):
  File "C:\Users\youne\Desktop\AutoMLapp\.venv\Lib\site-packages\sklearn\model_selection\_validation.py", line 895, in _fit_and_score
    estimator.fit(X_train, y_train, **fit_params)
  File "C:\Users\youne\Desktop\AutoMLapp\.venv\Lib\site-packages\pycaret\internal\pipeline.py", line 278, in fit
    fitted_estimator = self._memory_fit(
                       ^^^^^^^^^^^^^^^^^
  File "C:\Users\youne\Desktop\AutoMLapp\.venv\Lib\site-packages\joblib\memory.py", line 353, in __call__
    return self.func(*args, **kwargs)
           ^^^^^^^^^^^^^^^^^^^^^^^^^^
  File "C:\Users\youne\Desktop\AutoMLapp\.venv\Lib\site-packages\pycaret\internal\pipeline.py", line 69, in _fit_one
    transformer.fit(*args)
  File "C:\Users\youne\Desktop\AutoMLapp\.venv\Lib\site-packages\sklearn\base.py", line 1474, in wrapper
    return fit_method(estimator, *args, **kwargs)
           ^^^^^^^^^^^^^^^^^^^^^^^^^^^^^^^^^^^^^^
  File "C:\Users\youne\Desktop\AutoMLapp\.venv\Lib\site-packages\sklearn\ensemble\_weight_boosting.py", line 133, in fit
    X, y = self._validate_data(
           ^^^^^^^^^^^^^^^^^^^^
  File "C:\Users\youne\Desktop\AutoMLapp\.venv\Lib\site-packages\sklearn\base.py", line 650, in _validate_data
    X, y = check_X_y(X, y, **check_params)
           ^^^^^^^^^^^^^^^^^^^^^^^^^^^^^^^
  File "C:\Users\youne\Desktop\AutoMLapp\.venv\Lib\site-packages\sklearn\utils\validation.py", line 1279, in check_X_y
    y = _check_y(y, multi_output=multi_output, y_numeric=y_numeric, estimator=estimator)
        ^^^^^^^^^^^^^^^^^^^^^^^^^^^^^^^^^^^^^^^^^^^^^^^^^^^^^^^^^^^^^^^^^^^^^^^^^^^^^^^^
  File "C:\Users\youne\Desktop\AutoMLapp\.venv\Lib\site-packages\sklearn\utils\validation.py", line 1304, in _check_y
    y = y.astype(np.float64)
        ^^^^^^^^^^^^^^^^^^^^
ValueError: could not convert string to float: 'Setosa'

--------------------------------------------------------------------------------
9 fits failed with the following error:
Traceback (most recent call last):
  File "C:\Users\youne\Desktop\AutoMLapp\.venv\Lib\site-packages\sklearn\model_selection\_validation.py", line 895, in _fit_and_score
    estimator.fit(X_train, y_train, **fit_params)
  File "C:\Users\youne\Desktop\AutoMLapp\.venv\Lib\site-packages\pycaret\internal\pipeline.py", line 278, in fit
    fitted_estimator = self._memory_fit(
                       ^^^^^^^^^^^^^^^^^
  File "C:\Users\youne\Desktop\AutoMLapp\.venv\Lib\site-packages\joblib\memory.py", line 353, in __call__
    return self.func(*args, **kwargs)
           ^^^^^^^^^^^^^^^^^^^^^^^^^^
  File "C:\Users\youne\Desktop\AutoMLapp\.venv\Lib\site-packages\pycaret\internal\pipeline.py", line 69, in _fit_one
    transformer.fit(*args)
  File "C:\Users\youne\Desktop\AutoMLapp\.venv\Lib\site-packages\sklearn\base.py", line 1474, in wrapper
    return fit_method(estimator, *args, **kwargs)
           ^^^^^^^^^^^^^^^^^^^^^^^^^^^^^^^^^^^^^^
  File "C:\Users\youne\Desktop\AutoMLapp\.venv\Lib\site-packages\sklearn\ensemble\_weight_boosting.py", line 133, in fit
    X, y = self._validate_data(
           ^^^^^^^^^^^^^^^^^^^^
  File "C:\Users\youne\Desktop\AutoMLapp\.venv\Lib\site-packages\sklearn\base.py", line 650, in _validate_data
    X, y = check_X_y(X, y, **check_params)
           ^^^^^^^^^^^^^^^^^^^^^^^^^^^^^^^
  File "C:\Users\youne\Desktop\AutoMLapp\.venv\Lib\site-packages\sklearn\utils\validation.py", line 1279, in check_X_y
    y = _check_y(y, multi_output=multi_output, y_numeric=y_numeric, estimator=estimator)
        ^^^^^^^^^^^^^^^^^^^^^^^^^^^^^^^^^^^^^^^^^^^^^^^^^^^^^^^^^^^^^^^^^^^^^^^^^^^^^^^^
  File "C:\Users\youne\Desktop\AutoMLapp\.venv\Lib\site-packages\sklearn\utils\validation.py", line 1304, in _check_y
    y = y.astype(np.float64)
        ^^^^^^^^^^^^^^^^^^^^
ValueError: could not convert string to float: 'Versicolor'


2026-08-25 18:02:30,151:INFO:Initializing Gradient Boosting Regressor
2026-08-25 18:02:30,151:INFO:Total runtime is 0.13327629963556925 minutes
2026-08-25 18:02:30,151:INFO:SubProcess create_model() called ==================================
2026-08-25 18:02:30,151:INFO:Initializing create_model()
2026-08-25 18:02:30,151:INFO:create_model(self=<pycaret.regression.oop.RegressionExperiment object at 0x00000220CBD40450>, estimator=gbr, fold=KFold(n_splits=10, random_state=None, shuffle=False), round=4, cross_validation=True, predict=True, fit_kwargs={}, groups=None, refit=False, probability_threshold=None, experiment_custom_tags=None, verbose=False, system=False, add_to_model_list=True, metrics=None, display=<pycaret.internal.display.display.CommonDisplay object at 0x000002211C6F2C10>, model_only=True, return_train_score=False, error_score=0.0, kwargs={})
2026-08-25 18:02:30,151:INFO:Checking exceptions
2026-08-25 18:02:30,151:INFO:Importing libraries
2026-08-25 18:02:30,151:INFO:Copying training dataset
2026-08-25 18:02:30,155:INFO:Defining folds
2026-08-25 18:02:30,155:INFO:Declaring metric variables
2026-08-25 18:02:30,155:INFO:Importing untrained model
2026-08-25 18:02:30,155:INFO:Gradient Boosting Regressor Imported successfully
2026-08-25 18:02:30,155:INFO:Starting cross validation
2026-08-25 18:02:30,156:INFO:Cross validating with KFold(n_splits=10, random_state=None, shuffle=False), n_jobs=-1
2026-08-25 18:02:30,212:WARNING:create_model() for gbr raised an exception or returned all 0.0, trying without fit_kwargs:
2026-08-25 18:02:30,213:WARNING:Traceback (most recent call last):
  File "C:\Users\youne\Desktop\AutoMLapp\.venv\Lib\site-packages\pycaret\internal\pycaret_experiment\supervised_experiment.py", line 794, in compare_models
    model, model_fit_time = self._create_model(**create_model_args)
                            ^^^^^^^^^^^^^^^^^^^^^^^^^^^^^^^^^^^^^^^
  File "C:\Users\youne\Desktop\AutoMLapp\.venv\Lib\site-packages\pycaret\internal\pycaret_experiment\supervised_experiment.py", line 1533, in _create_model
    model, model_fit_time, model_results, _ = self._create_model_with_cv(
                                              ^^^^^^^^^^^^^^^^^^^^^^^^^^^
  File "C:\Users\youne\Desktop\AutoMLapp\.venv\Lib\site-packages\pycaret\internal\pycaret_experiment\supervised_experiment.py", line 1126, in _create_model_with_cv
    scores = cross_validate(
             ^^^^^^^^^^^^^^^
  File "C:\Users\youne\Desktop\AutoMLapp\.venv\Lib\site-packages\sklearn\utils\_param_validation.py", line 213, in wrapper
    return func(*args, **kwargs)
           ^^^^^^^^^^^^^^^^^^^^^
  File "C:\Users\youne\Desktop\AutoMLapp\.venv\Lib\site-packages\sklearn\model_selection\_validation.py", line 450, in cross_validate
    _warn_or_raise_about_fit_failures(results, error_score)
  File "C:\Users\youne\Desktop\AutoMLapp\.venv\Lib\site-packages\sklearn\model_selection\_validation.py", line 536, in _warn_or_raise_about_fit_failures
    raise ValueError(all_fits_failed_message)
ValueError: 
All the 10 fits failed.
It is very likely that your model is misconfigured.
You can try to debug the error by setting error_score='raise'.

Below are more details about the failures:
--------------------------------------------------------------------------------
1 fits failed with the following error:
Traceback (most recent call last):
  File "C:\Users\youne\Desktop\AutoMLapp\.venv\Lib\site-packages\sklearn\model_selection\_validation.py", line 895, in _fit_and_score
    estimator.fit(X_train, y_train, **fit_params)
  File "C:\Users\youne\Desktop\AutoMLapp\.venv\Lib\site-packages\pycaret\internal\pipeline.py", line 278, in fit
    fitted_estimator = self._memory_fit(
                       ^^^^^^^^^^^^^^^^^
  File "C:\Users\youne\Desktop\AutoMLapp\.venv\Lib\site-packages\joblib\memory.py", line 353, in __call__
    return self.func(*args, **kwargs)
           ^^^^^^^^^^^^^^^^^^^^^^^^^^
  File "C:\Users\youne\Desktop\AutoMLapp\.venv\Lib\site-packages\pycaret\internal\pipeline.py", line 69, in _fit_one
    transformer.fit(*args)
  File "C:\Users\youne\Desktop\AutoMLapp\.venv\Lib\site-packages\sklearn\base.py", line 1474, in wrapper
    return fit_method(estimator, *args, **kwargs)
           ^^^^^^^^^^^^^^^^^^^^^^^^^^^^^^^^^^^^^^
  File "C:\Users\youne\Desktop\AutoMLapp\.venv\Lib\site-packages\sklearn\ensemble\_gb.py", line 665, in fit
    y = self._encode_y(y=y, sample_weight=None)
        ^^^^^^^^^^^^^^^^^^^^^^^^^^^^^^^^^^^^^^^
  File "C:\Users\youne\Desktop\AutoMLapp\.venv\Lib\site-packages\sklearn\ensemble\_gb.py", line 2096, in _encode_y
    y = y.astype(DOUBLE, copy=False)
        ^^^^^^^^^^^^^^^^^^^^^^^^^^^^
ValueError: could not convert string to float: 'Setosa'

--------------------------------------------------------------------------------
9 fits failed with the following error:
Traceback (most recent call last):
  File "C:\Users\youne\Desktop\AutoMLapp\.venv\Lib\site-packages\sklearn\model_selection\_validation.py", line 895, in _fit_and_score
    estimator.fit(X_train, y_train, **fit_params)
  File "C:\Users\youne\Desktop\AutoMLapp\.venv\Lib\site-packages\pycaret\internal\pipeline.py", line 278, in fit
    fitted_estimator = self._memory_fit(
                       ^^^^^^^^^^^^^^^^^
  File "C:\Users\youne\Desktop\AutoMLapp\.venv\Lib\site-packages\joblib\memory.py", line 353, in __call__
    return self.func(*args, **kwargs)
           ^^^^^^^^^^^^^^^^^^^^^^^^^^
  File "C:\Users\youne\Desktop\AutoMLapp\.venv\Lib\site-packages\pycaret\internal\pipeline.py", line 69, in _fit_one
    transformer.fit(*args)
  File "C:\Users\youne\Desktop\AutoMLapp\.venv\Lib\site-packages\sklearn\base.py", line 1474, in wrapper
    return fit_method(estimator, *args, **kwargs)
           ^^^^^^^^^^^^^^^^^^^^^^^^^^^^^^^^^^^^^^
  File "C:\Users\youne\Desktop\AutoMLapp\.venv\Lib\site-packages\sklearn\ensemble\_gb.py", line 665, in fit
    y = self._encode_y(y=y, sample_weight=None)
        ^^^^^^^^^^^^^^^^^^^^^^^^^^^^^^^^^^^^^^^
  File "C:\Users\youne\Desktop\AutoMLapp\.venv\Lib\site-packages\sklearn\ensemble\_gb.py", line 2096, in _encode_y
    y = y.astype(DOUBLE, copy=False)
        ^^^^^^^^^^^^^^^^^^^^^^^^^^^^
ValueError: could not convert string to float: 'Versicolor'


2026-08-25 18:02:30,213:INFO:Initializing create_model()
2026-08-25 18:02:30,213:INFO:create_model(self=<pycaret.regression.oop.RegressionExperiment object at 0x00000220CBD40450>, estimator=gbr, fold=KFold(n_splits=10, random_state=None, shuffle=False), round=4, cross_validation=True, predict=True, fit_kwargs={}, groups=None, refit=False, probability_threshold=None, experiment_custom_tags=None, verbose=False, system=False, add_to_model_list=True, metrics=None, display=<pycaret.internal.display.display.CommonDisplay object at 0x000002211C6F2C10>, model_only=True, return_train_score=False, error_score=0.0, kwargs={})
2026-08-25 18:02:30,213:INFO:Checking exceptions
2026-08-25 18:02:30,213:INFO:Importing libraries
2026-08-25 18:02:30,213:INFO:Copying training dataset
2026-08-25 18:02:30,217:INFO:Defining folds
2026-08-25 18:02:30,217:INFO:Declaring metric variables
2026-08-25 18:02:30,217:INFO:Importing untrained model
2026-08-25 18:02:30,217:INFO:Gradient Boosting Regressor Imported successfully
2026-08-25 18:02:30,218:INFO:Starting cross validation
2026-08-25 18:02:30,219:INFO:Cross validating with KFold(n_splits=10, random_state=None, shuffle=False), n_jobs=-1
2026-08-25 18:02:30,264:ERROR:create_model() for gbr raised an exception or returned all 0.0:
2026-08-25 18:02:30,265:ERROR:Traceback (most recent call last):
  File "C:\Users\youne\Desktop\AutoMLapp\.venv\Lib\site-packages\pycaret\internal\pycaret_experiment\supervised_experiment.py", line 794, in compare_models
    model, model_fit_time = self._create_model(**create_model_args)
                            ^^^^^^^^^^^^^^^^^^^^^^^^^^^^^^^^^^^^^^^
  File "C:\Users\youne\Desktop\AutoMLapp\.venv\Lib\site-packages\pycaret\internal\pycaret_experiment\supervised_experiment.py", line 1533, in _create_model
    model, model_fit_time, model_results, _ = self._create_model_with_cv(
                                              ^^^^^^^^^^^^^^^^^^^^^^^^^^^
  File "C:\Users\youne\Desktop\AutoMLapp\.venv\Lib\site-packages\pycaret\internal\pycaret_experiment\supervised_experiment.py", line 1126, in _create_model_with_cv
    scores = cross_validate(
             ^^^^^^^^^^^^^^^
  File "C:\Users\youne\Desktop\AutoMLapp\.venv\Lib\site-packages\sklearn\utils\_param_validation.py", line 213, in wrapper
    return func(*args, **kwargs)
           ^^^^^^^^^^^^^^^^^^^^^
  File "C:\Users\youne\Desktop\AutoMLapp\.venv\Lib\site-packages\sklearn\model_selection\_validation.py", line 450, in cross_validate
    _warn_or_raise_about_fit_failures(results, error_score)
  File "C:\Users\youne\Desktop\AutoMLapp\.venv\Lib\site-packages\sklearn\model_selection\_validation.py", line 536, in _warn_or_raise_about_fit_failures
    raise ValueError(all_fits_failed_message)
ValueError: 
All the 10 fits failed.
It is very likely that your model is misconfigured.
You can try to debug the error by setting error_score='raise'.

Below are more details about the failures:
--------------------------------------------------------------------------------
1 fits failed with the following error:
Traceback (most recent call last):
  File "C:\Users\youne\Desktop\AutoMLapp\.venv\Lib\site-packages\sklearn\model_selection\_validation.py", line 895, in _fit_and_score
    estimator.fit(X_train, y_train, **fit_params)
  File "C:\Users\youne\Desktop\AutoMLapp\.venv\Lib\site-packages\pycaret\internal\pipeline.py", line 278, in fit
    fitted_estimator = self._memory_fit(
                       ^^^^^^^^^^^^^^^^^
  File "C:\Users\youne\Desktop\AutoMLapp\.venv\Lib\site-packages\joblib\memory.py", line 353, in __call__
    return self.func(*args, **kwargs)
           ^^^^^^^^^^^^^^^^^^^^^^^^^^
  File "C:\Users\youne\Desktop\AutoMLapp\.venv\Lib\site-packages\pycaret\internal\pipeline.py", line 69, in _fit_one
    transformer.fit(*args)
  File "C:\Users\youne\Desktop\AutoMLapp\.venv\Lib\site-packages\sklearn\base.py", line 1474, in wrapper
    return fit_method(estimator, *args, **kwargs)
           ^^^^^^^^^^^^^^^^^^^^^^^^^^^^^^^^^^^^^^
  File "C:\Users\youne\Desktop\AutoMLapp\.venv\Lib\site-packages\sklearn\ensemble\_gb.py", line 665, in fit
    y = self._encode_y(y=y, sample_weight=None)
        ^^^^^^^^^^^^^^^^^^^^^^^^^^^^^^^^^^^^^^^
  File "C:\Users\youne\Desktop\AutoMLapp\.venv\Lib\site-packages\sklearn\ensemble\_gb.py", line 2096, in _encode_y
    y = y.astype(DOUBLE, copy=False)
        ^^^^^^^^^^^^^^^^^^^^^^^^^^^^
ValueError: could not convert string to float: 'Setosa'

--------------------------------------------------------------------------------
9 fits failed with the following error:
Traceback (most recent call last):
  File "C:\Users\youne\Desktop\AutoMLapp\.venv\Lib\site-packages\sklearn\model_selection\_validation.py", line 895, in _fit_and_score
    estimator.fit(X_train, y_train, **fit_params)
  File "C:\Users\youne\Desktop\AutoMLapp\.venv\Lib\site-packages\pycaret\internal\pipeline.py", line 278, in fit
    fitted_estimator = self._memory_fit(
                       ^^^^^^^^^^^^^^^^^
  File "C:\Users\youne\Desktop\AutoMLapp\.venv\Lib\site-packages\joblib\memory.py", line 353, in __call__
    return self.func(*args, **kwargs)
           ^^^^^^^^^^^^^^^^^^^^^^^^^^
  File "C:\Users\youne\Desktop\AutoMLapp\.venv\Lib\site-packages\pycaret\internal\pipeline.py", line 69, in _fit_one
    transformer.fit(*args)
  File "C:\Users\youne\Desktop\AutoMLapp\.venv\Lib\site-packages\sklearn\base.py", line 1474, in wrapper
    return fit_method(estimator, *args, **kwargs)
           ^^^^^^^^^^^^^^^^^^^^^^^^^^^^^^^^^^^^^^
  File "C:\Users\youne\Desktop\AutoMLapp\.venv\Lib\site-packages\sklearn\ensemble\_gb.py", line 665, in fit
    y = self._encode_y(y=y, sample_weight=None)
        ^^^^^^^^^^^^^^^^^^^^^^^^^^^^^^^^^^^^^^^
  File "C:\Users\youne\Desktop\AutoMLapp\.venv\Lib\site-packages\sklearn\ensemble\_gb.py", line 2096, in _encode_y
    y = y.astype(DOUBLE, copy=False)
        ^^^^^^^^^^^^^^^^^^^^^^^^^^^^
ValueError: could not convert string to float: 'Versicolor'


During handling of the above exception, another exception occurred:

Traceback (most recent call last):
  File "C:\Users\youne\Desktop\AutoMLapp\.venv\Lib\site-packages\pycaret\internal\pycaret_experiment\supervised_experiment.py", line 815, in compare_models
    model, model_fit_time = self._create_model(**create_model_args)
                            ^^^^^^^^^^^^^^^^^^^^^^^^^^^^^^^^^^^^^^^
  File "C:\Users\youne\Desktop\AutoMLapp\.venv\Lib\site-packages\pycaret\internal\pycaret_experiment\supervised_experiment.py", line 1533, in _create_model
    model, model_fit_time, model_results, _ = self._create_model_with_cv(
                                              ^^^^^^^^^^^^^^^^^^^^^^^^^^^
  File "C:\Users\youne\Desktop\AutoMLapp\.venv\Lib\site-packages\pycaret\internal\pycaret_experiment\supervised_experiment.py", line 1126, in _create_model_with_cv
    scores = cross_validate(
             ^^^^^^^^^^^^^^^
  File "C:\Users\youne\Desktop\AutoMLapp\.venv\Lib\site-packages\sklearn\utils\_param_validation.py", line 213, in wrapper
    return func(*args, **kwargs)
           ^^^^^^^^^^^^^^^^^^^^^
  File "C:\Users\youne\Desktop\AutoMLapp\.venv\Lib\site-packages\sklearn\model_selection\_validation.py", line 450, in cross_validate
    _warn_or_raise_about_fit_failures(results, error_score)
  File "C:\Users\youne\Desktop\AutoMLapp\.venv\Lib\site-packages\sklearn\model_selection\_validation.py", line 536, in _warn_or_raise_about_fit_failures
    raise ValueError(all_fits_failed_message)
ValueError: 
All the 10 fits failed.
It is very likely that your model is misconfigured.
You can try to debug the error by setting error_score='raise'.

Below are more details about the failures:
--------------------------------------------------------------------------------
1 fits failed with the following error:
Traceback (most recent call last):
  File "C:\Users\youne\Desktop\AutoMLapp\.venv\Lib\site-packages\sklearn\model_selection\_validation.py", line 895, in _fit_and_score
    estimator.fit(X_train, y_train, **fit_params)
  File "C:\Users\youne\Desktop\AutoMLapp\.venv\Lib\site-packages\pycaret\internal\pipeline.py", line 278, in fit
    fitted_estimator = self._memory_fit(
                       ^^^^^^^^^^^^^^^^^
  File "C:\Users\youne\Desktop\AutoMLapp\.venv\Lib\site-packages\joblib\memory.py", line 353, in __call__
    return self.func(*args, **kwargs)
           ^^^^^^^^^^^^^^^^^^^^^^^^^^
  File "C:\Users\youne\Desktop\AutoMLapp\.venv\Lib\site-packages\pycaret\internal\pipeline.py", line 69, in _fit_one
    transformer.fit(*args)
  File "C:\Users\youne\Desktop\AutoMLapp\.venv\Lib\site-packages\sklearn\base.py", line 1474, in wrapper
    return fit_method(estimator, *args, **kwargs)
           ^^^^^^^^^^^^^^^^^^^^^^^^^^^^^^^^^^^^^^
  File "C:\Users\youne\Desktop\AutoMLapp\.venv\Lib\site-packages\sklearn\ensemble\_gb.py", line 665, in fit
    y = self._encode_y(y=y, sample_weight=None)
        ^^^^^^^^^^^^^^^^^^^^^^^^^^^^^^^^^^^^^^^
  File "C:\Users\youne\Desktop\AutoMLapp\.venv\Lib\site-packages\sklearn\ensemble\_gb.py", line 2096, in _encode_y
    y = y.astype(DOUBLE, copy=False)
        ^^^^^^^^^^^^^^^^^^^^^^^^^^^^
ValueError: could not convert string to float: 'Setosa'

--------------------------------------------------------------------------------
9 fits failed with the following error:
Traceback (most recent call last):
  File "C:\Users\youne\Desktop\AutoMLapp\.venv\Lib\site-packages\sklearn\model_selection\_validation.py", line 895, in _fit_and_score
    estimator.fit(X_train, y_train, **fit_params)
  File "C:\Users\youne\Desktop\AutoMLapp\.venv\Lib\site-packages\pycaret\internal\pipeline.py", line 278, in fit
    fitted_estimator = self._memory_fit(
                       ^^^^^^^^^^^^^^^^^
  File "C:\Users\youne\Desktop\AutoMLapp\.venv\Lib\site-packages\joblib\memory.py", line 353, in __call__
    return self.func(*args, **kwargs)
           ^^^^^^^^^^^^^^^^^^^^^^^^^^
  File "C:\Users\youne\Desktop\AutoMLapp\.venv\Lib\site-packages\pycaret\internal\pipeline.py", line 69, in _fit_one
    transformer.fit(*args)
  File "C:\Users\youne\Desktop\AutoMLapp\.venv\Lib\site-packages\sklearn\base.py", line 1474, in wrapper
    return fit_method(estimator, *args, **kwargs)
           ^^^^^^^^^^^^^^^^^^^^^^^^^^^^^^^^^^^^^^
  File "C:\Users\youne\Desktop\AutoMLapp\.venv\Lib\site-packages\sklearn\ensemble\_gb.py", line 665, in fit
    y = self._encode_y(y=y, sample_weight=None)
        ^^^^^^^^^^^^^^^^^^^^^^^^^^^^^^^^^^^^^^^
  File "C:\Users\youne\Desktop\AutoMLapp\.venv\Lib\site-packages\sklearn\ensemble\_gb.py", line 2096, in _encode_y
    y = y.astype(DOUBLE, copy=False)
        ^^^^^^^^^^^^^^^^^^^^^^^^^^^^
ValueError: could not convert string to float: 'Versicolor'


2026-08-25 18:02:30,266:INFO:Initializing Light Gradient Boosting Machine
2026-08-25 18:02:30,266:INFO:Total runtime is 0.13519230286280315 minutes
2026-08-25 18:02:30,266:INFO:SubProcess create_model() called ==================================
2026-08-25 18:02:30,266:INFO:Initializing create_model()
2026-08-25 18:02:30,266:INFO:create_model(self=<pycaret.regression.oop.RegressionExperiment object at 0x00000220CBD40450>, estimator=lightgbm, fold=KFold(n_splits=10, random_state=None, shuffle=False), round=4, cross_validation=True, predict=True, fit_kwargs={}, groups=None, refit=False, probability_threshold=None, experiment_custom_tags=None, verbose=False, system=False, add_to_model_list=True, metrics=None, display=<pycaret.internal.display.display.CommonDisplay object at 0x000002211C6F2C10>, model_only=True, return_train_score=False, error_score=0.0, kwargs={})
2026-08-25 18:02:30,266:INFO:Checking exceptions
2026-08-25 18:02:30,266:INFO:Importing libraries
2026-08-25 18:02:30,266:INFO:Copying training dataset
2026-08-25 18:02:30,270:INFO:Defining folds
2026-08-25 18:02:30,270:INFO:Declaring metric variables
2026-08-25 18:02:30,270:INFO:Importing untrained model
2026-08-25 18:02:30,270:INFO:Light Gradient Boosting Machine Imported successfully
2026-08-25 18:02:30,270:INFO:Starting cross validation
2026-08-25 18:02:30,271:INFO:Cross validating with KFold(n_splits=10, random_state=None, shuffle=False), n_jobs=-1
2026-08-25 18:02:30,352:WARNING:create_model() for lightgbm raised an exception or returned all 0.0, trying without fit_kwargs:
2026-08-25 18:02:30,353:WARNING:Traceback (most recent call last):
  File "C:\Users\youne\Desktop\AutoMLapp\.venv\Lib\site-packages\pycaret\internal\pycaret_experiment\supervised_experiment.py", line 794, in compare_models
    model, model_fit_time = self._create_model(**create_model_args)
                            ^^^^^^^^^^^^^^^^^^^^^^^^^^^^^^^^^^^^^^^
  File "C:\Users\youne\Desktop\AutoMLapp\.venv\Lib\site-packages\pycaret\internal\pycaret_experiment\supervised_experiment.py", line 1533, in _create_model
    model, model_fit_time, model_results, _ = self._create_model_with_cv(
                                              ^^^^^^^^^^^^^^^^^^^^^^^^^^^
  File "C:\Users\youne\Desktop\AutoMLapp\.venv\Lib\site-packages\pycaret\internal\pycaret_experiment\supervised_experiment.py", line 1126, in _create_model_with_cv
    scores = cross_validate(
             ^^^^^^^^^^^^^^^
  File "C:\Users\youne\Desktop\AutoMLapp\.venv\Lib\site-packages\sklearn\utils\_param_validation.py", line 213, in wrapper
    return func(*args, **kwargs)
           ^^^^^^^^^^^^^^^^^^^^^
  File "C:\Users\youne\Desktop\AutoMLapp\.venv\Lib\site-packages\sklearn\model_selection\_validation.py", line 450, in cross_validate
    _warn_or_raise_about_fit_failures(results, error_score)
  File "C:\Users\youne\Desktop\AutoMLapp\.venv\Lib\site-packages\sklearn\model_selection\_validation.py", line 536, in _warn_or_raise_about_fit_failures
    raise ValueError(all_fits_failed_message)
ValueError: 
All the 10 fits failed.
It is very likely that your model is misconfigured.
You can try to debug the error by setting error_score='raise'.

Below are more details about the failures:
--------------------------------------------------------------------------------
10 fits failed with the following error:
Traceback (most recent call last):
  File "C:\Users\youne\Desktop\AutoMLapp\.venv\Lib\site-packages\sklearn\model_selection\_validation.py", line 895, in _fit_and_score
    estimator.fit(X_train, y_train, **fit_params)
  File "C:\Users\youne\Desktop\AutoMLapp\.venv\Lib\site-packages\pycaret\internal\pipeline.py", line 278, in fit
    fitted_estimator = self._memory_fit(
                       ^^^^^^^^^^^^^^^^^
  File "C:\Users\youne\Desktop\AutoMLapp\.venv\Lib\site-packages\joblib\memory.py", line 353, in __call__
    return self.func(*args, **kwargs)
           ^^^^^^^^^^^^^^^^^^^^^^^^^^
  File "C:\Users\youne\Desktop\AutoMLapp\.venv\Lib\site-packages\pycaret\internal\pipeline.py", line 69, in _fit_one
    transformer.fit(*args)
  File "C:\Users\youne\Desktop\AutoMLapp\.venv\Lib\site-packages\lightgbm\sklearn.py", line 1536, in fit
    super().fit(
  File "C:\Users\youne\Desktop\AutoMLapp\.venv\Lib\site-packages\lightgbm\sklearn.py", line 1171, in fit
    self._Booster = train(
                    ^^^^^^
  File "C:\Users\youne\Desktop\AutoMLapp\.venv\Lib\site-packages\lightgbm\engine.py", line 296, in train
    booster = Booster(params=params, train_set=train_set)
              ^^^^^^^^^^^^^^^^^^^^^^^^^^^^^^^^^^^^^^^^^^^
  File "C:\Users\youne\Desktop\AutoMLapp\.venv\Lib\site-packages\lightgbm\basic.py", line 3758, in __init__
    train_set.construct()
  File "C:\Users\youne\Desktop\AutoMLapp\.venv\Lib\site-packages\lightgbm\basic.py", line 2574, in construct
    self._lazy_init(
  File "C:\Users\youne\Desktop\AutoMLapp\.venv\Lib\site-packages\lightgbm\basic.py", line 2189, in _lazy_init
    self.set_label(label)
  File "C:\Users\youne\Desktop\AutoMLapp\.venv\Lib\site-packages\lightgbm\basic.py", line 3096, in set_label
    label_array = _list_to_1d_numpy(data=label, dtype=np.float32, name="label")
                  ^^^^^^^^^^^^^^^^^^^^^^^^^^^^^^^^^^^^^^^^^^^^^^^^^^^^^^^^^^^^^
  File "C:\Users\youne\Desktop\AutoMLapp\.venv\Lib\site-packages\lightgbm\basic.py", line 365, in _list_to_1d_numpy
    _check_for_bad_pandas_dtypes(data.to_frame().dtypes)
  File "C:\Users\youne\Desktop\AutoMLapp\.venv\Lib\site-packages\lightgbm\basic.py", line 730, in _check_for_bad_pandas_dtypes
    raise ValueError(
ValueError: pandas dtypes must be int, float or bool.
Fields with bad pandas dtypes: variety: category


2026-08-25 18:02:30,353:INFO:Initializing create_model()
2026-08-25 18:02:30,353:INFO:create_model(self=<pycaret.regression.oop.RegressionExperiment object at 0x00000220CBD40450>, estimator=lightgbm, fold=KFold(n_splits=10, random_state=None, shuffle=False), round=4, cross_validation=True, predict=True, fit_kwargs={}, groups=None, refit=False, probability_threshold=None, experiment_custom_tags=None, verbose=False, system=False, add_to_model_list=True, metrics=None, display=<pycaret.internal.display.display.CommonDisplay object at 0x000002211C6F2C10>, model_only=True, return_train_score=False, error_score=0.0, kwargs={})
2026-08-25 18:02:30,353:INFO:Checking exceptions
2026-08-25 18:02:30,353:INFO:Importing libraries
2026-08-25 18:02:30,353:INFO:Copying training dataset
2026-08-25 18:02:30,358:INFO:Defining folds
2026-08-25 18:02:30,358:INFO:Declaring metric variables
2026-08-25 18:02:30,358:INFO:Importing untrained model
2026-08-25 18:02:30,359:INFO:Light Gradient Boosting Machine Imported successfully
2026-08-25 18:02:30,359:INFO:Starting cross validation
2026-08-25 18:02:30,360:INFO:Cross validating with KFold(n_splits=10, random_state=None, shuffle=False), n_jobs=-1
2026-08-25 18:02:30,457:ERROR:create_model() for lightgbm raised an exception or returned all 0.0:
2026-08-25 18:02:30,459:ERROR:Traceback (most recent call last):
  File "C:\Users\youne\Desktop\AutoMLapp\.venv\Lib\site-packages\pycaret\internal\pycaret_experiment\supervised_experiment.py", line 794, in compare_models
    model, model_fit_time = self._create_model(**create_model_args)
                            ^^^^^^^^^^^^^^^^^^^^^^^^^^^^^^^^^^^^^^^
  File "C:\Users\youne\Desktop\AutoMLapp\.venv\Lib\site-packages\pycaret\internal\pycaret_experiment\supervised_experiment.py", line 1533, in _create_model
    model, model_fit_time, model_results, _ = self._create_model_with_cv(
                                              ^^^^^^^^^^^^^^^^^^^^^^^^^^^
  File "C:\Users\youne\Desktop\AutoMLapp\.venv\Lib\site-packages\pycaret\internal\pycaret_experiment\supervised_experiment.py", line 1126, in _create_model_with_cv
    scores = cross_validate(
             ^^^^^^^^^^^^^^^
  File "C:\Users\youne\Desktop\AutoMLapp\.venv\Lib\site-packages\sklearn\utils\_param_validation.py", line 213, in wrapper
    return func(*args, **kwargs)
           ^^^^^^^^^^^^^^^^^^^^^
  File "C:\Users\youne\Desktop\AutoMLapp\.venv\Lib\site-packages\sklearn\model_selection\_validation.py", line 450, in cross_validate
    _warn_or_raise_about_fit_failures(results, error_score)
  File "C:\Users\youne\Desktop\AutoMLapp\.venv\Lib\site-packages\sklearn\model_selection\_validation.py", line 536, in _warn_or_raise_about_fit_failures
    raise ValueError(all_fits_failed_message)
ValueError: 
All the 10 fits failed.
It is very likely that your model is misconfigured.
You can try to debug the error by setting error_score='raise'.

Below are more details about the failures:
--------------------------------------------------------------------------------
10 fits failed with the following error:
Traceback (most recent call last):
  File "C:\Users\youne\Desktop\AutoMLapp\.venv\Lib\site-packages\sklearn\model_selection\_validation.py", line 895, in _fit_and_score
    estimator.fit(X_train, y_train, **fit_params)
  File "C:\Users\youne\Desktop\AutoMLapp\.venv\Lib\site-packages\pycaret\internal\pipeline.py", line 278, in fit
    fitted_estimator = self._memory_fit(
                       ^^^^^^^^^^^^^^^^^
  File "C:\Users\youne\Desktop\AutoMLapp\.venv\Lib\site-packages\joblib\memory.py", line 353, in __call__
    return self.func(*args, **kwargs)
           ^^^^^^^^^^^^^^^^^^^^^^^^^^
  File "C:\Users\youne\Desktop\AutoMLapp\.venv\Lib\site-packages\pycaret\internal\pipeline.py", line 69, in _fit_one
    transformer.fit(*args)
  File "C:\Users\youne\Desktop\AutoMLapp\.venv\Lib\site-packages\lightgbm\sklearn.py", line 1536, in fit
    super().fit(
  File "C:\Users\youne\Desktop\AutoMLapp\.venv\Lib\site-packages\lightgbm\sklearn.py", line 1171, in fit
    self._Booster = train(
                    ^^^^^^
  File "C:\Users\youne\Desktop\AutoMLapp\.venv\Lib\site-packages\lightgbm\engine.py", line 296, in train
    booster = Booster(params=params, train_set=train_set)
              ^^^^^^^^^^^^^^^^^^^^^^^^^^^^^^^^^^^^^^^^^^^
  File "C:\Users\youne\Desktop\AutoMLapp\.venv\Lib\site-packages\lightgbm\basic.py", line 3758, in __init__
    train_set.construct()
  File "C:\Users\youne\Desktop\AutoMLapp\.venv\Lib\site-packages\lightgbm\basic.py", line 2574, in construct
    self._lazy_init(
  File "C:\Users\youne\Desktop\AutoMLapp\.venv\Lib\site-packages\lightgbm\basic.py", line 2189, in _lazy_init
    self.set_label(label)
  File "C:\Users\youne\Desktop\AutoMLapp\.venv\Lib\site-packages\lightgbm\basic.py", line 3096, in set_label
    label_array = _list_to_1d_numpy(data=label, dtype=np.float32, name="label")
                  ^^^^^^^^^^^^^^^^^^^^^^^^^^^^^^^^^^^^^^^^^^^^^^^^^^^^^^^^^^^^^
  File "C:\Users\youne\Desktop\AutoMLapp\.venv\Lib\site-packages\lightgbm\basic.py", line 365, in _list_to_1d_numpy
    _check_for_bad_pandas_dtypes(data.to_frame().dtypes)
  File "C:\Users\youne\Desktop\AutoMLapp\.venv\Lib\site-packages\lightgbm\basic.py", line 730, in _check_for_bad_pandas_dtypes
    raise ValueError(
ValueError: pandas dtypes must be int, float or bool.
Fields with bad pandas dtypes: variety: category


During handling of the above exception, another exception occurred:

Traceback (most recent call last):
  File "C:\Users\youne\Desktop\AutoMLapp\.venv\Lib\site-packages\pycaret\internal\pycaret_experiment\supervised_experiment.py", line 815, in compare_models
    model, model_fit_time = self._create_model(**create_model_args)
                            ^^^^^^^^^^^^^^^^^^^^^^^^^^^^^^^^^^^^^^^
  File "C:\Users\youne\Desktop\AutoMLapp\.venv\Lib\site-packages\pycaret\internal\pycaret_experiment\supervised_experiment.py", line 1533, in _create_model
    model, model_fit_time, model_results, _ = self._create_model_with_cv(
                                              ^^^^^^^^^^^^^^^^^^^^^^^^^^^
  File "C:\Users\youne\Desktop\AutoMLapp\.venv\Lib\site-packages\pycaret\internal\pycaret_experiment\supervised_experiment.py", line 1126, in _create_model_with_cv
    scores = cross_validate(
             ^^^^^^^^^^^^^^^
  File "C:\Users\youne\Desktop\AutoMLapp\.venv\Lib\site-packages\sklearn\utils\_param_validation.py", line 213, in wrapper
    return func(*args, **kwargs)
           ^^^^^^^^^^^^^^^^^^^^^
  File "C:\Users\youne\Desktop\AutoMLapp\.venv\Lib\site-packages\sklearn\model_selection\_validation.py", line 450, in cross_validate
    _warn_or_raise_about_fit_failures(results, error_score)
  File "C:\Users\youne\Desktop\AutoMLapp\.venv\Lib\site-packages\sklearn\model_selection\_validation.py", line 536, in _warn_or_raise_about_fit_failures
    raise ValueError(all_fits_failed_message)
ValueError: 
All the 10 fits failed.
It is very likely that your model is misconfigured.
You can try to debug the error by setting error_score='raise'.

Below are more details about the failures:
--------------------------------------------------------------------------------
10 fits failed with the following error:
Traceback (most recent call last):
  File "C:\Users\youne\Desktop\AutoMLapp\.venv\Lib\site-packages\sklearn\model_selection\_validation.py", line 895, in _fit_and_score
    estimator.fit(X_train, y_train, **fit_params)
  File "C:\Users\youne\Desktop\AutoMLapp\.venv\Lib\site-packages\pycaret\internal\pipeline.py", line 278, in fit
    fitted_estimator = self._memory_fit(
                       ^^^^^^^^^^^^^^^^^
  File "C:\Users\youne\Desktop\AutoMLapp\.venv\Lib\site-packages\joblib\memory.py", line 353, in __call__
    return self.func(*args, **kwargs)
           ^^^^^^^^^^^^^^^^^^^^^^^^^^
  File "C:\Users\youne\Desktop\AutoMLapp\.venv\Lib\site-packages\pycaret\internal\pipeline.py", line 69, in _fit_one
    transformer.fit(*args)
  File "C:\Users\youne\Desktop\AutoMLapp\.venv\Lib\site-packages\lightgbm\sklearn.py", line 1536, in fit
    super().fit(
  File "C:\Users\youne\Desktop\AutoMLapp\.venv\Lib\site-packages\lightgbm\sklearn.py", line 1171, in fit
    self._Booster = train(
                    ^^^^^^
  File "C:\Users\youne\Desktop\AutoMLapp\.venv\Lib\site-packages\lightgbm\engine.py", line 296, in train
    booster = Booster(params=params, train_set=train_set)
              ^^^^^^^^^^^^^^^^^^^^^^^^^^^^^^^^^^^^^^^^^^^
  File "C:\Users\youne\Desktop\AutoMLapp\.venv\Lib\site-packages\lightgbm\basic.py", line 3758, in __init__
    train_set.construct()
  File "C:\Users\youne\Desktop\AutoMLapp\.venv\Lib\site-packages\lightgbm\basic.py", line 2574, in construct
    self._lazy_init(
  File "C:\Users\youne\Desktop\AutoMLapp\.venv\Lib\site-packages\lightgbm\basic.py", line 2189, in _lazy_init
    self.set_label(label)
  File "C:\Users\youne\Desktop\AutoMLapp\.venv\Lib\site-packages\lightgbm\basic.py", line 3096, in set_label
    label_array = _list_to_1d_numpy(data=label, dtype=np.float32, name="label")
                  ^^^^^^^^^^^^^^^^^^^^^^^^^^^^^^^^^^^^^^^^^^^^^^^^^^^^^^^^^^^^^
  File "C:\Users\youne\Desktop\AutoMLapp\.venv\Lib\site-packages\lightgbm\basic.py", line 365, in _list_to_1d_numpy
    _check_for_bad_pandas_dtypes(data.to_frame().dtypes)
  File "C:\Users\youne\Desktop\AutoMLapp\.venv\Lib\site-packages\lightgbm\basic.py", line 730, in _check_for_bad_pandas_dtypes
    raise ValueError(
ValueError: pandas dtypes must be int, float or bool.
Fields with bad pandas dtypes: variety: category


2026-08-25 18:02:30,460:INFO:Initializing Dummy Regressor
2026-08-25 18:02:30,460:INFO:Total runtime is 0.13841955661773683 minutes
2026-08-25 18:02:30,460:INFO:SubProcess create_model() called ==================================
2026-08-25 18:02:30,460:INFO:Initializing create_model()
2026-08-25 18:02:30,460:INFO:create_model(self=<pycaret.regression.oop.RegressionExperiment object at 0x00000220CBD40450>, estimator=dummy, fold=KFold(n_splits=10, random_state=None, shuffle=False), round=4, cross_validation=True, predict=True, fit_kwargs={}, groups=None, refit=False, probability_threshold=None, experiment_custom_tags=None, verbose=False, system=False, add_to_model_list=True, metrics=None, display=<pycaret.internal.display.display.CommonDisplay object at 0x000002211C6F2C10>, model_only=True, return_train_score=False, error_score=0.0, kwargs={})
2026-08-25 18:02:30,460:INFO:Checking exceptions
2026-08-25 18:02:30,460:INFO:Importing libraries
2026-08-25 18:02:30,460:INFO:Copying training dataset
2026-08-25 18:02:30,463:INFO:Defining folds
2026-08-25 18:02:30,463:INFO:Declaring metric variables
2026-08-25 18:02:30,463:INFO:Importing untrained model
2026-08-25 18:02:30,463:INFO:Dummy Regressor Imported successfully
2026-08-25 18:02:30,465:INFO:Starting cross validation
2026-08-25 18:02:30,465:INFO:Cross validating with KFold(n_splits=10, random_state=None, shuffle=False), n_jobs=-1
2026-08-25 18:02:30,518:WARNING:create_model() for dummy raised an exception or returned all 0.0, trying without fit_kwargs:
2026-08-25 18:02:30,519:WARNING:Traceback (most recent call last):
  File "C:\Users\youne\Desktop\AutoMLapp\.venv\Lib\site-packages\pycaret\internal\pycaret_experiment\supervised_experiment.py", line 794, in compare_models
    model, model_fit_time = self._create_model(**create_model_args)
                            ^^^^^^^^^^^^^^^^^^^^^^^^^^^^^^^^^^^^^^^
  File "C:\Users\youne\Desktop\AutoMLapp\.venv\Lib\site-packages\pycaret\internal\pycaret_experiment\supervised_experiment.py", line 1533, in _create_model
    model, model_fit_time, model_results, _ = self._create_model_with_cv(
                                              ^^^^^^^^^^^^^^^^^^^^^^^^^^^
  File "C:\Users\youne\Desktop\AutoMLapp\.venv\Lib\site-packages\pycaret\internal\pycaret_experiment\supervised_experiment.py", line 1126, in _create_model_with_cv
    scores = cross_validate(
             ^^^^^^^^^^^^^^^
  File "C:\Users\youne\Desktop\AutoMLapp\.venv\Lib\site-packages\sklearn\utils\_param_validation.py", line 213, in wrapper
    return func(*args, **kwargs)
           ^^^^^^^^^^^^^^^^^^^^^
  File "C:\Users\youne\Desktop\AutoMLapp\.venv\Lib\site-packages\sklearn\model_selection\_validation.py", line 450, in cross_validate
    _warn_or_raise_about_fit_failures(results, error_score)
  File "C:\Users\youne\Desktop\AutoMLapp\.venv\Lib\site-packages\sklearn\model_selection\_validation.py", line 536, in _warn_or_raise_about_fit_failures
    raise ValueError(all_fits_failed_message)
ValueError: 
All the 10 fits failed.
It is very likely that your model is misconfigured.
You can try to debug the error by setting error_score='raise'.

Below are more details about the failures:
--------------------------------------------------------------------------------
10 fits failed with the following error:
Traceback (most recent call last):
  File "C:\Users\youne\Desktop\AutoMLapp\.venv\Lib\site-packages\sklearn\model_selection\_validation.py", line 895, in _fit_and_score
    estimator.fit(X_train, y_train, **fit_params)
  File "C:\Users\youne\Desktop\AutoMLapp\.venv\Lib\site-packages\pycaret\internal\pipeline.py", line 278, in fit
    fitted_estimator = self._memory_fit(
                       ^^^^^^^^^^^^^^^^^
  File "C:\Users\youne\Desktop\AutoMLapp\.venv\Lib\site-packages\joblib\memory.py", line 353, in __call__
    return self.func(*args, **kwargs)
           ^^^^^^^^^^^^^^^^^^^^^^^^^^
  File "C:\Users\youne\Desktop\AutoMLapp\.venv\Lib\site-packages\pycaret\internal\pipeline.py", line 69, in _fit_one
    transformer.fit(*args)
  File "C:\Users\youne\Desktop\AutoMLapp\.venv\Lib\site-packages\sklearn\base.py", line 1474, in wrapper
    return fit_method(estimator, *args, **kwargs)
           ^^^^^^^^^^^^^^^^^^^^^^^^^^^^^^^^^^^^^^
  File "C:\Users\youne\Desktop\AutoMLapp\.venv\Lib\site-packages\sklearn\dummy.py", line 562, in fit
    self.constant_ = np.average(y, axis=0, weights=sample_weight)
                     ^^^^^^^^^^^^^^^^^^^^^^^^^^^^^^^^^^^^^^^^^^^^
  File "C:\Users\youne\Desktop\AutoMLapp\.venv\Lib\site-packages\numpy\lib\function_base.py", line 520, in average
    avg = a.mean(axis, **keepdims_kw)
          ^^^^^^^^^^^^^^^^^^^^^^^^^^^
  File "C:\Users\youne\Desktop\AutoMLapp\.venv\Lib\site-packages\numpy\core\_methods.py", line 121, in _mean
    ret = um.true_divide(
          ^^^^^^^^^^^^^^^
TypeError: unsupported operand type(s) for /: 'str' and 'int'


2026-08-25 18:02:30,519:INFO:Initializing create_model()
2026-08-25 18:02:30,519:INFO:create_model(self=<pycaret.regression.oop.RegressionExperiment object at 0x00000220CBD40450>, estimator=dummy, fold=KFold(n_splits=10, random_state=None, shuffle=False), round=4, cross_validation=True, predict=True, fit_kwargs={}, groups=None, refit=False, probability_threshold=None, experiment_custom_tags=None, verbose=False, system=False, add_to_model_list=True, metrics=None, display=<pycaret.internal.display.display.CommonDisplay object at 0x000002211C6F2C10>, model_only=True, return_train_score=False, error_score=0.0, kwargs={})
2026-08-25 18:02:30,520:INFO:Checking exceptions
2026-08-25 18:02:30,520:INFO:Importing libraries
2026-08-25 18:02:30,520:INFO:Copying training dataset
2026-08-25 18:02:30,524:INFO:Defining folds
2026-08-25 18:02:30,524:INFO:Declaring metric variables
2026-08-25 18:02:30,524:INFO:Importing untrained model
2026-08-25 18:02:30,524:INFO:Dummy Regressor Imported successfully
2026-08-25 18:02:30,525:INFO:Starting cross validation
2026-08-25 18:02:30,525:INFO:Cross validating with KFold(n_splits=10, random_state=None, shuffle=False), n_jobs=-1
2026-08-25 18:02:30,577:ERROR:create_model() for dummy raised an exception or returned all 0.0:
2026-08-25 18:02:30,579:ERROR:Traceback (most recent call last):
  File "C:\Users\youne\Desktop\AutoMLapp\.venv\Lib\site-packages\pycaret\internal\pycaret_experiment\supervised_experiment.py", line 794, in compare_models
    model, model_fit_time = self._create_model(**create_model_args)
                            ^^^^^^^^^^^^^^^^^^^^^^^^^^^^^^^^^^^^^^^
  File "C:\Users\youne\Desktop\AutoMLapp\.venv\Lib\site-packages\pycaret\internal\pycaret_experiment\supervised_experiment.py", line 1533, in _create_model
    model, model_fit_time, model_results, _ = self._create_model_with_cv(
                                              ^^^^^^^^^^^^^^^^^^^^^^^^^^^
  File "C:\Users\youne\Desktop\AutoMLapp\.venv\Lib\site-packages\pycaret\internal\pycaret_experiment\supervised_experiment.py", line 1126, in _create_model_with_cv
    scores = cross_validate(
             ^^^^^^^^^^^^^^^
  File "C:\Users\youne\Desktop\AutoMLapp\.venv\Lib\site-packages\sklearn\utils\_param_validation.py", line 213, in wrapper
    return func(*args, **kwargs)
           ^^^^^^^^^^^^^^^^^^^^^
  File "C:\Users\youne\Desktop\AutoMLapp\.venv\Lib\site-packages\sklearn\model_selection\_validation.py", line 450, in cross_validate
    _warn_or_raise_about_fit_failures(results, error_score)
  File "C:\Users\youne\Desktop\AutoMLapp\.venv\Lib\site-packages\sklearn\model_selection\_validation.py", line 536, in _warn_or_raise_about_fit_failures
    raise ValueError(all_fits_failed_message)
ValueError: 
All the 10 fits failed.
It is very likely that your model is misconfigured.
You can try to debug the error by setting error_score='raise'.

Below are more details about the failures:
--------------------------------------------------------------------------------
10 fits failed with the following error:
Traceback (most recent call last):
  File "C:\Users\youne\Desktop\AutoMLapp\.venv\Lib\site-packages\sklearn\model_selection\_validation.py", line 895, in _fit_and_score
    estimator.fit(X_train, y_train, **fit_params)
  File "C:\Users\youne\Desktop\AutoMLapp\.venv\Lib\site-packages\pycaret\internal\pipeline.py", line 278, in fit
    fitted_estimator = self._memory_fit(
                       ^^^^^^^^^^^^^^^^^
  File "C:\Users\youne\Desktop\AutoMLapp\.venv\Lib\site-packages\joblib\memory.py", line 353, in __call__
    return self.func(*args, **kwargs)
           ^^^^^^^^^^^^^^^^^^^^^^^^^^
  File "C:\Users\youne\Desktop\AutoMLapp\.venv\Lib\site-packages\pycaret\internal\pipeline.py", line 69, in _fit_one
    transformer.fit(*args)
  File "C:\Users\youne\Desktop\AutoMLapp\.venv\Lib\site-packages\sklearn\base.py", line 1474, in wrapper
    return fit_method(estimator, *args, **kwargs)
           ^^^^^^^^^^^^^^^^^^^^^^^^^^^^^^^^^^^^^^
  File "C:\Users\youne\Desktop\AutoMLapp\.venv\Lib\site-packages\sklearn\dummy.py", line 562, in fit
    self.constant_ = np.average(y, axis=0, weights=sample_weight)
                     ^^^^^^^^^^^^^^^^^^^^^^^^^^^^^^^^^^^^^^^^^^^^
  File "C:\Users\youne\Desktop\AutoMLapp\.venv\Lib\site-packages\numpy\lib\function_base.py", line 520, in average
    avg = a.mean(axis, **keepdims_kw)
          ^^^^^^^^^^^^^^^^^^^^^^^^^^^
  File "C:\Users\youne\Desktop\AutoMLapp\.venv\Lib\site-packages\numpy\core\_methods.py", line 121, in _mean
    ret = um.true_divide(
          ^^^^^^^^^^^^^^^
TypeError: unsupported operand type(s) for /: 'str' and 'int'


During handling of the above exception, another exception occurred:

Traceback (most recent call last):
  File "C:\Users\youne\Desktop\AutoMLapp\.venv\Lib\site-packages\pycaret\internal\pycaret_experiment\supervised_experiment.py", line 815, in compare_models
    model, model_fit_time = self._create_model(**create_model_args)
                            ^^^^^^^^^^^^^^^^^^^^^^^^^^^^^^^^^^^^^^^
  File "C:\Users\youne\Desktop\AutoMLapp\.venv\Lib\site-packages\pycaret\internal\pycaret_experiment\supervised_experiment.py", line 1533, in _create_model
    model, model_fit_time, model_results, _ = self._create_model_with_cv(
                                              ^^^^^^^^^^^^^^^^^^^^^^^^^^^
  File "C:\Users\youne\Desktop\AutoMLapp\.venv\Lib\site-packages\pycaret\internal\pycaret_experiment\supervised_experiment.py", line 1126, in _create_model_with_cv
    scores = cross_validate(
             ^^^^^^^^^^^^^^^
  File "C:\Users\youne\Desktop\AutoMLapp\.venv\Lib\site-packages\sklearn\utils\_param_validation.py", line 213, in wrapper
    return func(*args, **kwargs)
           ^^^^^^^^^^^^^^^^^^^^^
  File "C:\Users\youne\Desktop\AutoMLapp\.venv\Lib\site-packages\sklearn\model_selection\_validation.py", line 450, in cross_validate
    _warn_or_raise_about_fit_failures(results, error_score)
  File "C:\Users\youne\Desktop\AutoMLapp\.venv\Lib\site-packages\sklearn\model_selection\_validation.py", line 536, in _warn_or_raise_about_fit_failures
    raise ValueError(all_fits_failed_message)
ValueError: 
All the 10 fits failed.
It is very likely that your model is misconfigured.
You can try to debug the error by setting error_score='raise'.

Below are more details about the failures:
--------------------------------------------------------------------------------
10 fits failed with the following error:
Traceback (most recent call last):
  File "C:\Users\youne\Desktop\AutoMLapp\.venv\Lib\site-packages\sklearn\model_selection\_validation.py", line 895, in _fit_and_score
    estimator.fit(X_train, y_train, **fit_params)
  File "C:\Users\youne\Desktop\AutoMLapp\.venv\Lib\site-packages\pycaret\internal\pipeline.py", line 278, in fit
    fitted_estimator = self._memory_fit(
                       ^^^^^^^^^^^^^^^^^
  File "C:\Users\youne\Desktop\AutoMLapp\.venv\Lib\site-packages\joblib\memory.py", line 353, in __call__
    return self.func(*args, **kwargs)
           ^^^^^^^^^^^^^^^^^^^^^^^^^^
  File "C:\Users\youne\Desktop\AutoMLapp\.venv\Lib\site-packages\pycaret\internal\pipeline.py", line 69, in _fit_one
    transformer.fit(*args)
  File "C:\Users\youne\Desktop\AutoMLapp\.venv\Lib\site-packages\sklearn\base.py", line 1474, in wrapper
    return fit_method(estimator, *args, **kwargs)
           ^^^^^^^^^^^^^^^^^^^^^^^^^^^^^^^^^^^^^^
  File "C:\Users\youne\Desktop\AutoMLapp\.venv\Lib\site-packages\sklearn\dummy.py", line 562, in fit
    self.constant_ = np.average(y, axis=0, weights=sample_weight)
                     ^^^^^^^^^^^^^^^^^^^^^^^^^^^^^^^^^^^^^^^^^^^^
  File "C:\Users\youne\Desktop\AutoMLapp\.venv\Lib\site-packages\numpy\lib\function_base.py", line 520, in average
    avg = a.mean(axis, **keepdims_kw)
          ^^^^^^^^^^^^^^^^^^^^^^^^^^^
  File "C:\Users\youne\Desktop\AutoMLapp\.venv\Lib\site-packages\numpy\core\_methods.py", line 121, in _mean
    ret = um.true_divide(
          ^^^^^^^^^^^^^^^
TypeError: unsupported operand type(s) for /: 'str' and 'int'


2026-08-25 18:02:30,580:INFO:_master_model_container: 2
2026-08-25 18:02:30,580:INFO:_display_container: 2
2026-08-25 18:02:30,580:INFO:[]
2026-08-25 18:02:30,580:INFO:compare_models() successfully completed......................................
2026-08-25 18:02:30,584:INFO:Initializing save_model()
2026-08-25 18:02:30,585:INFO:save_model(model=[], model_name=best_model, prep_pipe_=Pipeline(memory=FastMemory(location=C:\Users\youne\AppData\Local\Temp\joblib),
         steps=[('numerical_imputer',
                 TransformerWrapper(include=['sepal.length', 'sepal.width',
                                             'petal.length', 'petal.width'],
                                    transformer=SimpleImputer())),
                ('categorical_imputer',
                 TransformerWrapper(include=[],
                                    transformer=SimpleImputer(strategy='most_frequent'))),
                ('clean_column_names',
                 TransformerWrapper(transformer=CleanColumnNames()))]), verbose=True, use_case=MLUsecase.REGRESSION, kwargs={})
2026-08-25 18:02:30,585:INFO:Adding model into prep_pipe
2026-08-25 18:02:30,588:INFO:best_model.pkl saved in current working directory
2026-08-25 18:02:30,590:INFO:Pipeline(memory=Memory(location=None),
         steps=[('numerical_imputer',
                 TransformerWrapper(include=['sepal.length', 'sepal.width',
                                             'petal.length', 'petal.width'],
                                    transformer=SimpleImputer())),
                ('categorical_imputer',
                 TransformerWrapper(include=[],
                                    transformer=SimpleImputer(strategy='most_frequent'))),
                ('clean_column_names',
                 TransformerWrapper(transformer=CleanColumnNames())),
                ('trained_model', [])])
2026-08-25 18:02:30,590:INFO:save_model() successfully completed......................................
2026-08-25 18:06:34,082:INFO:PyCaret RegressionExperiment
2026-08-25 18:06:34,082:INFO:Logging name: reg-default-name
2026-08-25 18:06:34,082:INFO:ML Usecase: MLUsecase.REGRESSION
2026-08-25 18:06:34,082:INFO:version 3.3.2
2026-08-25 18:06:34,082:INFO:Initializing setup()
2026-08-25 18:06:34,083:INFO:self.USI: 0fb5
2026-08-25 18:06:34,083:INFO:self._variable_keys: {'X_train', 'exp_name_log', 'gpu_param', 'gpu_n_jobs_param', 'transform_target_param', 'USI', 'exp_id', 'y_test', 'target_param', 'memory', 'X_test', 'data', 'logging_param', 'y', 'n_jobs_param', 'fold_groups_param', '_ml_usecase', 'pipeline', 'y_train', 'X', '_available_plots', 'log_plots_param', 'fold_generator', 'idx', 'seed', 'fold_shuffle_param', 'html_param'}
2026-08-25 18:06:34,083:INFO:Checking environment
2026-08-25 18:06:34,083:INFO:python_version: 3.11.4
2026-08-25 18:06:34,083:INFO:python_build: ('tags/v3.11.4:d2340ef', 'Jun  7 2023 05:45:37')
2026-08-25 18:06:34,083:INFO:machine: AMD64
2026-08-25 18:06:34,083:INFO:platform: Windows-10-10.0.26200-SP0
2026-08-25 18:06:34,083:INFO:Memory: svmem(total=16830971904, available=3266957312, percent=80.6, used=13564014592, free=3266957312)
2026-08-25 18:06:34,083:INFO:Physical Core: 14
2026-08-25 18:06:34,083:INFO:Logical Core: 20
2026-08-25 18:06:34,083:INFO:Checking libraries
2026-08-25 18:06:34,083:INFO:System:
2026-08-25 18:06:34,084:INFO:    python: 3.11.4 (tags/v3.11.4:d2340ef, Jun  7 2023, 05:45:37) [MSC v.1934 64 bit (AMD64)]
2026-08-25 18:06:34,084:INFO:executable: C:\Users\youne\Desktop\AutoMLapp\.venv\Scripts\python.exe
2026-08-25 18:06:34,084:INFO:   machine: Windows-10-10.0.26200-SP0
2026-08-25 18:06:34,084:INFO:PyCaret required dependencies:
2026-08-25 18:06:34,084:INFO:                 pip: 26.2.1
2026-08-25 18:06:34,084:INFO:          setuptools: 80.10.2
2026-08-25 18:06:34,084:INFO:             pycaret: 3.3.2
2026-08-25 18:06:34,084:INFO:             IPython: 9.16.1
2026-08-25 18:06:34,084:INFO:          ipywidgets: 8.1.9
2026-08-25 18:06:34,084:INFO:                tqdm: 4.70.0
2026-08-25 18:06:34,084:INFO:               numpy: 1.26.4
2026-08-25 18:06:34,084:INFO:              pandas: 2.1.4
2026-08-25 18:06:34,084:INFO:              jinja2: 3.1.6
2026-08-25 18:06:34,084:INFO:               scipy: 1.11.4
2026-08-25 18:06:34,084:INFO:              joblib: 1.3.2
2026-08-25 18:06:34,084:INFO:             sklearn: 1.4.2
2026-08-25 18:06:34,084:INFO:                pyod: 3.4.0
2026-08-25 18:06:34,084:INFO:            imblearn: 0.14.2
2026-08-25 18:06:34,084:INFO:   category_encoders: 2.7.0
2026-08-25 18:06:34,084:INFO:            lightgbm: 4.7.0
2026-08-25 18:06:34,084:INFO:               numba: 0.59.1
2026-08-25 18:06:34,084:INFO:            requests: 2.34.2
2026-08-25 18:06:34,085:INFO:          matplotlib: 3.7.5
2026-08-25 18:06:34,085:INFO:          scikitplot: 0.3.7
2026-08-25 18:06:34,085:INFO:         yellowbrick: 1.5
2026-08-25 18:06:34,085:INFO:              plotly: 5.24.1
2026-08-25 18:06:34,085:INFO:    plotly-resampler: Not installed
2026-08-25 18:06:34,085:INFO:             kaleido: 1.3.0
2026-08-25 18:06:34,085:INFO:           schemdraw: 0.15
2026-08-25 18:06:34,085:INFO:         statsmodels: 0.14.6
2026-08-25 18:06:34,085:INFO:              sktime: 0.26.0
2026-08-25 18:06:34,085:INFO:               tbats: 1.1.3
2026-08-25 18:06:34,085:INFO:            pmdarima: 2.0.4
2026-08-25 18:06:34,085:INFO:              psutil: 7.2.2
2026-08-25 18:06:34,085:INFO:          markupsafe: 3.0.3
2026-08-25 18:06:34,085:INFO:             pickle5: Not installed
2026-08-25 18:06:34,085:INFO:         cloudpickle: 3.1.2
2026-08-25 18:06:34,085:INFO:         deprecation: 2.1.0
2026-08-25 18:06:34,085:INFO:              xxhash: 4.0.1
2026-08-25 18:06:34,085:INFO:           wurlitzer: Not installed
2026-08-25 18:06:34,085:INFO:PyCaret optional dependencies:
2026-08-25 18:06:34,085:INFO:                shap: Not installed
2026-08-25 18:06:34,086:INFO:           interpret: Not installed
2026-08-25 18:06:34,086:INFO:                umap: Not installed
2026-08-25 18:06:34,086:INFO:     ydata_profiling: Not installed
2026-08-25 18:06:34,086:INFO:  explainerdashboard: Not installed
2026-08-25 18:06:34,086:INFO:             autoviz: Not installed
2026-08-25 18:06:34,086:INFO:           fairlearn: Not installed
2026-08-25 18:06:34,086:INFO:          deepchecks: Not installed
2026-08-25 18:06:34,086:INFO:             xgboost: Not installed
2026-08-25 18:06:34,086:INFO:            catboost: Not installed
2026-08-25 18:06:34,086:INFO:              kmodes: Not installed
2026-08-25 18:06:34,086:INFO:             mlxtend: Not installed
2026-08-25 18:06:34,086:INFO:       statsforecast: Not installed
2026-08-25 18:06:34,086:INFO:        tune_sklearn: Not installed
2026-08-25 18:06:34,086:INFO:                 ray: Not installed
2026-08-25 18:06:34,086:INFO:            hyperopt: Not installed
2026-08-25 18:06:34,086:INFO:              optuna: Not installed
2026-08-25 18:06:34,086:INFO:               skopt: Not installed
2026-08-25 18:06:34,086:INFO:              mlflow: Not installed
2026-08-25 18:06:34,086:INFO:              gradio: Not installed
2026-08-25 18:06:34,086:INFO:             fastapi: Not installed
2026-08-25 18:06:34,086:INFO:             uvicorn: Not installed
2026-08-25 18:06:34,086:INFO:              m2cgen: Not installed
2026-08-25 18:06:34,086:INFO:           evidently: Not installed
2026-08-25 18:06:34,086:INFO:               fugue: Not installed
2026-08-25 18:06:34,086:INFO:           streamlit: 1.25.0
2026-08-25 18:06:34,087:INFO:             prophet: Not installed
2026-08-25 18:06:34,087:INFO:None
2026-08-25 18:06:34,087:INFO:Set up data.
2026-08-25 18:06:34,092:INFO:Set up folding strategy.
2026-08-25 18:06:34,093:INFO:Set up train/test split.
2026-08-25 18:06:34,096:INFO:Set up index.
2026-08-25 18:06:34,097:INFO:Assigning column types.
2026-08-25 18:06:34,100:INFO:Engine successfully changes for model 'lr' to 'sklearn'.
2026-08-25 18:06:34,100:INFO:Engine for model 'lasso' has not been set explicitly, hence returning None.
2026-08-25 18:06:34,107:INFO:Engine for model 'ridge' has not been set explicitly, hence returning None.
2026-08-25 18:06:34,113:INFO:Engine for model 'en' has not been set explicitly, hence returning None.
2026-08-25 18:06:34,171:INFO:Engine for model 'svm' has not been set explicitly, hence returning None.
2026-08-25 18:06:34,210:INFO:Engine for model 'knn' has not been set explicitly, hence returning None.
2026-08-25 18:06:34,211:WARNING:
'xgboost' is a soft dependency and not included in the pycaret installation. Please run: `pip install xgboost` to install.
Alternately, you can install this by running `pip install pycaret[models]`
2026-08-25 18:06:34,211:WARNING:
'catboost' is a soft dependency and not included in the pycaret installation. Please run: `pip install catboost` to install.
Alternately, you can install this by running `pip install pycaret[models]`
2026-08-25 18:06:34,211:INFO:Engine for model 'lasso' has not been set explicitly, hence returning None.
2026-08-25 18:06:34,214:INFO:Engine for model 'ridge' has not been set explicitly, hence returning None.
2026-08-25 18:06:34,217:INFO:Engine for model 'en' has not been set explicitly, hence returning None.
2026-08-25 18:06:34,261:INFO:Engine for model 'svm' has not been set explicitly, hence returning None.
2026-08-25 18:06:34,289:INFO:Engine for model 'knn' has not been set explicitly, hence returning None.
2026-08-25 18:06:34,290:WARNING:
'xgboost' is a soft dependency and not included in the pycaret installation. Please run: `pip install xgboost` to install.
Alternately, you can install this by running `pip install pycaret[models]`
2026-08-25 18:06:34,290:WARNING:
'catboost' is a soft dependency and not included in the pycaret installation. Please run: `pip install catboost` to install.
Alternately, you can install this by running `pip install pycaret[models]`
2026-08-25 18:06:34,291:INFO:Engine successfully changes for model 'lasso' to 'sklearn'.
2026-08-25 18:06:34,294:INFO:Engine for model 'ridge' has not been set explicitly, hence returning None.
2026-08-25 18:06:34,297:INFO:Engine for model 'en' has not been set explicitly, hence returning None.
2026-08-25 18:06:34,363:INFO:Engine for model 'svm' has not been set explicitly, hence returning None.
2026-08-25 18:06:34,417:INFO:Engine for model 'knn' has not been set explicitly, hence returning None.
2026-08-25 18:06:34,418:WARNING:
'xgboost' is a soft dependency and not included in the pycaret installation. Please run: `pip install xgboost` to install.
Alternately, you can install this by running `pip install pycaret[models]`
2026-08-25 18:06:34,419:WARNING:
'catboost' is a soft dependency and not included in the pycaret installation. Please run: `pip install catboost` to install.
Alternately, you can install this by running `pip install pycaret[models]`
2026-08-25 18:06:34,423:INFO:Engine for model 'ridge' has not been set explicitly, hence returning None.
2026-08-25 18:06:34,425:INFO:Engine for model 'en' has not been set explicitly, hence returning None.
2026-08-25 18:06:34,458:INFO:Engine for model 'svm' has not been set explicitly, hence returning None.
2026-08-25 18:06:34,483:INFO:Engine for model 'knn' has not been set explicitly, hence returning None.
2026-08-25 18:06:34,484:WARNING:
'xgboost' is a soft dependency and not included in the pycaret installation. Please run: `pip install xgboost` to install.
Alternately, you can install this by running `pip install pycaret[models]`
2026-08-25 18:06:34,484:WARNING:
'catboost' is a soft dependency and not included in the pycaret installation. Please run: `pip install catboost` to install.
Alternately, you can install this by running `pip install pycaret[models]`
2026-08-25 18:06:34,484:INFO:Engine successfully changes for model 'ridge' to 'sklearn'.
2026-08-25 18:06:34,490:INFO:Engine for model 'en' has not been set explicitly, hence returning None.
2026-08-25 18:06:34,525:INFO:Engine for model 'svm' has not been set explicitly, hence returning None.
2026-08-25 18:06:34,549:INFO:Engine for model 'knn' has not been set explicitly, hence returning None.
2026-08-25 18:06:34,549:WARNING:
'xgboost' is a soft dependency and not included in the pycaret installation. Please run: `pip install xgboost` to install.
Alternately, you can install this by running `pip install pycaret[models]`
2026-08-25 18:06:34,549:WARNING:
'catboost' is a soft dependency and not included in the pycaret installation. Please run: `pip install catboost` to install.
Alternately, you can install this by running `pip install pycaret[models]`
2026-08-25 18:06:34,555:INFO:Engine for model 'en' has not been set explicitly, hence returning None.
2026-08-25 18:06:34,592:INFO:Engine for model 'svm' has not been set explicitly, hence returning None.
2026-08-25 18:06:34,616:INFO:Engine for model 'knn' has not been set explicitly, hence returning None.
2026-08-25 18:06:34,617:WARNING:
'xgboost' is a soft dependency and not included in the pycaret installation. Please run: `pip install xgboost` to install.
Alternately, you can install this by running `pip install pycaret[models]`
2026-08-25 18:06:34,617:WARNING:
'catboost' is a soft dependency and not included in the pycaret installation. Please run: `pip install catboost` to install.
Alternately, you can install this by running `pip install pycaret[models]`
2026-08-25 18:06:34,617:INFO:Engine successfully changes for model 'en' to 'sklearn'.
2026-08-25 18:06:34,665:INFO:Engine for model 'svm' has not been set explicitly, hence returning None.
2026-08-25 18:06:34,689:INFO:Engine for model 'knn' has not been set explicitly, hence returning None.
2026-08-25 18:06:34,690:WARNING:
'xgboost' is a soft dependency and not included in the pycaret installation. Please run: `pip install xgboost` to install.
Alternately, you can install this by running `pip install pycaret[models]`
2026-08-25 18:06:34,690:WARNING:
'catboost' is a soft dependency and not included in the pycaret installation. Please run: `pip install catboost` to install.
Alternately, you can install this by running `pip install pycaret[models]`
2026-08-25 18:06:34,727:INFO:Engine for model 'svm' has not been set explicitly, hence returning None.
2026-08-25 18:06:34,751:INFO:Engine for model 'knn' has not been set explicitly, hence returning None.
2026-08-25 18:06:34,751:WARNING:
'xgboost' is a soft dependency and not included in the pycaret installation. Please run: `pip install xgboost` to install.
Alternately, you can install this by running `pip install pycaret[models]`
2026-08-25 18:06:34,751:WARNING:
'catboost' is a soft dependency and not included in the pycaret installation. Please run: `pip install catboost` to install.
Alternately, you can install this by running `pip install pycaret[models]`
2026-08-25 18:06:34,752:INFO:Engine successfully changes for model 'knn' to 'sklearn'.
2026-08-25 18:06:34,793:INFO:Engine for model 'svm' has not been set explicitly, hence returning None.
2026-08-25 18:06:34,817:WARNING:
'xgboost' is a soft dependency and not included in the pycaret installation. Please run: `pip install xgboost` to install.
Alternately, you can install this by running `pip install pycaret[models]`
2026-08-25 18:06:34,817:WARNING:
'catboost' is a soft dependency and not included in the pycaret installation. Please run: `pip install catboost` to install.
Alternately, you can install this by running `pip install pycaret[models]`
2026-08-25 18:06:34,861:INFO:Engine for model 'svm' has not been set explicitly, hence returning None.
2026-08-25 18:06:34,892:WARNING:
'xgboost' is a soft dependency and not included in the pycaret installation. Please run: `pip install xgboost` to install.
Alternately, you can install this by running `pip install pycaret[models]`
2026-08-25 18:06:34,892:WARNING:
'catboost' is a soft dependency and not included in the pycaret installation. Please run: `pip install catboost` to install.
Alternately, you can install this by running `pip install pycaret[models]`
2026-08-25 18:06:34,892:INFO:Engine successfully changes for model 'svm' to 'sklearn'.
2026-08-25 18:06:35,019:WARNING:
'xgboost' is a soft dependency and not included in the pycaret installation. Please run: `pip install xgboost` to install.
Alternately, you can install this by running `pip install pycaret[models]`
2026-08-25 18:06:35,020:WARNING:
'catboost' is a soft dependency and not included in the pycaret installation. Please run: `pip install catboost` to install.
Alternately, you can install this by running `pip install pycaret[models]`
2026-08-25 18:06:35,113:WARNING:
'xgboost' is a soft dependency and not included in the pycaret installation. Please run: `pip install xgboost` to install.
Alternately, you can install this by running `pip install pycaret[models]`
2026-08-25 18:06:35,114:WARNING:
'catboost' is a soft dependency and not included in the pycaret installation. Please run: `pip install catboost` to install.
Alternately, you can install this by running `pip install pycaret[models]`
2026-08-25 18:06:35,115:INFO:Preparing preprocessing pipeline...
2026-08-25 18:06:35,115:INFO:Set up simple imputation.
2026-08-25 18:06:35,125:INFO:Set up encoding of categorical features.
2026-08-25 18:06:35,125:INFO:Set up column name cleaning.
2026-08-25 18:06:35,165:INFO:Finished creating preprocessing pipeline.
2026-08-25 18:06:35,169:INFO:Pipeline: Pipeline(memory=FastMemory(location=C:\Users\youne\AppData\Local\Temp\joblib),
         steps=[('numerical_imputer',
                 TransformerWrapper(include=['sepal.width', 'petal.length',
                                             'petal.width'],
                                    transformer=SimpleImputer())),
                ('categorical_imputer',
                 TransformerWrapper(include=['variety'],
                                    transformer=SimpleImputer(strategy='most_frequent'))),
                ('onehot_encoding',
                 TransformerWrapper(include=['variety'],
                                    transformer=OneHotEncoder(cols=['variety'],
                                                              handle_missing='return_nan',
                                                              use_cat_names=True))),
                ('clean_column_names',
                 TransformerWrapper(transformer=CleanColumnNames()))])
2026-08-25 18:06:35,169:INFO:Creating final display dataframe.
2026-08-25 18:06:35,273:INFO:Setup _display_container:                     Description             Value
0                    Session id                42
1                        Target      sepal.length
2                   Target type        Regression
3           Original data shape          (150, 5)
4        Transformed data shape          (150, 7)
5   Transformed train set shape          (105, 7)
6    Transformed test set shape           (45, 7)
7              Numeric features                 3
8          Categorical features                 1
9                    Preprocess              True
10              Imputation type            simple
11           Numeric imputation              mean
12       Categorical imputation              mode
13     Maximum one-hot encoding                25
14              Encoding method              None
15               Fold Generator             KFold
16                  Fold Number                10
17                     CPU Jobs                -1
18                      Use GPU             False
19               Log Experiment             False
20              Experiment Name  reg-default-name
21                          USI              0fb5
2026-08-25 18:06:35,379:WARNING:
'xgboost' is a soft dependency and not included in the pycaret installation. Please run: `pip install xgboost` to install.
Alternately, you can install this by running `pip install pycaret[models]`
2026-08-25 18:06:35,381:WARNING:
'catboost' is a soft dependency and not included in the pycaret installation. Please run: `pip install catboost` to install.
Alternately, you can install this by running `pip install pycaret[models]`
2026-08-25 18:06:35,468:WARNING:
'xgboost' is a soft dependency and not included in the pycaret installation. Please run: `pip install xgboost` to install.
Alternately, you can install this by running `pip install pycaret[models]`
2026-08-25 18:06:35,469:WARNING:
'catboost' is a soft dependency and not included in the pycaret installation. Please run: `pip install catboost` to install.
Alternately, you can install this by running `pip install pycaret[models]`
2026-08-25 18:06:35,469:INFO:setup() successfully completed in 1.39s...............
2026-08-25 18:06:35,469:INFO:Initializing compare_models()
2026-08-25 18:06:35,469:INFO:compare_models(self=<pycaret.regression.oop.RegressionExperiment object at 0x000002208AA20A10>, include=None, exclude=None, fold=None, round=4, cross_validation=True, sort=R2, n_select=1, budget_time=None, turbo=True, errors=ignore, fit_kwargs=None, groups=None, experiment_custom_tags=None, probability_threshold=None, verbose=True, parallel=None, caller_params={'self': <pycaret.regression.oop.RegressionExperiment object at 0x000002208AA20A10>, 'include': None, 'exclude': None, 'fold': None, 'round': 4, 'cross_validation': True, 'sort': 'R2', 'n_select': 1, 'budget_time': None, 'turbo': True, 'errors': 'ignore', 'fit_kwargs': None, 'groups': None, 'experiment_custom_tags': None, 'engine': None, 'verbose': True, 'parallel': None, '__class__': <class 'pycaret.regression.oop.RegressionExperiment'>})
2026-08-25 18:06:35,469:INFO:Checking exceptions
2026-08-25 18:06:35,470:INFO:Preparing display monitor
2026-08-25 18:06:35,472:INFO:Initializing Linear Regression
2026-08-25 18:06:35,472:INFO:Total runtime is 0.0 minutes
2026-08-25 18:06:35,472:INFO:SubProcess create_model() called ==================================
2026-08-25 18:06:35,472:INFO:Initializing create_model()
2026-08-25 18:06:35,472:INFO:create_model(self=<pycaret.regression.oop.RegressionExperiment object at 0x000002208AA20A10>, estimator=lr, fold=KFold(n_splits=10, random_state=None, shuffle=False), round=4, cross_validation=True, predict=True, fit_kwargs={}, groups=None, refit=False, probability_threshold=None, experiment_custom_tags=None, verbose=False, system=False, add_to_model_list=True, metrics=None, display=<pycaret.internal.display.display.CommonDisplay object at 0x00000221295F5B10>, model_only=True, return_train_score=False, error_score=0.0, kwargs={})
2026-08-25 18:06:35,472:INFO:Checking exceptions
2026-08-25 18:06:35,472:INFO:Importing libraries
2026-08-25 18:06:35,472:INFO:Copying training dataset
2026-08-25 18:06:35,474:INFO:Defining folds
2026-08-25 18:06:35,474:INFO:Declaring metric variables
2026-08-25 18:06:35,474:INFO:Importing untrained model
2026-08-25 18:06:35,474:INFO:Linear Regression Imported successfully
2026-08-25 18:06:35,475:INFO:Starting cross validation
2026-08-25 18:06:35,475:INFO:Cross validating with KFold(n_splits=10, random_state=None, shuffle=False), n_jobs=-1
2026-08-25 18:06:35,574:INFO:Calculating mean and std
2026-08-25 18:06:35,574:INFO:Creating metrics dataframe
2026-08-25 18:06:35,576:INFO:Uploading results into container
2026-08-25 18:06:35,576:INFO:Uploading model into container now
2026-08-25 18:06:35,577:INFO:_master_model_container: 1
2026-08-25 18:06:35,577:INFO:_display_container: 2
2026-08-25 18:06:35,577:INFO:LinearRegression(n_jobs=-1)
2026-08-25 18:06:35,577:INFO:create_model() successfully completed......................................
2026-08-25 18:06:35,713:INFO:SubProcess create_model() end ==================================
2026-08-25 18:06:35,713:INFO:Creating metrics dataframe
2026-08-25 18:06:35,716:INFO:Initializing Lasso Regression
2026-08-25 18:06:35,716:INFO:Total runtime is 0.004069213072458903 minutes
2026-08-25 18:06:35,716:INFO:SubProcess create_model() called ==================================
2026-08-25 18:06:35,718:INFO:Initializing create_model()
2026-08-25 18:06:35,718:INFO:create_model(self=<pycaret.regression.oop.RegressionExperiment object at 0x000002208AA20A10>, estimator=lasso, fold=KFold(n_splits=10, random_state=None, shuffle=False), round=4, cross_validation=True, predict=True, fit_kwargs={}, groups=None, refit=False, probability_threshold=None, experiment_custom_tags=None, verbose=False, system=False, add_to_model_list=True, metrics=None, display=<pycaret.internal.display.display.CommonDisplay object at 0x00000221295F5B10>, model_only=True, return_train_score=False, error_score=0.0, kwargs={})
2026-08-25 18:06:35,718:INFO:Checking exceptions
2026-08-25 18:06:35,718:INFO:Importing libraries
2026-08-25 18:06:35,718:INFO:Copying training dataset
2026-08-25 18:06:35,720:INFO:Defining folds
2026-08-25 18:06:35,720:INFO:Declaring metric variables
2026-08-25 18:06:35,720:INFO:Importing untrained model
2026-08-25 18:06:35,720:INFO:Lasso Regression Imported successfully
2026-08-25 18:06:35,720:INFO:Starting cross validation
2026-08-25 18:06:35,721:INFO:Cross validating with KFold(n_splits=10, random_state=None, shuffle=False), n_jobs=-1
2026-08-25 18:06:35,816:INFO:Calculating mean and std
2026-08-25 18:06:35,816:INFO:Creating metrics dataframe
2026-08-25 18:06:35,818:INFO:Uploading results into container
2026-08-25 18:06:35,819:INFO:Uploading model into container now
2026-08-25 18:06:35,819:INFO:_master_model_container: 2
2026-08-25 18:06:35,819:INFO:_display_container: 2
2026-08-25 18:06:35,819:INFO:Lasso(random_state=42)
2026-08-25 18:06:35,819:INFO:create_model() successfully completed......................................
2026-08-25 18:06:35,953:INFO:SubProcess create_model() end ==================================
2026-08-25 18:06:35,953:INFO:Creating metrics dataframe
2026-08-25 18:06:35,955:INFO:Initializing Ridge Regression
2026-08-25 18:06:35,955:INFO:Total runtime is 0.00805131196975708 minutes
2026-08-25 18:06:35,955:INFO:SubProcess create_model() called ==================================
2026-08-25 18:06:35,955:INFO:Initializing create_model()
2026-08-25 18:06:35,955:INFO:create_model(self=<pycaret.regression.oop.RegressionExperiment object at 0x000002208AA20A10>, estimator=ridge, fold=KFold(n_splits=10, random_state=None, shuffle=False), round=4, cross_validation=True, predict=True, fit_kwargs={}, groups=None, refit=False, probability_threshold=None, experiment_custom_tags=None, verbose=False, system=False, add_to_model_list=True, metrics=None, display=<pycaret.internal.display.display.CommonDisplay object at 0x00000221295F5B10>, model_only=True, return_train_score=False, error_score=0.0, kwargs={})
2026-08-25 18:06:35,955:INFO:Checking exceptions
2026-08-25 18:06:35,957:INFO:Importing libraries
2026-08-25 18:06:35,957:INFO:Copying training dataset
2026-08-25 18:06:35,957:INFO:Defining folds
2026-08-25 18:06:35,957:INFO:Declaring metric variables
2026-08-25 18:06:35,957:INFO:Importing untrained model
2026-08-25 18:06:35,958:INFO:Ridge Regression Imported successfully
2026-08-25 18:06:35,958:INFO:Starting cross validation
2026-08-25 18:06:35,958:INFO:Cross validating with KFold(n_splits=10, random_state=None, shuffle=False), n_jobs=-1
2026-08-25 18:06:36,042:INFO:Calculating mean and std
2026-08-25 18:06:36,042:INFO:Creating metrics dataframe
2026-08-25 18:06:36,045:INFO:Uploading results into container
2026-08-25 18:06:36,045:INFO:Uploading model into container now
2026-08-25 18:06:36,046:INFO:_master_model_container: 3
2026-08-25 18:06:36,046:INFO:_display_container: 2
2026-08-25 18:06:36,046:INFO:Ridge(random_state=42)
2026-08-25 18:06:36,046:INFO:create_model() successfully completed......................................
2026-08-25 18:06:36,180:INFO:SubProcess create_model() end ==================================
2026-08-25 18:06:36,181:INFO:Creating metrics dataframe
2026-08-25 18:06:36,183:INFO:Initializing Elastic Net
2026-08-25 18:06:36,183:INFO:Total runtime is 0.011836504936218262 minutes
2026-08-25 18:06:36,184:INFO:SubProcess create_model() called ==================================
2026-08-25 18:06:36,184:INFO:Initializing create_model()
2026-08-25 18:06:36,185:INFO:create_model(self=<pycaret.regression.oop.RegressionExperiment object at 0x000002208AA20A10>, estimator=en, fold=KFold(n_splits=10, random_state=None, shuffle=False), round=4, cross_validation=True, predict=True, fit_kwargs={}, groups=None, refit=False, probability_threshold=None, experiment_custom_tags=None, verbose=False, system=False, add_to_model_list=True, metrics=None, display=<pycaret.internal.display.display.CommonDisplay object at 0x00000221295F5B10>, model_only=True, return_train_score=False, error_score=0.0, kwargs={})
2026-08-25 18:06:36,185:INFO:Checking exceptions
2026-08-25 18:06:36,185:INFO:Importing libraries
2026-08-25 18:06:36,185:INFO:Copying training dataset
2026-08-25 18:06:36,187:INFO:Defining folds
2026-08-25 18:06:36,188:INFO:Declaring metric variables
2026-08-25 18:06:36,188:INFO:Importing untrained model
2026-08-25 18:06:36,188:INFO:Elastic Net Imported successfully
2026-08-25 18:06:36,188:INFO:Starting cross validation
2026-08-25 18:06:36,189:INFO:Cross validating with KFold(n_splits=10, random_state=None, shuffle=False), n_jobs=-1
2026-08-25 18:06:36,282:INFO:Calculating mean and std
2026-08-25 18:06:36,283:INFO:Creating metrics dataframe
2026-08-25 18:06:36,285:INFO:Uploading results into container
2026-08-25 18:06:36,286:INFO:Uploading model into container now
2026-08-25 18:06:36,286:INFO:_master_model_container: 4
2026-08-25 18:06:36,286:INFO:_display_container: 2
2026-08-25 18:06:36,287:INFO:ElasticNet(random_state=42)
2026-08-25 18:06:36,287:INFO:create_model() successfully completed......................................
2026-08-25 18:06:36,419:INFO:SubProcess create_model() end ==================================
2026-08-25 18:06:36,419:INFO:Creating metrics dataframe
2026-08-25 18:06:36,421:INFO:Initializing Least Angle Regression
2026-08-25 18:06:36,421:INFO:Total runtime is 0.015808228651682535 minutes
2026-08-25 18:06:36,421:INFO:SubProcess create_model() called ==================================
2026-08-25 18:06:36,421:INFO:Initializing create_model()
2026-08-25 18:06:36,421:INFO:create_model(self=<pycaret.regression.oop.RegressionExperiment object at 0x000002208AA20A10>, estimator=lar, fold=KFold(n_splits=10, random_state=None, shuffle=False), round=4, cross_validation=True, predict=True, fit_kwargs={}, groups=None, refit=False, probability_threshold=None, experiment_custom_tags=None, verbose=False, system=False, add_to_model_list=True, metrics=None, display=<pycaret.internal.display.display.CommonDisplay object at 0x00000221295F5B10>, model_only=True, return_train_score=False, error_score=0.0, kwargs={})
2026-08-25 18:06:36,421:INFO:Checking exceptions
2026-08-25 18:06:36,421:INFO:Importing libraries
2026-08-25 18:06:36,421:INFO:Copying training dataset
2026-08-25 18:06:36,423:INFO:Defining folds
2026-08-25 18:06:36,423:INFO:Declaring metric variables
2026-08-25 18:06:36,423:INFO:Importing untrained model
2026-08-25 18:06:36,423:INFO:Least Angle Regression Imported successfully
2026-08-25 18:06:36,423:INFO:Starting cross validation
2026-08-25 18:06:36,424:INFO:Cross validating with KFold(n_splits=10, random_state=None, shuffle=False), n_jobs=-1
2026-08-25 18:06:36,517:INFO:Calculating mean and std
2026-08-25 18:06:36,517:INFO:Creating metrics dataframe
2026-08-25 18:06:36,520:INFO:Uploading results into container
2026-08-25 18:06:36,520:INFO:Uploading model into container now
2026-08-25 18:06:36,521:INFO:_master_model_container: 5
2026-08-25 18:06:36,521:INFO:_display_container: 2
2026-08-25 18:06:36,521:INFO:Lars(random_state=42)
2026-08-25 18:06:36,521:INFO:create_model() successfully completed......................................
2026-08-25 18:06:36,653:INFO:SubProcess create_model() end ==================================
2026-08-25 18:06:36,653:INFO:Creating metrics dataframe
2026-08-25 18:06:36,655:INFO:Initializing Lasso Least Angle Regression
2026-08-25 18:06:36,655:INFO:Total runtime is 0.019718496004740398 minutes
2026-08-25 18:06:36,655:INFO:SubProcess create_model() called ==================================
2026-08-25 18:06:36,655:INFO:Initializing create_model()
2026-08-25 18:06:36,656:INFO:create_model(self=<pycaret.regression.oop.RegressionExperiment object at 0x000002208AA20A10>, estimator=llar, fold=KFold(n_splits=10, random_state=None, shuffle=False), round=4, cross_validation=True, predict=True, fit_kwargs={}, groups=None, refit=False, probability_threshold=None, experiment_custom_tags=None, verbose=False, system=False, add_to_model_list=True, metrics=None, display=<pycaret.internal.display.display.CommonDisplay object at 0x00000221295F5B10>, model_only=True, return_train_score=False, error_score=0.0, kwargs={})
2026-08-25 18:06:36,656:INFO:Checking exceptions
2026-08-25 18:06:36,656:INFO:Importing libraries
2026-08-25 18:06:36,656:INFO:Copying training dataset
2026-08-25 18:06:36,657:INFO:Defining folds
2026-08-25 18:06:36,658:INFO:Declaring metric variables
2026-08-25 18:06:36,658:INFO:Importing untrained model
2026-08-25 18:06:36,658:INFO:Lasso Least Angle Regression Imported successfully
2026-08-25 18:06:36,658:INFO:Starting cross validation
2026-08-25 18:06:36,659:INFO:Cross validating with KFold(n_splits=10, random_state=None, shuffle=False), n_jobs=-1
2026-08-25 18:06:36,752:INFO:Calculating mean and std
2026-08-25 18:06:36,753:INFO:Creating metrics dataframe
2026-08-25 18:06:36,754:INFO:Uploading results into container
2026-08-25 18:06:36,754:INFO:Uploading model into container now
2026-08-25 18:06:36,755:INFO:_master_model_container: 6
2026-08-25 18:06:36,755:INFO:_display_container: 2
2026-08-25 18:06:36,755:INFO:LassoLars(random_state=42)
2026-08-25 18:06:36,755:INFO:create_model() successfully completed......................................
2026-08-25 18:06:36,889:INFO:SubProcess create_model() end ==================================
2026-08-25 18:06:36,889:INFO:Creating metrics dataframe
2026-08-25 18:06:36,891:INFO:Initializing Orthogonal Matching Pursuit
2026-08-25 18:06:36,891:INFO:Total runtime is 0.02364956537882487 minutes
2026-08-25 18:06:36,892:INFO:SubProcess create_model() called ==================================
2026-08-25 18:06:36,892:INFO:Initializing create_model()
2026-08-25 18:06:36,892:INFO:create_model(self=<pycaret.regression.oop.RegressionExperiment object at 0x000002208AA20A10>, estimator=omp, fold=KFold(n_splits=10, random_state=None, shuffle=False), round=4, cross_validation=True, predict=True, fit_kwargs={}, groups=None, refit=False, probability_threshold=None, experiment_custom_tags=None, verbose=False, system=False, add_to_model_list=True, metrics=None, display=<pycaret.internal.display.display.CommonDisplay object at 0x00000221295F5B10>, model_only=True, return_train_score=False, error_score=0.0, kwargs={})
2026-08-25 18:06:36,892:INFO:Checking exceptions
2026-08-25 18:06:36,892:INFO:Importing libraries
2026-08-25 18:06:36,892:INFO:Copying training dataset
2026-08-25 18:06:36,897:INFO:Defining folds
2026-08-25 18:06:36,897:INFO:Declaring metric variables
2026-08-25 18:06:36,897:INFO:Importing untrained model
2026-08-25 18:06:36,897:INFO:Orthogonal Matching Pursuit Imported successfully
2026-08-25 18:06:36,897:INFO:Starting cross validation
2026-08-25 18:06:36,898:INFO:Cross validating with KFold(n_splits=10, random_state=None, shuffle=False), n_jobs=-1
2026-08-25 18:06:37,010:INFO:Calculating mean and std
2026-08-25 18:06:37,011:INFO:Creating metrics dataframe
2026-08-25 18:06:37,013:INFO:Uploading results into container
2026-08-25 18:06:37,013:INFO:Uploading model into container now
2026-08-25 18:06:37,014:INFO:_master_model_container: 7
2026-08-25 18:06:37,014:INFO:_display_container: 2
2026-08-25 18:06:37,014:INFO:OrthogonalMatchingPursuit()
2026-08-25 18:06:37,014:INFO:create_model() successfully completed......................................
2026-08-25 18:06:37,146:INFO:SubProcess create_model() end ==================================
2026-08-25 18:06:37,146:INFO:Creating metrics dataframe
2026-08-25 18:06:37,149:INFO:Initializing Bayesian Ridge
2026-08-25 18:06:37,149:INFO:Total runtime is 0.027943209807078047 minutes
2026-08-25 18:06:37,149:INFO:SubProcess create_model() called ==================================
2026-08-25 18:06:37,150:INFO:Initializing create_model()
2026-08-25 18:06:37,150:INFO:create_model(self=<pycaret.regression.oop.RegressionExperiment object at 0x000002208AA20A10>, estimator=br, fold=KFold(n_splits=10, random_state=None, shuffle=False), round=4, cross_validation=True, predict=True, fit_kwargs={}, groups=None, refit=False, probability_threshold=None, experiment_custom_tags=None, verbose=False, system=False, add_to_model_list=True, metrics=None, display=<pycaret.internal.display.display.CommonDisplay object at 0x00000221295F5B10>, model_only=True, return_train_score=False, error_score=0.0, kwargs={})
2026-08-25 18:06:37,150:INFO:Checking exceptions
2026-08-25 18:06:37,150:INFO:Importing libraries
2026-08-25 18:06:37,150:INFO:Copying training dataset
2026-08-25 18:06:37,153:INFO:Defining folds
2026-08-25 18:06:37,153:INFO:Declaring metric variables
2026-08-25 18:06:37,153:INFO:Importing untrained model
2026-08-25 18:06:37,153:INFO:Bayesian Ridge Imported successfully
2026-08-25 18:06:37,153:INFO:Starting cross validation
2026-08-25 18:06:37,154:INFO:Cross validating with KFold(n_splits=10, random_state=None, shuffle=False), n_jobs=-1
2026-08-25 18:06:37,251:INFO:Calculating mean and std
2026-08-25 18:06:37,251:INFO:Creating metrics dataframe
2026-08-25 18:06:37,253:INFO:Uploading results into container
2026-08-25 18:06:37,254:INFO:Uploading model into container now
2026-08-25 18:06:37,254:INFO:_master_model_container: 8
2026-08-25 18:06:37,254:INFO:_display_container: 2
2026-08-25 18:06:37,254:INFO:BayesianRidge()
2026-08-25 18:06:37,254:INFO:create_model() successfully completed......................................
2026-08-25 18:06:37,388:INFO:SubProcess create_model() end ==================================
2026-08-25 18:06:37,388:INFO:Creating metrics dataframe
2026-08-25 18:06:37,391:INFO:Initializing Passive Aggressive Regressor
2026-08-25 18:06:37,391:INFO:Total runtime is 0.03197841246922811 minutes
2026-08-25 18:06:37,391:INFO:SubProcess create_model() called ==================================
2026-08-25 18:06:37,391:INFO:Initializing create_model()
2026-08-25 18:06:37,391:INFO:create_model(self=<pycaret.regression.oop.RegressionExperiment object at 0x000002208AA20A10>, estimator=par, fold=KFold(n_splits=10, random_state=None, shuffle=False), round=4, cross_validation=True, predict=True, fit_kwargs={}, groups=None, refit=False, probability_threshold=None, experiment_custom_tags=None, verbose=False, system=False, add_to_model_list=True, metrics=None, display=<pycaret.internal.display.display.CommonDisplay object at 0x00000221295F5B10>, model_only=True, return_train_score=False, error_score=0.0, kwargs={})
2026-08-25 18:06:37,391:INFO:Checking exceptions
2026-08-25 18:06:37,391:INFO:Importing libraries
2026-08-25 18:06:37,391:INFO:Copying training dataset
2026-08-25 18:06:37,393:INFO:Defining folds
2026-08-25 18:06:37,393:INFO:Declaring metric variables
2026-08-25 18:06:37,393:INFO:Importing untrained model
2026-08-25 18:06:37,394:INFO:Passive Aggressive Regressor Imported successfully
2026-08-25 18:06:37,394:INFO:Starting cross validation
2026-08-25 18:06:37,394:INFO:Cross validating with KFold(n_splits=10, random_state=None, shuffle=False), n_jobs=-1
2026-08-25 18:06:37,487:INFO:Calculating mean and std
2026-08-25 18:06:37,488:INFO:Creating metrics dataframe
2026-08-25 18:06:37,490:INFO:Uploading results into container
2026-08-25 18:06:37,490:INFO:Uploading model into container now
2026-08-25 18:06:37,490:INFO:_master_model_container: 9
2026-08-25 18:06:37,490:INFO:_display_container: 2
2026-08-25 18:06:37,491:INFO:PassiveAggressiveRegressor(random_state=42)
2026-08-25 18:06:37,491:INFO:create_model() successfully completed......................................
2026-08-25 18:06:37,630:INFO:SubProcess create_model() end ==================================
2026-08-25 18:06:37,630:INFO:Creating metrics dataframe
2026-08-25 18:06:37,632:INFO:Initializing Huber Regressor
2026-08-25 18:06:37,632:INFO:Total runtime is 0.036000613371531175 minutes
2026-08-25 18:06:37,632:INFO:SubProcess create_model() called ==================================
2026-08-25 18:06:37,632:INFO:Initializing create_model()
2026-08-25 18:06:37,632:INFO:create_model(self=<pycaret.regression.oop.RegressionExperiment object at 0x000002208AA20A10>, estimator=huber, fold=KFold(n_splits=10, random_state=None, shuffle=False), round=4, cross_validation=True, predict=True, fit_kwargs={}, groups=None, refit=False, probability_threshold=None, experiment_custom_tags=None, verbose=False, system=False, add_to_model_list=True, metrics=None, display=<pycaret.internal.display.display.CommonDisplay object at 0x00000221295F5B10>, model_only=True, return_train_score=False, error_score=0.0, kwargs={})
2026-08-25 18:06:37,632:INFO:Checking exceptions
2026-08-25 18:06:37,633:INFO:Importing libraries
2026-08-25 18:06:37,633:INFO:Copying training dataset
2026-08-25 18:06:37,636:INFO:Defining folds
2026-08-25 18:06:37,636:INFO:Declaring metric variables
2026-08-25 18:06:37,636:INFO:Importing untrained model
2026-08-25 18:06:37,637:INFO:Huber Regressor Imported successfully
2026-08-25 18:06:37,637:INFO:Starting cross validation
2026-08-25 18:06:37,637:INFO:Cross validating with KFold(n_splits=10, random_state=None, shuffle=False), n_jobs=-1
2026-08-25 18:06:37,743:INFO:Calculating mean and std
2026-08-25 18:06:37,744:INFO:Creating metrics dataframe
2026-08-25 18:06:37,745:INFO:Uploading results into container
2026-08-25 18:06:37,746:INFO:Uploading model into container now
2026-08-25 18:06:37,746:INFO:_master_model_container: 10
2026-08-25 18:06:37,746:INFO:_display_container: 2
2026-08-25 18:06:37,746:INFO:HuberRegressor()
2026-08-25 18:06:37,746:INFO:create_model() successfully completed......................................
2026-08-25 18:06:37,891:INFO:SubProcess create_model() end ==================================
2026-08-25 18:06:37,891:INFO:Creating metrics dataframe
2026-08-25 18:06:37,894:INFO:Initializing K Neighbors Regressor
2026-08-25 18:06:37,894:INFO:Total runtime is 0.040368692080179853 minutes
2026-08-25 18:06:37,894:INFO:SubProcess create_model() called ==================================
2026-08-25 18:06:37,894:INFO:Initializing create_model()
2026-08-25 18:06:37,894:INFO:create_model(self=<pycaret.regression.oop.RegressionExperiment object at 0x000002208AA20A10>, estimator=knn, fold=KFold(n_splits=10, random_state=None, shuffle=False), round=4, cross_validation=True, predict=True, fit_kwargs={}, groups=None, refit=False, probability_threshold=None, experiment_custom_tags=None, verbose=False, system=False, add_to_model_list=True, metrics=None, display=<pycaret.internal.display.display.CommonDisplay object at 0x00000221295F5B10>, model_only=True, return_train_score=False, error_score=0.0, kwargs={})
2026-08-25 18:06:37,894:INFO:Checking exceptions
2026-08-25 18:06:37,894:INFO:Importing libraries
2026-08-25 18:06:37,895:INFO:Copying training dataset
2026-08-25 18:06:37,904:INFO:Defining folds
2026-08-25 18:06:37,904:INFO:Declaring metric variables
2026-08-25 18:06:37,904:INFO:Importing untrained model
2026-08-25 18:06:37,904:INFO:K Neighbors Regressor Imported successfully
2026-08-25 18:06:37,905:INFO:Starting cross validation
2026-08-25 18:06:37,905:INFO:Cross validating with KFold(n_splits=10, random_state=None, shuffle=False), n_jobs=-1
2026-08-25 18:06:38,038:INFO:Calculating mean and std
2026-08-25 18:06:38,039:INFO:Creating metrics dataframe
2026-08-25 18:06:38,041:INFO:Uploading results into container
2026-08-25 18:06:38,042:INFO:Uploading model into container now
2026-08-25 18:06:38,042:INFO:_master_model_container: 11
2026-08-25 18:06:38,043:INFO:_display_container: 2
2026-08-25 18:06:38,043:INFO:KNeighborsRegressor(n_jobs=-1)
2026-08-25 18:06:38,043:INFO:create_model() successfully completed......................................
2026-08-25 18:06:38,189:INFO:SubProcess create_model() end ==================================
2026-08-25 18:06:38,189:INFO:Creating metrics dataframe
2026-08-25 18:06:38,191:INFO:Initializing Decision Tree Regressor
2026-08-25 18:06:38,191:INFO:Total runtime is 0.045315078894297284 minutes
2026-08-25 18:06:38,192:INFO:SubProcess create_model() called ==================================
2026-08-25 18:06:38,192:INFO:Initializing create_model()
2026-08-25 18:06:38,192:INFO:create_model(self=<pycaret.regression.oop.RegressionExperiment object at 0x000002208AA20A10>, estimator=dt, fold=KFold(n_splits=10, random_state=None, shuffle=False), round=4, cross_validation=True, predict=True, fit_kwargs={}, groups=None, refit=False, probability_threshold=None, experiment_custom_tags=None, verbose=False, system=False, add_to_model_list=True, metrics=None, display=<pycaret.internal.display.display.CommonDisplay object at 0x00000221295F5B10>, model_only=True, return_train_score=False, error_score=0.0, kwargs={})
2026-08-25 18:06:38,192:INFO:Checking exceptions
2026-08-25 18:06:38,193:INFO:Importing libraries
2026-08-25 18:06:38,193:INFO:Copying training dataset
2026-08-25 18:06:38,195:INFO:Defining folds
2026-08-25 18:06:38,195:INFO:Declaring metric variables
2026-08-25 18:06:38,196:INFO:Importing untrained model
2026-08-25 18:06:38,196:INFO:Decision Tree Regressor Imported successfully
2026-08-25 18:06:38,196:INFO:Starting cross validation
2026-08-25 18:06:38,197:INFO:Cross validating with KFold(n_splits=10, random_state=None, shuffle=False), n_jobs=-1
2026-08-25 18:06:38,299:INFO:Calculating mean and std
2026-08-25 18:06:38,300:INFO:Creating metrics dataframe
2026-08-25 18:06:38,302:INFO:Uploading results into container
2026-08-25 18:06:38,303:INFO:Uploading model into container now
2026-08-25 18:06:38,303:INFO:_master_model_container: 12
2026-08-25 18:06:38,303:INFO:_display_container: 2
2026-08-25 18:06:38,303:INFO:DecisionTreeRegressor(random_state=42)
2026-08-25 18:06:38,304:INFO:create_model() successfully completed......................................
2026-08-25 18:06:38,447:INFO:SubProcess create_model() end ==================================
2026-08-25 18:06:38,447:INFO:Creating metrics dataframe
2026-08-25 18:06:38,450:INFO:Initializing Random Forest Regressor
2026-08-25 18:06:38,450:INFO:Total runtime is 0.04962418874104818 minutes
2026-08-25 18:06:38,450:INFO:SubProcess create_model() called ==================================
2026-08-25 18:06:38,450:INFO:Initializing create_model()
2026-08-25 18:06:38,450:INFO:create_model(self=<pycaret.regression.oop.RegressionExperiment object at 0x000002208AA20A10>, estimator=rf, fold=KFold(n_splits=10, random_state=None, shuffle=False), round=4, cross_validation=True, predict=True, fit_kwargs={}, groups=None, refit=False, probability_threshold=None, experiment_custom_tags=None, verbose=False, system=False, add_to_model_list=True, metrics=None, display=<pycaret.internal.display.display.CommonDisplay object at 0x00000221295F5B10>, model_only=True, return_train_score=False, error_score=0.0, kwargs={})
2026-08-25 18:06:38,450:INFO:Checking exceptions
2026-08-25 18:06:38,450:INFO:Importing libraries
2026-08-25 18:06:38,450:INFO:Copying training dataset
2026-08-25 18:06:38,453:INFO:Defining folds
2026-08-25 18:06:38,453:INFO:Declaring metric variables
2026-08-25 18:06:38,453:INFO:Importing untrained model
2026-08-25 18:06:38,453:INFO:Random Forest Regressor Imported successfully
2026-08-25 18:06:38,454:INFO:Starting cross validation
2026-08-25 18:06:38,455:INFO:Cross validating with KFold(n_splits=10, random_state=None, shuffle=False), n_jobs=-1
2026-08-25 18:06:38,729:INFO:Calculating mean and std
2026-08-25 18:06:38,730:INFO:Creating metrics dataframe
2026-08-25 18:06:38,731:INFO:Uploading results into container
2026-08-25 18:06:38,731:INFO:Uploading model into container now
2026-08-25 18:06:38,732:INFO:_master_model_container: 13
2026-08-25 18:06:38,732:INFO:_display_container: 2
2026-08-25 18:06:38,732:INFO:RandomForestRegressor(n_jobs=-1, random_state=42)
2026-08-25 18:06:38,732:INFO:create_model() successfully completed......................................
2026-08-25 18:06:38,872:INFO:SubProcess create_model() end ==================================
2026-08-25 18:06:38,872:INFO:Creating metrics dataframe
2026-08-25 18:06:38,875:INFO:Initializing Extra Trees Regressor
2026-08-25 18:06:38,875:INFO:Total runtime is 0.05670568545659384 minutes
2026-08-25 18:06:38,875:INFO:SubProcess create_model() called ==================================
2026-08-25 18:06:38,876:INFO:Initializing create_model()
2026-08-25 18:06:38,876:INFO:create_model(self=<pycaret.regression.oop.RegressionExperiment object at 0x000002208AA20A10>, estimator=et, fold=KFold(n_splits=10, random_state=None, shuffle=False), round=4, cross_validation=True, predict=True, fit_kwargs={}, groups=None, refit=False, probability_threshold=None, experiment_custom_tags=None, verbose=False, system=False, add_to_model_list=True, metrics=None, display=<pycaret.internal.display.display.CommonDisplay object at 0x00000221295F5B10>, model_only=True, return_train_score=False, error_score=0.0, kwargs={})
2026-08-25 18:06:38,876:INFO:Checking exceptions
2026-08-25 18:06:38,876:INFO:Importing libraries
2026-08-25 18:06:38,876:INFO:Copying training dataset
2026-08-25 18:06:38,879:INFO:Defining folds
2026-08-25 18:06:38,879:INFO:Declaring metric variables
2026-08-25 18:06:38,879:INFO:Importing untrained model
2026-08-25 18:06:38,880:INFO:Extra Trees Regressor Imported successfully
2026-08-25 18:06:38,880:INFO:Starting cross validation
2026-08-25 18:06:38,881:INFO:Cross validating with KFold(n_splits=10, random_state=None, shuffle=False), n_jobs=-1
2026-08-25 18:06:39,124:INFO:Calculating mean and std
2026-08-25 18:06:39,125:INFO:Creating metrics dataframe
2026-08-25 18:06:39,127:INFO:Uploading results into container
2026-08-25 18:06:39,128:INFO:Uploading model into container now
2026-08-25 18:06:39,128:INFO:_master_model_container: 14
2026-08-25 18:06:39,128:INFO:_display_container: 2
2026-08-25 18:06:39,128:INFO:ExtraTreesRegressor(n_jobs=-1, random_state=42)
2026-08-25 18:06:39,128:INFO:create_model() successfully completed......................................
2026-08-25 18:06:39,269:INFO:SubProcess create_model() end ==================================
2026-08-25 18:06:39,270:INFO:Creating metrics dataframe
2026-08-25 18:06:39,273:INFO:Initializing AdaBoost Regressor
2026-08-25 18:06:39,274:INFO:Total runtime is 0.06336798667907716 minutes
2026-08-25 18:06:39,274:INFO:SubProcess create_model() called ==================================
2026-08-25 18:06:39,274:INFO:Initializing create_model()
2026-08-25 18:06:39,275:INFO:create_model(self=<pycaret.regression.oop.RegressionExperiment object at 0x000002208AA20A10>, estimator=ada, fold=KFold(n_splits=10, random_state=None, shuffle=False), round=4, cross_validation=True, predict=True, fit_kwargs={}, groups=None, refit=False, probability_threshold=None, experiment_custom_tags=None, verbose=False, system=False, add_to_model_list=True, metrics=None, display=<pycaret.internal.display.display.CommonDisplay object at 0x00000221295F5B10>, model_only=True, return_train_score=False, error_score=0.0, kwargs={})
2026-08-25 18:06:39,275:INFO:Checking exceptions
2026-08-25 18:06:39,275:INFO:Importing libraries
2026-08-25 18:06:39,275:INFO:Copying training dataset
2026-08-25 18:06:39,280:INFO:Defining folds
2026-08-25 18:06:39,280:INFO:Declaring metric variables
2026-08-25 18:06:39,280:INFO:Importing untrained model
2026-08-25 18:06:39,281:INFO:AdaBoost Regressor Imported successfully
2026-08-25 18:06:39,281:INFO:Starting cross validation
2026-08-25 18:06:39,282:INFO:Cross validating with KFold(n_splits=10, random_state=None, shuffle=False), n_jobs=-1
2026-08-25 18:06:39,462:INFO:Calculating mean and std
2026-08-25 18:06:39,464:INFO:Creating metrics dataframe
2026-08-25 18:06:39,466:INFO:Uploading results into container
2026-08-25 18:06:39,466:INFO:Uploading model into container now
2026-08-25 18:06:39,467:INFO:_master_model_container: 15
2026-08-25 18:06:39,467:INFO:_display_container: 2
2026-08-25 18:06:39,467:INFO:AdaBoostRegressor(random_state=42)
2026-08-25 18:06:39,467:INFO:create_model() successfully completed......................................
2026-08-25 18:06:39,613:INFO:SubProcess create_model() end ==================================
2026-08-25 18:06:39,613:INFO:Creating metrics dataframe
2026-08-25 18:06:39,616:INFO:Initializing Gradient Boosting Regressor
2026-08-25 18:06:39,616:INFO:Total runtime is 0.06906480391820273 minutes
2026-08-25 18:06:39,616:INFO:SubProcess create_model() called ==================================
2026-08-25 18:06:39,617:INFO:Initializing create_model()
2026-08-25 18:06:39,617:INFO:create_model(self=<pycaret.regression.oop.RegressionExperiment object at 0x000002208AA20A10>, estimator=gbr, fold=KFold(n_splits=10, random_state=None, shuffle=False), round=4, cross_validation=True, predict=True, fit_kwargs={}, groups=None, refit=False, probability_threshold=None, experiment_custom_tags=None, verbose=False, system=False, add_to_model_list=True, metrics=None, display=<pycaret.internal.display.display.CommonDisplay object at 0x00000221295F5B10>, model_only=True, return_train_score=False, error_score=0.0, kwargs={})
2026-08-25 18:06:39,617:INFO:Checking exceptions
2026-08-25 18:06:39,617:INFO:Importing libraries
2026-08-25 18:06:39,618:INFO:Copying training dataset
2026-08-25 18:06:39,627:INFO:Defining folds
2026-08-25 18:06:39,627:INFO:Declaring metric variables
2026-08-25 18:06:39,628:INFO:Importing untrained model
2026-08-25 18:06:39,629:INFO:Gradient Boosting Regressor Imported successfully
2026-08-25 18:06:39,629:INFO:Starting cross validation
2026-08-25 18:06:39,632:INFO:Cross validating with KFold(n_splits=10, random_state=None, shuffle=False), n_jobs=-1
2026-08-25 18:06:39,788:INFO:Calculating mean and std
2026-08-25 18:06:39,789:INFO:Creating metrics dataframe
2026-08-25 18:06:39,791:INFO:Uploading results into container
2026-08-25 18:06:39,791:INFO:Uploading model into container now
2026-08-25 18:06:39,792:INFO:_master_model_container: 16
2026-08-25 18:06:39,792:INFO:_display_container: 2
2026-08-25 18:06:39,792:INFO:GradientBoostingRegressor(random_state=42)
2026-08-25 18:06:39,792:INFO:create_model() successfully completed......................................
2026-08-25 18:06:39,934:INFO:SubProcess create_model() end ==================================
2026-08-25 18:06:39,934:INFO:Creating metrics dataframe
2026-08-25 18:06:39,939:INFO:Initializing Light Gradient Boosting Machine
2026-08-25 18:06:39,939:INFO:Total runtime is 0.07444547017415366 minutes
2026-08-25 18:06:39,939:INFO:SubProcess create_model() called ==================================
2026-08-25 18:06:39,940:INFO:Initializing create_model()
2026-08-25 18:06:39,940:INFO:create_model(self=<pycaret.regression.oop.RegressionExperiment object at 0x000002208AA20A10>, estimator=lightgbm, fold=KFold(n_splits=10, random_state=None, shuffle=False), round=4, cross_validation=True, predict=True, fit_kwargs={}, groups=None, refit=False, probability_threshold=None, experiment_custom_tags=None, verbose=False, system=False, add_to_model_list=True, metrics=None, display=<pycaret.internal.display.display.CommonDisplay object at 0x00000221295F5B10>, model_only=True, return_train_score=False, error_score=0.0, kwargs={})
2026-08-25 18:06:39,940:INFO:Checking exceptions
2026-08-25 18:06:39,940:INFO:Importing libraries
2026-08-25 18:06:39,940:INFO:Copying training dataset
2026-08-25 18:06:39,943:INFO:Defining folds
2026-08-25 18:06:39,943:INFO:Declaring metric variables
2026-08-25 18:06:39,943:INFO:Importing untrained model
2026-08-25 18:06:39,944:INFO:Light Gradient Boosting Machine Imported successfully
2026-08-25 18:06:39,944:INFO:Starting cross validation
2026-08-25 18:06:39,945:INFO:Cross validating with KFold(n_splits=10, random_state=None, shuffle=False), n_jobs=-1
2026-08-25 18:06:40,035:WARNING:create_model() for lightgbm raised an exception or returned all 0.0, trying without fit_kwargs:
2026-08-25 18:06:40,036:WARNING:Traceback (most recent call last):
  File "C:\Users\youne\Desktop\AutoMLapp\.venv\Lib\site-packages\pycaret\internal\pycaret_experiment\supervised_experiment.py", line 794, in compare_models
    model, model_fit_time = self._create_model(**create_model_args)
                            ^^^^^^^^^^^^^^^^^^^^^^^^^^^^^^^^^^^^^^^
  File "C:\Users\youne\Desktop\AutoMLapp\.venv\Lib\site-packages\pycaret\internal\pycaret_experiment\supervised_experiment.py", line 1533, in _create_model
    model, model_fit_time, model_results, _ = self._create_model_with_cv(
                                              ^^^^^^^^^^^^^^^^^^^^^^^^^^^
  File "C:\Users\youne\Desktop\AutoMLapp\.venv\Lib\site-packages\pycaret\internal\pycaret_experiment\supervised_experiment.py", line 1126, in _create_model_with_cv
    scores = cross_validate(
             ^^^^^^^^^^^^^^^
  File "C:\Users\youne\Desktop\AutoMLapp\.venv\Lib\site-packages\sklearn\utils\_param_validation.py", line 213, in wrapper
    return func(*args, **kwargs)
           ^^^^^^^^^^^^^^^^^^^^^
  File "C:\Users\youne\Desktop\AutoMLapp\.venv\Lib\site-packages\sklearn\model_selection\_validation.py", line 450, in cross_validate
    _warn_or_raise_about_fit_failures(results, error_score)
  File "C:\Users\youne\Desktop\AutoMLapp\.venv\Lib\site-packages\sklearn\model_selection\_validation.py", line 536, in _warn_or_raise_about_fit_failures
    raise ValueError(all_fits_failed_message)
ValueError: 
All the 10 fits failed.
It is very likely that your model is misconfigured.
You can try to debug the error by setting error_score='raise'.

Below are more details about the failures:
--------------------------------------------------------------------------------
10 fits failed with the following error:
Traceback (most recent call last):
  File "C:\Users\youne\Desktop\AutoMLapp\.venv\Lib\site-packages\sklearn\model_selection\_validation.py", line 895, in _fit_and_score
    estimator.fit(X_train, y_train, **fit_params)
  File "C:\Users\youne\Desktop\AutoMLapp\.venv\Lib\site-packages\pycaret\internal\pipeline.py", line 278, in fit
    fitted_estimator = self._memory_fit(
                       ^^^^^^^^^^^^^^^^^
  File "C:\Users\youne\Desktop\AutoMLapp\.venv\Lib\site-packages\joblib\memory.py", line 353, in __call__
    return self.func(*args, **kwargs)
           ^^^^^^^^^^^^^^^^^^^^^^^^^^
  File "C:\Users\youne\Desktop\AutoMLapp\.venv\Lib\site-packages\pycaret\internal\pipeline.py", line 69, in _fit_one
    transformer.fit(*args)
  File "C:\Users\youne\Desktop\AutoMLapp\.venv\Lib\site-packages\lightgbm\sklearn.py", line 1536, in fit
    super().fit(
  File "C:\Users\youne\Desktop\AutoMLapp\.venv\Lib\site-packages\lightgbm\sklearn.py", line 1171, in fit
    self._Booster = train(
                    ^^^^^^
  File "C:\Users\youne\Desktop\AutoMLapp\.venv\Lib\site-packages\lightgbm\engine.py", line 296, in train
    booster = Booster(params=params, train_set=train_set)
              ^^^^^^^^^^^^^^^^^^^^^^^^^^^^^^^^^^^^^^^^^^^
  File "C:\Users\youne\Desktop\AutoMLapp\.venv\Lib\site-packages\lightgbm\basic.py", line 3758, in __init__
    train_set.construct()
  File "C:\Users\youne\Desktop\AutoMLapp\.venv\Lib\site-packages\lightgbm\basic.py", line 2574, in construct
    self._lazy_init(
  File "C:\Users\youne\Desktop\AutoMLapp\.venv\Lib\site-packages\lightgbm\basic.py", line 2189, in _lazy_init
    self.set_label(label)
  File "C:\Users\youne\Desktop\AutoMLapp\.venv\Lib\site-packages\lightgbm\basic.py", line 3097, in set_label
    self.set_field("label", label_array)
  File "C:\Users\youne\Desktop\AutoMLapp\.venv\Lib\site-packages\lightgbm\basic.py", line 2860, in set_field
    _LIB.LGBM_DatasetSetField(
OSError: exception: access violation reading 0x0000000000000000


2026-08-25 18:06:40,037:INFO:Initializing create_model()
2026-08-25 18:06:40,037:INFO:create_model(self=<pycaret.regression.oop.RegressionExperiment object at 0x000002208AA20A10>, estimator=lightgbm, fold=KFold(n_splits=10, random_state=None, shuffle=False), round=4, cross_validation=True, predict=True, fit_kwargs={}, groups=None, refit=False, probability_threshold=None, experiment_custom_tags=None, verbose=False, system=False, add_to_model_list=True, metrics=None, display=<pycaret.internal.display.display.CommonDisplay object at 0x00000221295F5B10>, model_only=True, return_train_score=False, error_score=0.0, kwargs={})
2026-08-25 18:06:40,037:INFO:Checking exceptions
2026-08-25 18:06:40,037:INFO:Importing libraries
2026-08-25 18:06:40,037:INFO:Copying training dataset
2026-08-25 18:06:40,041:INFO:Defining folds
2026-08-25 18:06:40,041:INFO:Declaring metric variables
2026-08-25 18:06:40,041:INFO:Importing untrained model
2026-08-25 18:06:40,043:INFO:Light Gradient Boosting Machine Imported successfully
2026-08-25 18:06:40,043:INFO:Starting cross validation
2026-08-25 18:06:40,044:INFO:Cross validating with KFold(n_splits=10, random_state=None, shuffle=False), n_jobs=-1
2026-08-25 18:06:40,177:ERROR:create_model() for lightgbm raised an exception or returned all 0.0:
2026-08-25 18:06:40,179:ERROR:Traceback (most recent call last):
  File "C:\Users\youne\Desktop\AutoMLapp\.venv\Lib\site-packages\pycaret\internal\pycaret_experiment\supervised_experiment.py", line 794, in compare_models
    model, model_fit_time = self._create_model(**create_model_args)
                            ^^^^^^^^^^^^^^^^^^^^^^^^^^^^^^^^^^^^^^^
  File "C:\Users\youne\Desktop\AutoMLapp\.venv\Lib\site-packages\pycaret\internal\pycaret_experiment\supervised_experiment.py", line 1533, in _create_model
    model, model_fit_time, model_results, _ = self._create_model_with_cv(
                                              ^^^^^^^^^^^^^^^^^^^^^^^^^^^
  File "C:\Users\youne\Desktop\AutoMLapp\.venv\Lib\site-packages\pycaret\internal\pycaret_experiment\supervised_experiment.py", line 1126, in _create_model_with_cv
    scores = cross_validate(
             ^^^^^^^^^^^^^^^
  File "C:\Users\youne\Desktop\AutoMLapp\.venv\Lib\site-packages\sklearn\utils\_param_validation.py", line 213, in wrapper
    return func(*args, **kwargs)
           ^^^^^^^^^^^^^^^^^^^^^
  File "C:\Users\youne\Desktop\AutoMLapp\.venv\Lib\site-packages\sklearn\model_selection\_validation.py", line 450, in cross_validate
    _warn_or_raise_about_fit_failures(results, error_score)
  File "C:\Users\youne\Desktop\AutoMLapp\.venv\Lib\site-packages\sklearn\model_selection\_validation.py", line 536, in _warn_or_raise_about_fit_failures
    raise ValueError(all_fits_failed_message)
ValueError: 
All the 10 fits failed.
It is very likely that your model is misconfigured.
You can try to debug the error by setting error_score='raise'.

Below are more details about the failures:
--------------------------------------------------------------------------------
10 fits failed with the following error:
Traceback (most recent call last):
  File "C:\Users\youne\Desktop\AutoMLapp\.venv\Lib\site-packages\sklearn\model_selection\_validation.py", line 895, in _fit_and_score
    estimator.fit(X_train, y_train, **fit_params)
  File "C:\Users\youne\Desktop\AutoMLapp\.venv\Lib\site-packages\pycaret\internal\pipeline.py", line 278, in fit
    fitted_estimator = self._memory_fit(
                       ^^^^^^^^^^^^^^^^^
  File "C:\Users\youne\Desktop\AutoMLapp\.venv\Lib\site-packages\joblib\memory.py", line 353, in __call__
    return self.func(*args, **kwargs)
           ^^^^^^^^^^^^^^^^^^^^^^^^^^
  File "C:\Users\youne\Desktop\AutoMLapp\.venv\Lib\site-packages\pycaret\internal\pipeline.py", line 69, in _fit_one
    transformer.fit(*args)
  File "C:\Users\youne\Desktop\AutoMLapp\.venv\Lib\site-packages\lightgbm\sklearn.py", line 1536, in fit
    super().fit(
  File "C:\Users\youne\Desktop\AutoMLapp\.venv\Lib\site-packages\lightgbm\sklearn.py", line 1171, in fit
    self._Booster = train(
                    ^^^^^^
  File "C:\Users\youne\Desktop\AutoMLapp\.venv\Lib\site-packages\lightgbm\engine.py", line 296, in train
    booster = Booster(params=params, train_set=train_set)
              ^^^^^^^^^^^^^^^^^^^^^^^^^^^^^^^^^^^^^^^^^^^
  File "C:\Users\youne\Desktop\AutoMLapp\.venv\Lib\site-packages\lightgbm\basic.py", line 3758, in __init__
    train_set.construct()
  File "C:\Users\youne\Desktop\AutoMLapp\.venv\Lib\site-packages\lightgbm\basic.py", line 2574, in construct
    self._lazy_init(
  File "C:\Users\youne\Desktop\AutoMLapp\.venv\Lib\site-packages\lightgbm\basic.py", line 2189, in _lazy_init
    self.set_label(label)
  File "C:\Users\youne\Desktop\AutoMLapp\.venv\Lib\site-packages\lightgbm\basic.py", line 3097, in set_label
    self.set_field("label", label_array)
  File "C:\Users\youne\Desktop\AutoMLapp\.venv\Lib\site-packages\lightgbm\basic.py", line 2860, in set_field
    _LIB.LGBM_DatasetSetField(
OSError: exception: access violation reading 0x0000000000000000


During handling of the above exception, another exception occurred:

Traceback (most recent call last):
  File "C:\Users\youne\Desktop\AutoMLapp\.venv\Lib\site-packages\pycaret\internal\pycaret_experiment\supervised_experiment.py", line 815, in compare_models
    model, model_fit_time = self._create_model(**create_model_args)
                            ^^^^^^^^^^^^^^^^^^^^^^^^^^^^^^^^^^^^^^^
  File "C:\Users\youne\Desktop\AutoMLapp\.venv\Lib\site-packages\pycaret\internal\pycaret_experiment\supervised_experiment.py", line 1533, in _create_model
    model, model_fit_time, model_results, _ = self._create_model_with_cv(
                                              ^^^^^^^^^^^^^^^^^^^^^^^^^^^
  File "C:\Users\youne\Desktop\AutoMLapp\.venv\Lib\site-packages\pycaret\internal\pycaret_experiment\supervised_experiment.py", line 1126, in _create_model_with_cv
    scores = cross_validate(
             ^^^^^^^^^^^^^^^
  File "C:\Users\youne\Desktop\AutoMLapp\.venv\Lib\site-packages\sklearn\utils\_param_validation.py", line 213, in wrapper
    return func(*args, **kwargs)
           ^^^^^^^^^^^^^^^^^^^^^
  File "C:\Users\youne\Desktop\AutoMLapp\.venv\Lib\site-packages\sklearn\model_selection\_validation.py", line 450, in cross_validate
    _warn_or_raise_about_fit_failures(results, error_score)
  File "C:\Users\youne\Desktop\AutoMLapp\.venv\Lib\site-packages\sklearn\model_selection\_validation.py", line 536, in _warn_or_raise_about_fit_failures
    raise ValueError(all_fits_failed_message)
ValueError: 
All the 10 fits failed.
It is very likely that your model is misconfigured.
You can try to debug the error by setting error_score='raise'.

Below are more details about the failures:
--------------------------------------------------------------------------------
10 fits failed with the following error:
Traceback (most recent call last):
  File "C:\Users\youne\Desktop\AutoMLapp\.venv\Lib\site-packages\sklearn\model_selection\_validation.py", line 895, in _fit_and_score
    estimator.fit(X_train, y_train, **fit_params)
  File "C:\Users\youne\Desktop\AutoMLapp\.venv\Lib\site-packages\pycaret\internal\pipeline.py", line 278, in fit
    fitted_estimator = self._memory_fit(
                       ^^^^^^^^^^^^^^^^^
  File "C:\Users\youne\Desktop\AutoMLapp\.venv\Lib\site-packages\joblib\memory.py", line 353, in __call__
    return self.func(*args, **kwargs)
           ^^^^^^^^^^^^^^^^^^^^^^^^^^
  File "C:\Users\youne\Desktop\AutoMLapp\.venv\Lib\site-packages\pycaret\internal\pipeline.py", line 69, in _fit_one
    transformer.fit(*args)
  File "C:\Users\youne\Desktop\AutoMLapp\.venv\Lib\site-packages\lightgbm\sklearn.py", line 1536, in fit
    super().fit(
  File "C:\Users\youne\Desktop\AutoMLapp\.venv\Lib\site-packages\lightgbm\sklearn.py", line 1171, in fit
    self._Booster = train(
                    ^^^^^^
  File "C:\Users\youne\Desktop\AutoMLapp\.venv\Lib\site-packages\lightgbm\engine.py", line 296, in train
    booster = Booster(params=params, train_set=train_set)
              ^^^^^^^^^^^^^^^^^^^^^^^^^^^^^^^^^^^^^^^^^^^
  File "C:\Users\youne\Desktop\AutoMLapp\.venv\Lib\site-packages\lightgbm\basic.py", line 3758, in __init__
    train_set.construct()
  File "C:\Users\youne\Desktop\AutoMLapp\.venv\Lib\site-packages\lightgbm\basic.py", line 2574, in construct
    self._lazy_init(
  File "C:\Users\youne\Desktop\AutoMLapp\.venv\Lib\site-packages\lightgbm\basic.py", line 2189, in _lazy_init
    self.set_label(label)
  File "C:\Users\youne\Desktop\AutoMLapp\.venv\Lib\site-packages\lightgbm\basic.py", line 3097, in set_label
    self.set_field("label", label_array)
  File "C:\Users\youne\Desktop\AutoMLapp\.venv\Lib\site-packages\lightgbm\basic.py", line 2860, in set_field
    _LIB.LGBM_DatasetSetField(
OSError: exception: access violation reading 0x0000000000000000


2026-08-25 18:06:40,180:INFO:Initializing Dummy Regressor
2026-08-25 18:06:40,180:INFO:Total runtime is 0.07846460342407229 minutes
2026-08-25 18:06:40,180:INFO:SubProcess create_model() called ==================================
2026-08-25 18:06:40,181:INFO:Initializing create_model()
2026-08-25 18:06:40,181:INFO:create_model(self=<pycaret.regression.oop.RegressionExperiment object at 0x000002208AA20A10>, estimator=dummy, fold=KFold(n_splits=10, random_state=None, shuffle=False), round=4, cross_validation=True, predict=True, fit_kwargs={}, groups=None, refit=False, probability_threshold=None, experiment_custom_tags=None, verbose=False, system=False, add_to_model_list=True, metrics=None, display=<pycaret.internal.display.display.CommonDisplay object at 0x00000221295F5B10>, model_only=True, return_train_score=False, error_score=0.0, kwargs={})
2026-08-25 18:06:40,181:INFO:Checking exceptions
2026-08-25 18:06:40,181:INFO:Importing libraries
2026-08-25 18:06:40,181:INFO:Copying training dataset
2026-08-25 18:06:40,186:INFO:Defining folds
2026-08-25 18:06:40,187:INFO:Declaring metric variables
2026-08-25 18:06:40,187:INFO:Importing untrained model
2026-08-25 18:06:40,187:INFO:Dummy Regressor Imported successfully
2026-08-25 18:06:40,187:INFO:Starting cross validation
2026-08-25 18:06:40,189:INFO:Cross validating with KFold(n_splits=10, random_state=None, shuffle=False), n_jobs=-1
2026-08-25 18:06:40,315:INFO:Calculating mean and std
2026-08-25 18:06:40,315:INFO:Creating metrics dataframe
2026-08-25 18:06:40,317:INFO:Uploading results into container
2026-08-25 18:06:40,317:INFO:Uploading model into container now
2026-08-25 18:06:40,318:INFO:_master_model_container: 17
2026-08-25 18:06:40,318:INFO:_display_container: 2
2026-08-25 18:06:40,318:INFO:DummyRegressor()
2026-08-25 18:06:40,318:INFO:create_model() successfully completed......................................
2026-08-25 18:06:40,456:INFO:SubProcess create_model() end ==================================
2026-08-25 18:06:40,456:INFO:Creating metrics dataframe
2026-08-25 18:06:40,459:WARNING:C:\Users\youne\Desktop\AutoMLapp\.venv\Lib\site-packages\pycaret\internal\pycaret_experiment\supervised_experiment.py:339: FutureWarning:

Styler.applymap has been deprecated. Use Styler.map instead.


2026-08-25 18:06:40,461:INFO:Initializing create_model()
2026-08-25 18:06:40,461:INFO:create_model(self=<pycaret.regression.oop.RegressionExperiment object at 0x000002208AA20A10>, estimator=BayesianRidge(), fold=KFold(n_splits=10, random_state=None, shuffle=False), round=4, cross_validation=False, predict=False, fit_kwargs={}, groups=None, refit=True, probability_threshold=None, experiment_custom_tags=None, verbose=False, system=False, add_to_model_list=True, metrics=None, display=None, model_only=True, return_train_score=False, error_score=0.0, kwargs={})
2026-08-25 18:06:40,461:INFO:Checking exceptions
2026-08-25 18:06:40,461:INFO:Importing libraries
2026-08-25 18:06:40,461:INFO:Copying training dataset
2026-08-25 18:06:40,465:INFO:Defining folds
2026-08-25 18:06:40,465:INFO:Declaring metric variables
2026-08-25 18:06:40,465:INFO:Importing untrained model
2026-08-25 18:06:40,465:INFO:Declaring custom model
2026-08-25 18:06:40,466:INFO:Bayesian Ridge Imported successfully
2026-08-25 18:06:40,467:INFO:Cross validation set to False
2026-08-25 18:06:40,467:INFO:Fitting Model
2026-08-25 18:06:40,495:INFO:BayesianRidge()
2026-08-25 18:06:40,495:INFO:create_model() successfully completed......................................
2026-08-25 18:06:40,659:INFO:_master_model_container: 17
2026-08-25 18:06:40,659:INFO:_display_container: 2
2026-08-25 18:06:40,659:INFO:BayesianRidge()
2026-08-25 18:06:40,659:INFO:compare_models() successfully completed......................................
2026-08-25 18:06:40,664:INFO:Initializing save_model()
2026-08-25 18:06:40,664:INFO:save_model(model=BayesianRidge(), model_name=best_model, prep_pipe_=Pipeline(memory=FastMemory(location=C:\Users\youne\AppData\Local\Temp\joblib),
         steps=[('numerical_imputer',
                 TransformerWrapper(include=['sepal.width', 'petal.length',
                                             'petal.width'],
                                    transformer=SimpleImputer())),
                ('categorical_imputer',
                 TransformerWrapper(include=['variety'],
                                    transformer=SimpleImputer(strategy='most_frequent'))),
                ('onehot_encoding',
                 TransformerWrapper(include=['variety'],
                                    transformer=OneHotEncoder(cols=['variety'],
                                                              handle_missing='return_nan',
                                                              use_cat_names=True))),
                ('clean_column_names',
                 TransformerWrapper(transformer=CleanColumnNames()))]), verbose=True, use_case=MLUsecase.REGRESSION, kwargs={})
2026-08-25 18:06:40,664:INFO:Adding model into prep_pipe
2026-08-25 18:06:40,669:INFO:best_model.pkl saved in current working directory
2026-08-25 18:06:40,677:INFO:Pipeline(memory=Memory(location=None),
         steps=[('numerical_imputer',
                 TransformerWrapper(include=['sepal.width', 'petal.length',
                                             'petal.width'],
                                    transformer=SimpleImputer())),
                ('categorical_imputer',
                 TransformerWrapper(include=['variety'],
                                    transformer=SimpleImputer(strategy='most_frequent'))),
                ('onehot_encoding',
                 TransformerWrapper(include=['variety'],
                                    transformer=OneHotEncoder(cols=['variety'],
                                                              handle_missing='return_nan',
                                                              use_cat_names=True))),
                ('clean_column_names',
                 TransformerWrapper(transformer=CleanColumnNames())),
                ('trained_model', BayesianRidge())])
2026-08-25 18:06:40,678:INFO:save_model() successfully completed......................................
2026-08-25 18:06:47,627:INFO:PyCaret ClassificationExperiment
2026-08-25 18:06:47,627:INFO:Logging name: clf-default-name
2026-08-25 18:06:47,627:INFO:ML Usecase: MLUsecase.CLASSIFICATION
2026-08-25 18:06:47,627:INFO:version 3.3.2
2026-08-25 18:06:47,627:INFO:Initializing setup()
2026-08-25 18:06:47,627:INFO:self.USI: 83cc
2026-08-25 18:06:47,627:INFO:self._variable_keys: {'X_train', 'exp_name_log', 'gpu_param', 'gpu_n_jobs_param', 'USI', 'exp_id', 'y_test', 'target_param', 'memory', 'fix_imbalance', 'X_test', 'data', 'logging_param', 'y', 'n_jobs_param', 'fold_groups_param', '_ml_usecase', 'pipeline', 'is_multiclass', 'y_train', 'X', '_available_plots', 'log_plots_param', 'fold_generator', 'idx', 'seed', 'fold_shuffle_param', 'html_param'}
2026-08-25 18:06:47,627:INFO:Checking environment
2026-08-25 18:06:47,627:INFO:python_version: 3.11.4
2026-08-25 18:06:47,627:INFO:python_build: ('tags/v3.11.4:d2340ef', 'Jun  7 2023 05:45:37')
2026-08-25 18:06:47,627:INFO:machine: AMD64
2026-08-25 18:06:47,627:INFO:platform: Windows-10-10.0.26200-SP0
2026-08-25 18:06:47,628:INFO:Memory: svmem(total=16830971904, available=3266408448, percent=80.6, used=13564563456, free=3266408448)
2026-08-25 18:06:47,628:INFO:Physical Core: 14
2026-08-25 18:06:47,628:INFO:Logical Core: 20
2026-08-25 18:06:47,628:INFO:Checking libraries
2026-08-25 18:06:47,628:INFO:System:
2026-08-25 18:06:47,628:INFO:    python: 3.11.4 (tags/v3.11.4:d2340ef, Jun  7 2023, 05:45:37) [MSC v.1934 64 bit (AMD64)]
2026-08-25 18:06:47,628:INFO:executable: C:\Users\youne\Desktop\AutoMLapp\.venv\Scripts\python.exe
2026-08-25 18:06:47,628:INFO:   machine: Windows-10-10.0.26200-SP0
2026-08-25 18:06:47,628:INFO:PyCaret required dependencies:
2026-08-25 18:06:47,628:INFO:                 pip: 26.2.1
2026-08-25 18:06:47,628:INFO:          setuptools: 80.10.2
2026-08-25 18:06:47,628:INFO:             pycaret: 3.3.2
2026-08-25 18:06:47,628:INFO:             IPython: 9.16.1
2026-08-25 18:06:47,629:INFO:          ipywidgets: 8.1.9
2026-08-25 18:06:47,629:INFO:                tqdm: 4.70.0
2026-08-25 18:06:47,629:INFO:               numpy: 1.26.4
2026-08-25 18:06:47,629:INFO:              pandas: 2.1.4
2026-08-25 18:06:47,629:INFO:              jinja2: 3.1.6
2026-08-25 18:06:47,629:INFO:               scipy: 1.11.4
2026-08-25 18:06:47,629:INFO:              joblib: 1.3.2
2026-08-25 18:06:47,629:INFO:             sklearn: 1.4.2
2026-08-25 18:06:47,629:INFO:                pyod: 3.4.0
2026-08-25 18:06:47,629:INFO:            imblearn: 0.14.2
2026-08-25 18:06:47,629:INFO:   category_encoders: 2.7.0
2026-08-25 18:06:47,630:INFO:            lightgbm: 4.7.0
2026-08-25 18:06:47,630:INFO:               numba: 0.59.1
2026-08-25 18:06:47,630:INFO:            requests: 2.34.2
2026-08-25 18:06:47,630:INFO:          matplotlib: 3.7.5
2026-08-25 18:06:47,630:INFO:          scikitplot: 0.3.7
2026-08-25 18:06:47,630:INFO:         yellowbrick: 1.5
2026-08-25 18:06:47,630:INFO:              plotly: 5.24.1
2026-08-25 18:06:47,630:INFO:    plotly-resampler: Not installed
2026-08-25 18:06:47,631:INFO:             kaleido: 1.3.0
2026-08-25 18:06:47,631:INFO:           schemdraw: 0.15
2026-08-25 18:06:47,631:INFO:         statsmodels: 0.14.6
2026-08-25 18:06:47,631:INFO:              sktime: 0.26.0
2026-08-25 18:06:47,631:INFO:               tbats: 1.1.3
2026-08-25 18:06:47,631:INFO:            pmdarima: 2.0.4
2026-08-25 18:06:47,631:INFO:              psutil: 7.2.2
2026-08-25 18:06:47,632:INFO:          markupsafe: 3.0.3
2026-08-25 18:06:47,632:INFO:             pickle5: Not installed
2026-08-25 18:06:47,632:INFO:         cloudpickle: 3.1.2
2026-08-25 18:06:47,632:INFO:         deprecation: 2.1.0
2026-08-25 18:06:47,632:INFO:              xxhash: 4.0.1
2026-08-25 18:06:47,632:INFO:           wurlitzer: Not installed
2026-08-25 18:06:47,632:INFO:PyCaret optional dependencies:
2026-08-25 18:06:47,633:INFO:                shap: Not installed
2026-08-25 18:06:47,633:INFO:           interpret: Not installed
2026-08-25 18:06:47,633:INFO:                umap: Not installed
2026-08-25 18:06:47,633:INFO:     ydata_profiling: Not installed
2026-08-25 18:06:47,633:INFO:  explainerdashboard: Not installed
2026-08-25 18:06:47,633:INFO:             autoviz: Not installed
2026-08-25 18:06:47,633:INFO:           fairlearn: Not installed
2026-08-25 18:06:47,633:INFO:          deepchecks: Not installed
2026-08-25 18:06:47,633:INFO:             xgboost: Not installed
2026-08-25 18:06:47,634:INFO:            catboost: Not installed
2026-08-25 18:06:47,634:INFO:              kmodes: Not installed
2026-08-25 18:06:47,634:INFO:             mlxtend: Not installed
2026-08-25 18:06:47,634:INFO:       statsforecast: Not installed
2026-08-25 18:06:47,634:INFO:        tune_sklearn: Not installed
2026-08-25 18:06:47,634:INFO:                 ray: Not installed
2026-08-25 18:06:47,634:INFO:            hyperopt: Not installed
2026-08-25 18:06:47,634:INFO:              optuna: Not installed
2026-08-25 18:06:47,634:INFO:               skopt: Not installed
2026-08-25 18:06:47,634:INFO:              mlflow: Not installed
2026-08-25 18:06:47,634:INFO:              gradio: Not installed
2026-08-25 18:06:47,634:INFO:             fastapi: Not installed
2026-08-25 18:06:47,634:INFO:             uvicorn: Not installed
2026-08-25 18:06:47,636:INFO:              m2cgen: Not installed
2026-08-25 18:06:47,636:INFO:           evidently: Not installed
2026-08-25 18:06:47,636:INFO:               fugue: Not installed
2026-08-25 18:06:47,636:INFO:           streamlit: 1.25.0
2026-08-25 18:06:47,636:INFO:             prophet: Not installed
2026-08-25 18:06:47,636:INFO:None
2026-08-25 18:06:47,637:INFO:Set up data.
2026-08-25 18:06:47,640:INFO:Set up folding strategy.
2026-08-25 18:06:47,641:INFO:Set up train/test split.
2026-08-25 18:06:47,645:INFO:Set up index.
2026-08-25 18:06:47,645:INFO:Assigning column types.
2026-08-25 18:06:47,649:INFO:Engine successfully changes for model 'lr' to 'sklearn'.
2026-08-25 18:06:47,715:INFO:Engine for model 'knn' has not been set explicitly, hence returning None.
2026-08-25 18:06:47,720:INFO:Engine for model 'rbfsvm' has not been set explicitly, hence returning None.
2026-08-25 18:06:47,765:WARNING:
'xgboost' is a soft dependency and not included in the pycaret installation. Please run: `pip install xgboost` to install.
Alternately, you can install this by running `pip install pycaret[models]`
2026-08-25 18:06:47,765:WARNING:
'catboost' is a soft dependency and not included in the pycaret installation. Please run: `pip install catboost` to install.
Alternately, you can install this by running `pip install pycaret[models]`
2026-08-25 18:06:47,826:INFO:Engine for model 'knn' has not been set explicitly, hence returning None.
2026-08-25 18:06:47,828:INFO:Engine for model 'rbfsvm' has not been set explicitly, hence returning None.
2026-08-25 18:06:47,861:WARNING:
'xgboost' is a soft dependency and not included in the pycaret installation. Please run: `pip install xgboost` to install.
Alternately, you can install this by running `pip install pycaret[models]`
2026-08-25 18:06:47,861:WARNING:
'catboost' is a soft dependency and not included in the pycaret installation. Please run: `pip install catboost` to install.
Alternately, you can install this by running `pip install pycaret[models]`
2026-08-25 18:06:47,861:INFO:Engine successfully changes for model 'knn' to 'sklearn'.
2026-08-25 18:06:47,929:INFO:Engine for model 'rbfsvm' has not been set explicitly, hence returning None.
2026-08-25 18:06:47,961:WARNING:
'xgboost' is a soft dependency and not included in the pycaret installation. Please run: `pip install xgboost` to install.
Alternately, you can install this by running `pip install pycaret[models]`
2026-08-25 18:06:47,962:WARNING:
'catboost' is a soft dependency and not included in the pycaret installation. Please run: `pip install catboost` to install.
Alternately, you can install this by running `pip install pycaret[models]`
2026-08-25 18:06:48,012:INFO:Engine for model 'rbfsvm' has not been set explicitly, hence returning None.
2026-08-25 18:06:48,039:WARNING:
'xgboost' is a soft dependency and not included in the pycaret installation. Please run: `pip install xgboost` to install.
Alternately, you can install this by running `pip install pycaret[models]`
2026-08-25 18:06:48,039:WARNING:
'catboost' is a soft dependency and not included in the pycaret installation. Please run: `pip install catboost` to install.
Alternately, you can install this by running `pip install pycaret[models]`
2026-08-25 18:06:48,039:INFO:Engine successfully changes for model 'rbfsvm' to 'sklearn'.
2026-08-25 18:06:48,109:WARNING:
'xgboost' is a soft dependency and not included in the pycaret installation. Please run: `pip install xgboost` to install.
Alternately, you can install this by running `pip install pycaret[models]`
2026-08-25 18:06:48,109:WARNING:
'catboost' is a soft dependency and not included in the pycaret installation. Please run: `pip install catboost` to install.
Alternately, you can install this by running `pip install pycaret[models]`
2026-08-25 18:06:48,186:WARNING:
'xgboost' is a soft dependency and not included in the pycaret installation. Please run: `pip install xgboost` to install.
Alternately, you can install this by running `pip install pycaret[models]`
2026-08-25 18:06:48,186:WARNING:
'catboost' is a soft dependency and not included in the pycaret installation. Please run: `pip install catboost` to install.
Alternately, you can install this by running `pip install pycaret[models]`
2026-08-25 18:06:48,187:INFO:Preparing preprocessing pipeline...
2026-08-25 18:06:48,188:INFO:Set up label encoding.
2026-08-25 18:06:48,188:INFO:Set up simple imputation.
2026-08-25 18:06:48,188:INFO:Set up column name cleaning.
2026-08-25 18:06:48,210:INFO:Finished creating preprocessing pipeline.
2026-08-25 18:06:48,214:INFO:Pipeline: Pipeline(memory=FastMemory(location=C:\Users\youne\AppData\Local\Temp\joblib),
         steps=[('label_encoding',
                 TransformerWrapperWithInverse(exclude=None, include=None,
                                               transformer=LabelEncoder())),
                ('numerical_imputer',
                 TransformerWrapper(exclude=None,
                                    include=['sepal.length', 'sepal.width',
                                             'petal.length', 'petal.width'],
                                    transformer=SimpleImputer(add_indicator=F...
                ('categorical_imputer',
                 TransformerWrapper(exclude=None, include=[],
                                    transformer=SimpleImputer(add_indicator=False,
                                                              copy=True,
                                                              fill_value=None,
                                                              keep_empty_features=False,
                                                              missing_values=nan,
                                                              strategy='most_frequent'))),
                ('clean_column_names',
                 TransformerWrapper(exclude=None, include=None,
                                    transformer=CleanColumnNames(match='[\\]\\[\\,\\{\\}\\"\\:]+')))],
         verbose=False)
2026-08-25 18:06:48,214:INFO:Creating final display dataframe.
2026-08-25 18:06:48,291:INFO:Setup _display_container:                     Description                                   Value
0                    Session id                                      42
1                        Target                                 variety
2                   Target type                              Multiclass
3                Target mapping  Setosa: 0, Versicolor: 1, Virginica: 2
4           Original data shape                                (150, 5)
5        Transformed data shape                                (150, 5)
6   Transformed train set shape                                (105, 5)
7    Transformed test set shape                                 (45, 5)
8              Numeric features                                       4
9                    Preprocess                                    True
10              Imputation type                                  simple
11           Numeric imputation                                    mean
12       Categorical imputation                                    mode
13               Fold Generator                         StratifiedKFold
14                  Fold Number                                      10
15                     CPU Jobs                                      -1
16                      Use GPU                                   False
17               Log Experiment                                   False
18              Experiment Name                        clf-default-name
19                          USI                                    83cc
2026-08-25 18:06:48,372:WARNING:
'xgboost' is a soft dependency and not included in the pycaret installation. Please run: `pip install xgboost` to install.
Alternately, you can install this by running `pip install pycaret[models]`
2026-08-25 18:06:48,372:WARNING:
'catboost' is a soft dependency and not included in the pycaret installation. Please run: `pip install catboost` to install.
Alternately, you can install this by running `pip install pycaret[models]`
2026-08-25 18:06:48,458:WARNING:
'xgboost' is a soft dependency and not included in the pycaret installation. Please run: `pip install xgboost` to install.
Alternately, you can install this by running `pip install pycaret[models]`
2026-08-25 18:06:48,458:WARNING:
'catboost' is a soft dependency and not included in the pycaret installation. Please run: `pip install catboost` to install.
Alternately, you can install this by running `pip install pycaret[models]`
2026-08-25 18:06:48,459:INFO:setup() successfully completed in 0.83s...............
2026-08-25 18:06:48,459:INFO:Initializing compare_models()
2026-08-25 18:06:48,459:INFO:compare_models(self=<pycaret.classification.oop.ClassificationExperiment object at 0x0000022123C69050>, include=None, exclude=None, fold=None, round=4, cross_validation=True, sort=Accuracy, n_select=1, budget_time=None, turbo=True, errors=ignore, fit_kwargs=None, groups=None, experiment_custom_tags=None, probability_threshold=None, verbose=True, parallel=None, caller_params={'self': <pycaret.classification.oop.ClassificationExperiment object at 0x0000022123C69050>, 'include': None, 'exclude': None, 'fold': None, 'round': 4, 'cross_validation': True, 'sort': 'Accuracy', 'n_select': 1, 'budget_time': None, 'turbo': True, 'errors': 'ignore', 'fit_kwargs': None, 'groups': None, 'experiment_custom_tags': None, 'probability_threshold': None, 'engine': None, 'verbose': True, 'parallel': None, '__class__': <class 'pycaret.classification.oop.ClassificationExperiment'>})
2026-08-25 18:06:48,459:INFO:Checking exceptions
2026-08-25 18:06:48,462:INFO:Preparing display monitor
2026-08-25 18:06:48,464:INFO:Initializing Logistic Regression
2026-08-25 18:06:48,465:INFO:Total runtime is 0.0 minutes
2026-08-25 18:06:48,465:INFO:SubProcess create_model() called ==================================
2026-08-25 18:06:48,465:INFO:Initializing create_model()
2026-08-25 18:06:48,465:INFO:create_model(self=<pycaret.classification.oop.ClassificationExperiment object at 0x0000022123C69050>, estimator=lr, fold=StratifiedKFold(n_splits=10, random_state=None, shuffle=False), round=4, cross_validation=True, predict=True, fit_kwargs={}, groups=None, refit=False, probability_threshold=None, experiment_custom_tags=None, verbose=False, system=False, add_to_model_list=True, metrics=None, display=<pycaret.internal.display.display.CommonDisplay object at 0x000002212689B3D0>, model_only=True, return_train_score=False, error_score=0.0, kwargs={})
2026-08-25 18:06:48,465:INFO:Checking exceptions
2026-08-25 18:06:48,465:INFO:Importing libraries
2026-08-25 18:06:48,465:INFO:Copying training dataset
2026-08-25 18:06:48,468:INFO:Defining folds
2026-08-25 18:06:48,468:INFO:Declaring metric variables
2026-08-25 18:06:48,468:INFO:Importing untrained model
2026-08-25 18:06:48,468:INFO:Logistic Regression Imported successfully
2026-08-25 18:06:48,468:INFO:Starting cross validation
2026-08-25 18:06:48,469:INFO:Cross validating with StratifiedKFold(n_splits=10, random_state=None, shuffle=False), n_jobs=-1
2026-08-25 18:06:48,520:WARNING:C:\Users\youne\Desktop\AutoMLapp\.venv\Lib\site-packages\pycaret\internal\metrics.py:204: FitFailedWarning: Metric 'make_scorer(roc_auc_score, response_method=('decision_function', 'predict_proba'), average=weighted, multi_class=ovr)' failed and error score 0.0 has been returned instead. If this is a custom metric, this usually means that the error is in the metric code. Full exception below:
Traceback (most recent call last):
  File "C:\Users\youne\Desktop\AutoMLapp\.venv\Lib\site-packages\pycaret\internal\metrics.py", line 196, in _score
    return super()._score(
           ^^^^^^^^^^^^^^^
  File "C:\Users\youne\Desktop\AutoMLapp\.venv\Lib\site-packages\sklearn\metrics\_scorer.py", line 350, in _score
    return self._sign * self._score_func(y_true, y_pred, **scoring_kwargs)
                        ^^^^^^^^^^^^^^^^^^^^^^^^^^^^^^^^^^^^^^^^^^^^^^^^^^
  File "C:\Users\youne\Desktop\AutoMLapp\.venv\Lib\site-packages\pycaret\internal\metrics.py", line 144, in __call__
    return self.score_func(y_true, y_pred, **kwargs)
           ^^^^^^^^^^^^^^^^^^^^^^^^^^^^^^^^^^^^^^^^^
  File "C:\Users\youne\Desktop\AutoMLapp\.venv\Lib\site-packages\sklearn\utils\_param_validation.py", line 213, in wrapper
    return func(*args, **kwargs)
           ^^^^^^^^^^^^^^^^^^^^^
  File "C:\Users\youne\Desktop\AutoMLapp\.venv\Lib\site-packages\sklearn\metrics\_ranking.py", line 634, in roc_auc_score
    return _multiclass_roc_auc_score(
           ^^^^^^^^^^^^^^^^^^^^^^^^^^
  File "C:\Users\youne\Desktop\AutoMLapp\.venv\Lib\site-packages\sklearn\metrics\_ranking.py", line 707, in _multiclass_roc_auc_score
    raise ValueError(
ValueError: Target scores need to be probabilities for multiclass roc_auc, i.e. they should sum up to 1.0 over classes

  warnings.warn(

2026-08-25 18:06:48,520:WARNING:C:\Users\youne\Desktop\AutoMLapp\.venv\Lib\site-packages\pycaret\internal\metrics.py:204: FitFailedWarning: Metric 'make_scorer(roc_auc_score, response_method=('decision_function', 'predict_proba'), average=weighted, multi_class=ovr)' failed and error score 0.0 has been returned instead. If this is a custom metric, this usually means that the error is in the metric code. Full exception below:
Traceback (most recent call last):
  File "C:\Users\youne\Desktop\AutoMLapp\.venv\Lib\site-packages\pycaret\internal\metrics.py", line 196, in _score
    return super()._score(
           ^^^^^^^^^^^^^^^
  File "C:\Users\youne\Desktop\AutoMLapp\.venv\Lib\site-packages\sklearn\metrics\_scorer.py", line 350, in _score
    return self._sign * self._score_func(y_true, y_pred, **scoring_kwargs)
                        ^^^^^^^^^^^^^^^^^^^^^^^^^^^^^^^^^^^^^^^^^^^^^^^^^^
  File "C:\Users\youne\Desktop\AutoMLapp\.venv\Lib\site-packages\pycaret\internal\metrics.py", line 144, in __call__
    return self.score_func(y_true, y_pred, **kwargs)
           ^^^^^^^^^^^^^^^^^^^^^^^^^^^^^^^^^^^^^^^^^
  File "C:\Users\youne\Desktop\AutoMLapp\.venv\Lib\site-packages\sklearn\utils\_param_validation.py", line 213, in wrapper
    return func(*args, **kwargs)
           ^^^^^^^^^^^^^^^^^^^^^
  File "C:\Users\youne\Desktop\AutoMLapp\.venv\Lib\site-packages\sklearn\metrics\_ranking.py", line 634, in roc_auc_score
    return _multiclass_roc_auc_score(
           ^^^^^^^^^^^^^^^^^^^^^^^^^^
  File "C:\Users\youne\Desktop\AutoMLapp\.venv\Lib\site-packages\sklearn\metrics\_ranking.py", line 707, in _multiclass_roc_auc_score
    raise ValueError(
ValueError: Target scores need to be probabilities for multiclass roc_auc, i.e. they should sum up to 1.0 over classes

  warnings.warn(

2026-08-25 18:06:48,520:WARNING:C:\Users\youne\Desktop\AutoMLapp\.venv\Lib\site-packages\pycaret\internal\metrics.py:204: FitFailedWarning: Metric 'make_scorer(roc_auc_score, response_method=('decision_function', 'predict_proba'), average=weighted, multi_class=ovr)' failed and error score 0.0 has been returned instead. If this is a custom metric, this usually means that the error is in the metric code. Full exception below:
Traceback (most recent call last):
  File "C:\Users\youne\Desktop\AutoMLapp\.venv\Lib\site-packages\pycaret\internal\metrics.py", line 196, in _score
    return super()._score(
           ^^^^^^^^^^^^^^^
  File "C:\Users\youne\Desktop\AutoMLapp\.venv\Lib\site-packages\sklearn\metrics\_scorer.py", line 350, in _score
    return self._sign * self._score_func(y_true, y_pred, **scoring_kwargs)
                        ^^^^^^^^^^^^^^^^^^^^^^^^^^^^^^^^^^^^^^^^^^^^^^^^^^
  File "C:\Users\youne\Desktop\AutoMLapp\.venv\Lib\site-packages\pycaret\internal\metrics.py", line 144, in __call__
    return self.score_func(y_true, y_pred, **kwargs)
           ^^^^^^^^^^^^^^^^^^^^^^^^^^^^^^^^^^^^^^^^^
  File "C:\Users\youne\Desktop\AutoMLapp\.venv\Lib\site-packages\sklearn\utils\_param_validation.py", line 213, in wrapper
    return func(*args, **kwargs)
           ^^^^^^^^^^^^^^^^^^^^^
  File "C:\Users\youne\Desktop\AutoMLapp\.venv\Lib\site-packages\sklearn\metrics\_ranking.py", line 634, in roc_auc_score
    return _multiclass_roc_auc_score(
           ^^^^^^^^^^^^^^^^^^^^^^^^^^
  File "C:\Users\youne\Desktop\AutoMLapp\.venv\Lib\site-packages\sklearn\metrics\_ranking.py", line 707, in _multiclass_roc_auc_score
    raise ValueError(
ValueError: Target scores need to be probabilities for multiclass roc_auc, i.e. they should sum up to 1.0 over classes

  warnings.warn(

2026-08-25 18:06:48,523:WARNING:C:\Users\youne\Desktop\AutoMLapp\.venv\Lib\site-packages\pycaret\internal\metrics.py:204: FitFailedWarning: Metric 'make_scorer(roc_auc_score, response_method=('decision_function', 'predict_proba'), average=weighted, multi_class=ovr)' failed and error score 0.0 has been returned instead. If this is a custom metric, this usually means that the error is in the metric code. Full exception below:
Traceback (most recent call last):
  File "C:\Users\youne\Desktop\AutoMLapp\.venv\Lib\site-packages\pycaret\internal\metrics.py", line 196, in _score
    return super()._score(
           ^^^^^^^^^^^^^^^
  File "C:\Users\youne\Desktop\AutoMLapp\.venv\Lib\site-packages\sklearn\metrics\_scorer.py", line 350, in _score
    return self._sign * self._score_func(y_true, y_pred, **scoring_kwargs)
                        ^^^^^^^^^^^^^^^^^^^^^^^^^^^^^^^^^^^^^^^^^^^^^^^^^^
  File "C:\Users\youne\Desktop\AutoMLapp\.venv\Lib\site-packages\pycaret\internal\metrics.py", line 144, in __call__
    return self.score_func(y_true, y_pred, **kwargs)
           ^^^^^^^^^^^^^^^^^^^^^^^^^^^^^^^^^^^^^^^^^
  File "C:\Users\youne\Desktop\AutoMLapp\.venv\Lib\site-packages\sklearn\utils\_param_validation.py", line 213, in wrapper
    return func(*args, **kwargs)
           ^^^^^^^^^^^^^^^^^^^^^
  File "C:\Users\youne\Desktop\AutoMLapp\.venv\Lib\site-packages\sklearn\metrics\_ranking.py", line 634, in roc_auc_score
    return _multiclass_roc_auc_score(
           ^^^^^^^^^^^^^^^^^^^^^^^^^^
  File "C:\Users\youne\Desktop\AutoMLapp\.venv\Lib\site-packages\sklearn\metrics\_ranking.py", line 707, in _multiclass_roc_auc_score
    raise ValueError(
ValueError: Target scores need to be probabilities for multiclass roc_auc, i.e. they should sum up to 1.0 over classes

  warnings.warn(

2026-08-25 18:06:48,524:WARNING:C:\Users\youne\Desktop\AutoMLapp\.venv\Lib\site-packages\sklearn\metrics\_classification.py:1561: UserWarning: Note that pos_label (set to 'Virginica') is ignored when average != 'binary' (got 'weighted'). You may use labels=[pos_label] to specify a single positive class.
  warnings.warn(

2026-08-25 18:06:48,524:WARNING:C:\Users\youne\Desktop\AutoMLapp\.venv\Lib\site-packages\sklearn\metrics\_classification.py:1561: UserWarning: Note that pos_label (set to 'Virginica') is ignored when average != 'binary' (got 'weighted'). You may use labels=[pos_label] to specify a single positive class.
  warnings.warn(

2026-08-25 18:06:48,524:WARNING:C:\Users\youne\Desktop\AutoMLapp\.venv\Lib\site-packages\pycaret\internal\metrics.py:204: FitFailedWarning: Metric 'make_scorer(roc_auc_score, response_method=('decision_function', 'predict_proba'), average=weighted, multi_class=ovr)' failed and error score 0.0 has been returned instead. If this is a custom metric, this usually means that the error is in the metric code. Full exception below:
Traceback (most recent call last):
  File "C:\Users\youne\Desktop\AutoMLapp\.venv\Lib\site-packages\pycaret\internal\metrics.py", line 196, in _score
    return super()._score(
           ^^^^^^^^^^^^^^^
  File "C:\Users\youne\Desktop\AutoMLapp\.venv\Lib\site-packages\sklearn\metrics\_scorer.py", line 350, in _score
    return self._sign * self._score_func(y_true, y_pred, **scoring_kwargs)
                        ^^^^^^^^^^^^^^^^^^^^^^^^^^^^^^^^^^^^^^^^^^^^^^^^^^
  File "C:\Users\youne\Desktop\AutoMLapp\.venv\Lib\site-packages\pycaret\internal\metrics.py", line 144, in __call__
    return self.score_func(y_true, y_pred, **kwargs)
           ^^^^^^^^^^^^^^^^^^^^^^^^^^^^^^^^^^^^^^^^^
  File "C:\Users\youne\Desktop\AutoMLapp\.venv\Lib\site-packages\sklearn\utils\_param_validation.py", line 213, in wrapper
    return func(*args, **kwargs)
           ^^^^^^^^^^^^^^^^^^^^^
  File "C:\Users\youne\Desktop\AutoMLapp\.venv\Lib\site-packages\sklearn\metrics\_ranking.py", line 634, in roc_auc_score
    return _multiclass_roc_auc_score(
           ^^^^^^^^^^^^^^^^^^^^^^^^^^
  File "C:\Users\youne\Desktop\AutoMLapp\.venv\Lib\site-packages\sklearn\metrics\_ranking.py", line 707, in _multiclass_roc_auc_score
    raise ValueError(
ValueError: Target scores need to be probabilities for multiclass roc_auc, i.e. they should sum up to 1.0 over classes

  warnings.warn(

2026-08-25 18:06:48,524:WARNING:C:\Users\youne\Desktop\AutoMLapp\.venv\Lib\site-packages\pycaret\internal\metrics.py:204: FitFailedWarning: Metric 'make_scorer(roc_auc_score, response_method=('decision_function', 'predict_proba'), average=weighted, multi_class=ovr)' failed and error score 0.0 has been returned instead. If this is a custom metric, this usually means that the error is in the metric code. Full exception below:
Traceback (most recent call last):
  File "C:\Users\youne\Desktop\AutoMLapp\.venv\Lib\site-packages\pycaret\internal\metrics.py", line 196, in _score
    return super()._score(
           ^^^^^^^^^^^^^^^
  File "C:\Users\youne\Desktop\AutoMLapp\.venv\Lib\site-packages\sklearn\metrics\_scorer.py", line 350, in _score
    return self._sign * self._score_func(y_true, y_pred, **scoring_kwargs)
                        ^^^^^^^^^^^^^^^^^^^^^^^^^^^^^^^^^^^^^^^^^^^^^^^^^^
  File "C:\Users\youne\Desktop\AutoMLapp\.venv\Lib\site-packages\pycaret\internal\metrics.py", line 144, in __call__
    return self.score_func(y_true, y_pred, **kwargs)
           ^^^^^^^^^^^^^^^^^^^^^^^^^^^^^^^^^^^^^^^^^
  File "C:\Users\youne\Desktop\AutoMLapp\.venv\Lib\site-packages\sklearn\utils\_param_validation.py", line 213, in wrapper
    return func(*args, **kwargs)
           ^^^^^^^^^^^^^^^^^^^^^
  File "C:\Users\youne\Desktop\AutoMLapp\.venv\Lib\site-packages\sklearn\metrics\_ranking.py", line 634, in roc_auc_score
    return _multiclass_roc_auc_score(
           ^^^^^^^^^^^^^^^^^^^^^^^^^^
  File "C:\Users\youne\Desktop\AutoMLapp\.venv\Lib\site-packages\sklearn\metrics\_ranking.py", line 707, in _multiclass_roc_auc_score
    raise ValueError(
ValueError: Target scores need to be probabilities for multiclass roc_auc, i.e. they should sum up to 1.0 over classes

  warnings.warn(

2026-08-25 18:06:48,526:WARNING:C:\Users\youne\Desktop\AutoMLapp\.venv\Lib\site-packages\sklearn\metrics\_classification.py:1561: UserWarning: Note that pos_label (set to 'Virginica') is ignored when average != 'binary' (got 'weighted'). You may use labels=[pos_label] to specify a single positive class.
  warnings.warn(

2026-08-25 18:06:48,527:WARNING:C:\Users\youne\Desktop\AutoMLapp\.venv\Lib\site-packages\pycaret\internal\metrics.py:204: FitFailedWarning: Metric 'make_scorer(roc_auc_score, response_method=('decision_function', 'predict_proba'), average=weighted, multi_class=ovr)' failed and error score 0.0 has been returned instead. If this is a custom metric, this usually means that the error is in the metric code. Full exception below:
Traceback (most recent call last):
  File "C:\Users\youne\Desktop\AutoMLapp\.venv\Lib\site-packages\pycaret\internal\metrics.py", line 196, in _score
    return super()._score(
           ^^^^^^^^^^^^^^^
  File "C:\Users\youne\Desktop\AutoMLapp\.venv\Lib\site-packages\sklearn\metrics\_scorer.py", line 350, in _score
    return self._sign * self._score_func(y_true, y_pred, **scoring_kwargs)
                        ^^^^^^^^^^^^^^^^^^^^^^^^^^^^^^^^^^^^^^^^^^^^^^^^^^
  File "C:\Users\youne\Desktop\AutoMLapp\.venv\Lib\site-packages\pycaret\internal\metrics.py", line 144, in __call__
    return self.score_func(y_true, y_pred, **kwargs)
           ^^^^^^^^^^^^^^^^^^^^^^^^^^^^^^^^^^^^^^^^^
  File "C:\Users\youne\Desktop\AutoMLapp\.venv\Lib\site-packages\sklearn\utils\_param_validation.py", line 213, in wrapper
    return func(*args, **kwargs)
           ^^^^^^^^^^^^^^^^^^^^^
  File "C:\Users\youne\Desktop\AutoMLapp\.venv\Lib\site-packages\sklearn\metrics\_ranking.py", line 634, in roc_auc_score
    return _multiclass_roc_auc_score(
           ^^^^^^^^^^^^^^^^^^^^^^^^^^
  File "C:\Users\youne\Desktop\AutoMLapp\.venv\Lib\site-packages\sklearn\metrics\_ranking.py", line 707, in _multiclass_roc_auc_score
    raise ValueError(
ValueError: Target scores need to be probabilities for multiclass roc_auc, i.e. they should sum up to 1.0 over classes

  warnings.warn(

2026-08-25 18:06:48,527:WARNING:C:\Users\youne\Desktop\AutoMLapp\.venv\Lib\site-packages\pycaret\internal\metrics.py:204: FitFailedWarning: Metric 'make_scorer(roc_auc_score, response_method=('decision_function', 'predict_proba'), average=weighted, multi_class=ovr)' failed and error score 0.0 has been returned instead. If this is a custom metric, this usually means that the error is in the metric code. Full exception below:
Traceback (most recent call last):
  File "C:\Users\youne\Desktop\AutoMLapp\.venv\Lib\site-packages\pycaret\internal\metrics.py", line 196, in _score
    return super()._score(
           ^^^^^^^^^^^^^^^
  File "C:\Users\youne\Desktop\AutoMLapp\.venv\Lib\site-packages\sklearn\metrics\_scorer.py", line 350, in _score
    return self._sign * self._score_func(y_true, y_pred, **scoring_kwargs)
                        ^^^^^^^^^^^^^^^^^^^^^^^^^^^^^^^^^^^^^^^^^^^^^^^^^^
  File "C:\Users\youne\Desktop\AutoMLapp\.venv\Lib\site-packages\pycaret\internal\metrics.py", line 144, in __call__
    return self.score_func(y_true, y_pred, **kwargs)
           ^^^^^^^^^^^^^^^^^^^^^^^^^^^^^^^^^^^^^^^^^
  File "C:\Users\youne\Desktop\AutoMLapp\.venv\Lib\site-packages\sklearn\utils\_param_validation.py", line 213, in wrapper
    return func(*args, **kwargs)
           ^^^^^^^^^^^^^^^^^^^^^
  File "C:\Users\youne\Desktop\AutoMLapp\.venv\Lib\site-packages\sklearn\metrics\_ranking.py", line 634, in roc_auc_score
    return _multiclass_roc_auc_score(
           ^^^^^^^^^^^^^^^^^^^^^^^^^^
  File "C:\Users\youne\Desktop\AutoMLapp\.venv\Lib\site-packages\sklearn\metrics\_ranking.py", line 707, in _multiclass_roc_auc_score
    raise ValueError(
ValueError: Target scores need to be probabilities for multiclass roc_auc, i.e. they should sum up to 1.0 over classes

  warnings.warn(

2026-08-25 18:06:48,527:WARNING:C:\Users\youne\Desktop\AutoMLapp\.venv\Lib\site-packages\sklearn\metrics\_classification.py:1561: UserWarning: Note that pos_label (set to 'Virginica') is ignored when average != 'binary' (got 'weighted'). You may use labels=[pos_label] to specify a single positive class.
  warnings.warn(

2026-08-25 18:06:48,527:WARNING:C:\Users\youne\Desktop\AutoMLapp\.venv\Lib\site-packages\sklearn\metrics\_classification.py:1561: UserWarning: Note that pos_label (set to 'Virginica') is ignored when average != 'binary' (got 'weighted'). You may use labels=[pos_label] to specify a single positive class.
  warnings.warn(

2026-08-25 18:06:48,528:WARNING:C:\Users\youne\Desktop\AutoMLapp\.venv\Lib\site-packages\sklearn\metrics\_classification.py:1561: UserWarning: Note that pos_label (set to 'Virginica') is ignored when average != 'binary' (got 'weighted'). You may use labels=[pos_label] to specify a single positive class.
  warnings.warn(

2026-08-25 18:06:48,528:WARNING:C:\Users\youne\Desktop\AutoMLapp\.venv\Lib\site-packages\sklearn\metrics\_classification.py:1561: UserWarning: Note that pos_label (set to 'Virginica') is ignored when average != 'binary' (got 'weighted'). You may use labels=[pos_label] to specify a single positive class.
  warnings.warn(

2026-08-25 18:06:48,528:WARNING:C:\Users\youne\Desktop\AutoMLapp\.venv\Lib\site-packages\pycaret\internal\metrics.py:204: FitFailedWarning: Metric 'make_scorer(roc_auc_score, response_method=('decision_function', 'predict_proba'), average=weighted, multi_class=ovr)' failed and error score 0.0 has been returned instead. If this is a custom metric, this usually means that the error is in the metric code. Full exception below:
Traceback (most recent call last):
  File "C:\Users\youne\Desktop\AutoMLapp\.venv\Lib\site-packages\pycaret\internal\metrics.py", line 196, in _score
    return super()._score(
           ^^^^^^^^^^^^^^^
  File "C:\Users\youne\Desktop\AutoMLapp\.venv\Lib\site-packages\sklearn\metrics\_scorer.py", line 350, in _score
    return self._sign * self._score_func(y_true, y_pred, **scoring_kwargs)
                        ^^^^^^^^^^^^^^^^^^^^^^^^^^^^^^^^^^^^^^^^^^^^^^^^^^
  File "C:\Users\youne\Desktop\AutoMLapp\.venv\Lib\site-packages\pycaret\internal\metrics.py", line 144, in __call__
    return self.score_func(y_true, y_pred, **kwargs)
           ^^^^^^^^^^^^^^^^^^^^^^^^^^^^^^^^^^^^^^^^^
  File "C:\Users\youne\Desktop\AutoMLapp\.venv\Lib\site-packages\sklearn\utils\_param_validation.py", line 213, in wrapper
    return func(*args, **kwargs)
           ^^^^^^^^^^^^^^^^^^^^^
  File "C:\Users\youne\Desktop\AutoMLapp\.venv\Lib\site-packages\sklearn\metrics\_ranking.py", line 634, in roc_auc_score
    return _multiclass_roc_auc_score(
           ^^^^^^^^^^^^^^^^^^^^^^^^^^
  File "C:\Users\youne\Desktop\AutoMLapp\.venv\Lib\site-packages\sklearn\metrics\_ranking.py", line 707, in _multiclass_roc_auc_score
    raise ValueError(
ValueError: Target scores need to be probabilities for multiclass roc_auc, i.e. they should sum up to 1.0 over classes

  warnings.warn(

2026-08-25 18:06:48,529:WARNING:C:\Users\youne\Desktop\AutoMLapp\.venv\Lib\site-packages\sklearn\metrics\_classification.py:1561: UserWarning: Note that pos_label (set to 'Virginica') is ignored when average != 'binary' (got 'weighted'). You may use labels=[pos_label] to specify a single positive class.
  warnings.warn(

2026-08-25 18:06:48,529:WARNING:C:\Users\youne\Desktop\AutoMLapp\.venv\Lib\site-packages\sklearn\metrics\_classification.py:1561: UserWarning: Note that pos_label (set to 'Virginica') is ignored when average != 'binary' (got 'weighted'). You may use labels=[pos_label] to specify a single positive class.
  warnings.warn(

2026-08-25 18:06:48,530:WARNING:C:\Users\youne\Desktop\AutoMLapp\.venv\Lib\site-packages\sklearn\metrics\_classification.py:1561: UserWarning: Note that pos_label (set to 'Virginica') is ignored when average != 'binary' (got 'weighted'). You may use labels=[pos_label] to specify a single positive class.
  warnings.warn(

2026-08-25 18:06:48,530:WARNING:C:\Users\youne\Desktop\AutoMLapp\.venv\Lib\site-packages\sklearn\metrics\_classification.py:1561: UserWarning: Note that pos_label (set to 'Virginica') is ignored when average != 'binary' (got 'weighted'). You may use labels=[pos_label] to specify a single positive class.
  warnings.warn(

2026-08-25 18:06:48,531:WARNING:C:\Users\youne\Desktop\AutoMLapp\.venv\Lib\site-packages\sklearn\metrics\_classification.py:1561: UserWarning: Note that pos_label (set to 'Virginica') is ignored when average != 'binary' (got 'weighted'). You may use labels=[pos_label] to specify a single positive class.
  warnings.warn(

2026-08-25 18:06:48,531:WARNING:C:\Users\youne\Desktop\AutoMLapp\.venv\Lib\site-packages\sklearn\metrics\_classification.py:1561: UserWarning: Note that pos_label (set to 'Virginica') is ignored when average != 'binary' (got 'weighted'). You may use labels=[pos_label] to specify a single positive class.
  warnings.warn(

2026-08-25 18:06:48,531:WARNING:C:\Users\youne\Desktop\AutoMLapp\.venv\Lib\site-packages\sklearn\metrics\_classification.py:1561: UserWarning: Note that pos_label (set to 'Virginica') is ignored when average != 'binary' (got 'weighted'). You may use labels=[pos_label] to specify a single positive class.
  warnings.warn(

2026-08-25 18:06:48,531:WARNING:C:\Users\youne\Desktop\AutoMLapp\.venv\Lib\site-packages\sklearn\metrics\_classification.py:1561: UserWarning: Note that pos_label (set to 'Virginica') is ignored when average != 'binary' (got 'weighted'). You may use labels=[pos_label] to specify a single positive class.
  warnings.warn(

2026-08-25 18:06:48,531:WARNING:C:\Users\youne\Desktop\AutoMLapp\.venv\Lib\site-packages\sklearn\metrics\_classification.py:1561: UserWarning: Note that pos_label (set to 'Virginica') is ignored when average != 'binary' (got 'weighted'). You may use labels=[pos_label] to specify a single positive class.
  warnings.warn(

2026-08-25 18:06:48,531:WARNING:C:\Users\youne\Desktop\AutoMLapp\.venv\Lib\site-packages\sklearn\metrics\_classification.py:1561: UserWarning: Note that pos_label (set to 'Virginica') is ignored when average != 'binary' (got 'weighted'). You may use labels=[pos_label] to specify a single positive class.
  warnings.warn(

2026-08-25 18:06:48,532:WARNING:C:\Users\youne\Desktop\AutoMLapp\.venv\Lib\site-packages\sklearn\metrics\_classification.py:1561: UserWarning: Note that pos_label (set to 'Virginica') is ignored when average != 'binary' (got 'weighted'). You may use labels=[pos_label] to specify a single positive class.
  warnings.warn(

2026-08-25 18:06:48,532:WARNING:C:\Users\youne\Desktop\AutoMLapp\.venv\Lib\site-packages\sklearn\metrics\_classification.py:1561: UserWarning: Note that pos_label (set to 'Virginica') is ignored when average != 'binary' (got 'weighted'). You may use labels=[pos_label] to specify a single positive class.
  warnings.warn(

2026-08-25 18:06:48,534:WARNING:C:\Users\youne\Desktop\AutoMLapp\.venv\Lib\site-packages\sklearn\metrics\_classification.py:1561: UserWarning: Note that pos_label (set to 'Virginica') is ignored when average != 'binary' (got 'weighted'). You may use labels=[pos_label] to specify a single positive class.
  warnings.warn(

2026-08-25 18:06:48,534:WARNING:C:\Users\youne\Desktop\AutoMLapp\.venv\Lib\site-packages\sklearn\metrics\_classification.py:1561: UserWarning: Note that pos_label (set to 'Virginica') is ignored when average != 'binary' (got 'weighted'). You may use labels=[pos_label] to specify a single positive class.
  warnings.warn(

2026-08-25 18:06:48,534:WARNING:C:\Users\youne\Desktop\AutoMLapp\.venv\Lib\site-packages\sklearn\metrics\_classification.py:1561: UserWarning: Note that pos_label (set to 'Virginica') is ignored when average != 'binary' (got 'weighted'). You may use labels=[pos_label] to specify a single positive class.
  warnings.warn(

2026-08-25 18:06:48,534:WARNING:C:\Users\youne\Desktop\AutoMLapp\.venv\Lib\site-packages\pycaret\internal\metrics.py:204: FitFailedWarning: Metric 'make_scorer(roc_auc_score, response_method=('decision_function', 'predict_proba'), average=weighted, multi_class=ovr)' failed and error score 0.0 has been returned instead. If this is a custom metric, this usually means that the error is in the metric code. Full exception below:
Traceback (most recent call last):
  File "C:\Users\youne\Desktop\AutoMLapp\.venv\Lib\site-packages\pycaret\internal\metrics.py", line 196, in _score
    return super()._score(
           ^^^^^^^^^^^^^^^
  File "C:\Users\youne\Desktop\AutoMLapp\.venv\Lib\site-packages\sklearn\metrics\_scorer.py", line 350, in _score
    return self._sign * self._score_func(y_true, y_pred, **scoring_kwargs)
                        ^^^^^^^^^^^^^^^^^^^^^^^^^^^^^^^^^^^^^^^^^^^^^^^^^^
  File "C:\Users\youne\Desktop\AutoMLapp\.venv\Lib\site-packages\pycaret\internal\metrics.py", line 144, in __call__
    return self.score_func(y_true, y_pred, **kwargs)
           ^^^^^^^^^^^^^^^^^^^^^^^^^^^^^^^^^^^^^^^^^
  File "C:\Users\youne\Desktop\AutoMLapp\.venv\Lib\site-packages\sklearn\utils\_param_validation.py", line 213, in wrapper
    return func(*args, **kwargs)
           ^^^^^^^^^^^^^^^^^^^^^
  File "C:\Users\youne\Desktop\AutoMLapp\.venv\Lib\site-packages\sklearn\metrics\_ranking.py", line 634, in roc_auc_score
    return _multiclass_roc_auc_score(
           ^^^^^^^^^^^^^^^^^^^^^^^^^^
  File "C:\Users\youne\Desktop\AutoMLapp\.venv\Lib\site-packages\sklearn\metrics\_ranking.py", line 707, in _multiclass_roc_auc_score
    raise ValueError(
ValueError: Target scores need to be probabilities for multiclass roc_auc, i.e. they should sum up to 1.0 over classes

  warnings.warn(

2026-08-25 18:06:48,535:WARNING:C:\Users\youne\Desktop\AutoMLapp\.venv\Lib\site-packages\sklearn\metrics\_classification.py:1561: UserWarning: Note that pos_label (set to 'Virginica') is ignored when average != 'binary' (got 'weighted'). You may use labels=[pos_label] to specify a single positive class.
  warnings.warn(

2026-08-25 18:06:48,537:WARNING:C:\Users\youne\Desktop\AutoMLapp\.venv\Lib\site-packages\sklearn\metrics\_classification.py:1561: UserWarning: Note that pos_label (set to 'Virginica') is ignored when average != 'binary' (got 'weighted'). You may use labels=[pos_label] to specify a single positive class.
  warnings.warn(

2026-08-25 18:06:48,537:WARNING:C:\Users\youne\Desktop\AutoMLapp\.venv\Lib\site-packages\sklearn\metrics\_classification.py:1561: UserWarning: Note that pos_label (set to 'Virginica') is ignored when average != 'binary' (got 'weighted'). You may use labels=[pos_label] to specify a single positive class.
  warnings.warn(

2026-08-25 18:06:48,538:WARNING:C:\Users\youne\Desktop\AutoMLapp\.venv\Lib\site-packages\sklearn\metrics\_classification.py:1561: UserWarning: Note that pos_label (set to 'Virginica') is ignored when average != 'binary' (got 'weighted'). You may use labels=[pos_label] to specify a single positive class.
  warnings.warn(

2026-08-25 18:06:48,540:WARNING:C:\Users\youne\Desktop\AutoMLapp\.venv\Lib\site-packages\sklearn\metrics\_classification.py:1561: UserWarning: Note that pos_label (set to 'Virginica') is ignored when average != 'binary' (got 'weighted'). You may use labels=[pos_label] to specify a single positive class.
  warnings.warn(

2026-08-25 18:06:48,543:WARNING:C:\Users\youne\Desktop\AutoMLapp\.venv\Lib\site-packages\sklearn\metrics\_classification.py:1561: UserWarning: Note that pos_label (set to 'Virginica') is ignored when average != 'binary' (got 'weighted'). You may use labels=[pos_label] to specify a single positive class.
  warnings.warn(

2026-08-25 18:06:48,553:INFO:Calculating mean and std
2026-08-25 18:06:48,554:INFO:Creating metrics dataframe
2026-08-25 18:06:48,555:INFO:Uploading results into container
2026-08-25 18:06:48,556:INFO:Uploading model into container now
2026-08-25 18:06:48,556:INFO:_master_model_container: 1
2026-08-25 18:06:48,556:INFO:_display_container: 2
2026-08-25 18:06:48,557:INFO:LogisticRegression(C=1.0, class_weight=None, dual=False, fit_intercept=True,
                   intercept_scaling=1, l1_ratio=None, max_iter=1000,
                   multi_class='auto', n_jobs=None, penalty='l2',
                   random_state=42, solver='lbfgs', tol=0.0001, verbose=0,
                   warm_start=False)
2026-08-25 18:06:48,557:INFO:create_model() successfully completed......................................
2026-08-25 18:06:48,694:INFO:SubProcess create_model() end ==================================
2026-08-25 18:06:48,695:INFO:Creating metrics dataframe
2026-08-25 18:06:48,697:INFO:Initializing K Neighbors Classifier
2026-08-25 18:06:48,697:INFO:Total runtime is 0.0038753072420756023 minutes
2026-08-25 18:06:48,698:INFO:SubProcess create_model() called ==================================
2026-08-25 18:06:48,698:INFO:Initializing create_model()
2026-08-25 18:06:48,698:INFO:create_model(self=<pycaret.classification.oop.ClassificationExperiment object at 0x0000022123C69050>, estimator=knn, fold=StratifiedKFold(n_splits=10, random_state=None, shuffle=False), round=4, cross_validation=True, predict=True, fit_kwargs={}, groups=None, refit=False, probability_threshold=None, experiment_custom_tags=None, verbose=False, system=False, add_to_model_list=True, metrics=None, display=<pycaret.internal.display.display.CommonDisplay object at 0x000002212689B3D0>, model_only=True, return_train_score=False, error_score=0.0, kwargs={})
2026-08-25 18:06:48,698:INFO:Checking exceptions
2026-08-25 18:06:48,698:INFO:Importing libraries
2026-08-25 18:06:48,698:INFO:Copying training dataset
2026-08-25 18:06:48,701:INFO:Defining folds
2026-08-25 18:06:48,701:INFO:Declaring metric variables
2026-08-25 18:06:48,701:INFO:Importing untrained model
2026-08-25 18:06:48,701:INFO:K Neighbors Classifier Imported successfully
2026-08-25 18:06:48,702:INFO:Starting cross validation
2026-08-25 18:06:48,703:INFO:Cross validating with StratifiedKFold(n_splits=10, random_state=None, shuffle=False), n_jobs=-1
2026-08-25 18:06:48,793:WARNING:C:\Users\youne\Desktop\AutoMLapp\.venv\Lib\site-packages\sklearn\metrics\_classification.py:1561: UserWarning: Note that pos_label (set to 'Virginica') is ignored when average != 'binary' (got 'weighted'). You may use labels=[pos_label] to specify a single positive class.
  warnings.warn(

2026-08-25 18:06:48,793:WARNING:C:\Users\youne\Desktop\AutoMLapp\.venv\Lib\site-packages\sklearn\metrics\_classification.py:1561: UserWarning: Note that pos_label (set to 'Virginica') is ignored when average != 'binary' (got 'weighted'). You may use labels=[pos_label] to specify a single positive class.
  warnings.warn(

2026-08-25 18:06:48,795:WARNING:C:\Users\youne\Desktop\AutoMLapp\.venv\Lib\site-packages\sklearn\metrics\_classification.py:1561: UserWarning: Note that pos_label (set to 'Virginica') is ignored when average != 'binary' (got 'weighted'). You may use labels=[pos_label] to specify a single positive class.
  warnings.warn(

2026-08-25 18:06:48,796:WARNING:C:\Users\youne\Desktop\AutoMLapp\.venv\Lib\site-packages\sklearn\metrics\_classification.py:1561: UserWarning: Note that pos_label (set to 'Virginica') is ignored when average != 'binary' (got 'weighted'). You may use labels=[pos_label] to specify a single positive class.
  warnings.warn(

2026-08-25 18:06:48,797:WARNING:C:\Users\youne\Desktop\AutoMLapp\.venv\Lib\site-packages\sklearn\metrics\_classification.py:1561: UserWarning: Note that pos_label (set to 'Virginica') is ignored when average != 'binary' (got 'weighted'). You may use labels=[pos_label] to specify a single positive class.
  warnings.warn(

2026-08-25 18:06:48,797:WARNING:C:\Users\youne\Desktop\AutoMLapp\.venv\Lib\site-packages\sklearn\metrics\_classification.py:1561: UserWarning: Note that pos_label (set to 'Virginica') is ignored when average != 'binary' (got 'weighted'). You may use labels=[pos_label] to specify a single positive class.
  warnings.warn(

2026-08-25 18:06:48,797:WARNING:C:\Users\youne\Desktop\AutoMLapp\.venv\Lib\site-packages\sklearn\metrics\_classification.py:1561: UserWarning: Note that pos_label (set to 'Virginica') is ignored when average != 'binary' (got 'weighted'). You may use labels=[pos_label] to specify a single positive class.
  warnings.warn(

2026-08-25 18:06:48,797:WARNING:C:\Users\youne\Desktop\AutoMLapp\.venv\Lib\site-packages\sklearn\metrics\_classification.py:1561: UserWarning: Note that pos_label (set to 'Virginica') is ignored when average != 'binary' (got 'weighted'). You may use labels=[pos_label] to specify a single positive class.
  warnings.warn(

2026-08-25 18:06:48,797:WARNING:C:\Users\youne\Desktop\AutoMLapp\.venv\Lib\site-packages\sklearn\metrics\_classification.py:1561: UserWarning: Note that pos_label (set to 'Virginica') is ignored when average != 'binary' (got 'weighted'). You may use labels=[pos_label] to specify a single positive class.
  warnings.warn(

2026-08-25 18:06:48,798:WARNING:C:\Users\youne\Desktop\AutoMLapp\.venv\Lib\site-packages\sklearn\metrics\_classification.py:1561: UserWarning: Note that pos_label (set to 'Virginica') is ignored when average != 'binary' (got 'weighted'). You may use labels=[pos_label] to specify a single positive class.
  warnings.warn(

2026-08-25 18:06:48,798:WARNING:C:\Users\youne\Desktop\AutoMLapp\.venv\Lib\site-packages\sklearn\metrics\_classification.py:1561: UserWarning: Note that pos_label (set to 'Virginica') is ignored when average != 'binary' (got 'weighted'). You may use labels=[pos_label] to specify a single positive class.
  warnings.warn(

2026-08-25 18:06:48,798:WARNING:C:\Users\youne\Desktop\AutoMLapp\.venv\Lib\site-packages\sklearn\metrics\_classification.py:1561: UserWarning: Note that pos_label (set to 'Virginica') is ignored when average != 'binary' (got 'weighted'). You may use labels=[pos_label] to specify a single positive class.
  warnings.warn(

2026-08-25 18:06:48,799:WARNING:C:\Users\youne\Desktop\AutoMLapp\.venv\Lib\site-packages\sklearn\metrics\_classification.py:1561: UserWarning: Note that pos_label (set to 'Virginica') is ignored when average != 'binary' (got 'weighted'). You may use labels=[pos_label] to specify a single positive class.
  warnings.warn(

2026-08-25 18:06:48,799:WARNING:C:\Users\youne\Desktop\AutoMLapp\.venv\Lib\site-packages\sklearn\metrics\_classification.py:1561: UserWarning: Note that pos_label (set to 'Virginica') is ignored when average != 'binary' (got 'weighted'). You may use labels=[pos_label] to specify a single positive class.
  warnings.warn(

2026-08-25 18:06:48,800:WARNING:C:\Users\youne\Desktop\AutoMLapp\.venv\Lib\site-packages\sklearn\metrics\_classification.py:1561: UserWarning: Note that pos_label (set to 'Virginica') is ignored when average != 'binary' (got 'weighted'). You may use labels=[pos_label] to specify a single positive class.
  warnings.warn(

2026-08-25 18:06:48,800:WARNING:C:\Users\youne\Desktop\AutoMLapp\.venv\Lib\site-packages\sklearn\metrics\_classification.py:1561: UserWarning: Note that pos_label (set to 'Virginica') is ignored when average != 'binary' (got 'weighted'). You may use labels=[pos_label] to specify a single positive class.
  warnings.warn(

2026-08-25 18:06:48,800:WARNING:C:\Users\youne\Desktop\AutoMLapp\.venv\Lib\site-packages\sklearn\metrics\_classification.py:1561: UserWarning: Note that pos_label (set to 'Virginica') is ignored when average != 'binary' (got 'weighted'). You may use labels=[pos_label] to specify a single positive class.
  warnings.warn(

2026-08-25 18:06:48,801:WARNING:C:\Users\youne\Desktop\AutoMLapp\.venv\Lib\site-packages\sklearn\metrics\_classification.py:1561: UserWarning: Note that pos_label (set to 'Virginica') is ignored when average != 'binary' (got 'weighted'). You may use labels=[pos_label] to specify a single positive class.
  warnings.warn(

2026-08-25 18:06:48,801:WARNING:C:\Users\youne\Desktop\AutoMLapp\.venv\Lib\site-packages\sklearn\metrics\_classification.py:1561: UserWarning: Note that pos_label (set to 'Virginica') is ignored when average != 'binary' (got 'weighted'). You may use labels=[pos_label] to specify a single positive class.
  warnings.warn(

2026-08-25 18:06:48,801:WARNING:C:\Users\youne\Desktop\AutoMLapp\.venv\Lib\site-packages\sklearn\metrics\_classification.py:1561: UserWarning: Note that pos_label (set to 'Virginica') is ignored when average != 'binary' (got 'weighted'). You may use labels=[pos_label] to specify a single positive class.
  warnings.warn(

2026-08-25 18:06:48,802:WARNING:C:\Users\youne\Desktop\AutoMLapp\.venv\Lib\site-packages\sklearn\metrics\_classification.py:1561: UserWarning: Note that pos_label (set to 'Virginica') is ignored when average != 'binary' (got 'weighted'). You may use labels=[pos_label] to specify a single positive class.
  warnings.warn(

2026-08-25 18:06:48,802:WARNING:C:\Users\youne\Desktop\AutoMLapp\.venv\Lib\site-packages\sklearn\metrics\_classification.py:1561: UserWarning: Note that pos_label (set to 'Virginica') is ignored when average != 'binary' (got 'weighted'). You may use labels=[pos_label] to specify a single positive class.
  warnings.warn(

2026-08-25 18:06:48,803:WARNING:C:\Users\youne\Desktop\AutoMLapp\.venv\Lib\site-packages\sklearn\metrics\_classification.py:1561: UserWarning: Note that pos_label (set to 'Virginica') is ignored when average != 'binary' (got 'weighted'). You may use labels=[pos_label] to specify a single positive class.
  warnings.warn(

2026-08-25 18:06:48,803:WARNING:C:\Users\youne\Desktop\AutoMLapp\.venv\Lib\site-packages\sklearn\metrics\_classification.py:1561: UserWarning: Note that pos_label (set to 'Virginica') is ignored when average != 'binary' (got 'weighted'). You may use labels=[pos_label] to specify a single positive class.
  warnings.warn(

2026-08-25 18:06:48,804:WARNING:C:\Users\youne\Desktop\AutoMLapp\.venv\Lib\site-packages\sklearn\metrics\_classification.py:1561: UserWarning: Note that pos_label (set to 'Virginica') is ignored when average != 'binary' (got 'weighted'). You may use labels=[pos_label] to specify a single positive class.
  warnings.warn(

2026-08-25 18:06:48,804:WARNING:C:\Users\youne\Desktop\AutoMLapp\.venv\Lib\site-packages\sklearn\metrics\_classification.py:1561: UserWarning: Note that pos_label (set to 'Virginica') is ignored when average != 'binary' (got 'weighted'). You may use labels=[pos_label] to specify a single positive class.
  warnings.warn(

2026-08-25 18:06:48,805:WARNING:C:\Users\youne\Desktop\AutoMLapp\.venv\Lib\site-packages\sklearn\metrics\_classification.py:1561: UserWarning: Note that pos_label (set to 'Virginica') is ignored when average != 'binary' (got 'weighted'). You may use labels=[pos_label] to specify a single positive class.
  warnings.warn(

2026-08-25 18:06:48,816:INFO:Calculating mean and std
2026-08-25 18:06:48,817:INFO:Creating metrics dataframe
2026-08-25 18:06:48,819:INFO:Uploading results into container
2026-08-25 18:06:48,820:INFO:Uploading model into container now
2026-08-25 18:06:48,820:INFO:_master_model_container: 2
2026-08-25 18:06:48,820:INFO:_display_container: 2
2026-08-25 18:06:48,821:INFO:KNeighborsClassifier(algorithm='auto', leaf_size=30, metric='minkowski',
                     metric_params=None, n_jobs=-1, n_neighbors=5, p=2,
                     weights='uniform')
2026-08-25 18:06:48,821:INFO:create_model() successfully completed......................................
2026-08-25 18:06:48,961:INFO:SubProcess create_model() end ==================================
2026-08-25 18:06:48,961:INFO:Creating metrics dataframe
2026-08-25 18:06:48,963:INFO:Initializing Naive Bayes
2026-08-25 18:06:48,963:INFO:Total runtime is 0.008314792315165201 minutes
2026-08-25 18:06:48,964:INFO:SubProcess create_model() called ==================================
2026-08-25 18:06:48,964:INFO:Initializing create_model()
2026-08-25 18:06:48,964:INFO:create_model(self=<pycaret.classification.oop.ClassificationExperiment object at 0x0000022123C69050>, estimator=nb, fold=StratifiedKFold(n_splits=10, random_state=None, shuffle=False), round=4, cross_validation=True, predict=True, fit_kwargs={}, groups=None, refit=False, probability_threshold=None, experiment_custom_tags=None, verbose=False, system=False, add_to_model_list=True, metrics=None, display=<pycaret.internal.display.display.CommonDisplay object at 0x000002212689B3D0>, model_only=True, return_train_score=False, error_score=0.0, kwargs={})
2026-08-25 18:06:48,964:INFO:Checking exceptions
2026-08-25 18:06:48,964:INFO:Importing libraries
2026-08-25 18:06:48,964:INFO:Copying training dataset
2026-08-25 18:06:48,967:INFO:Defining folds
2026-08-25 18:06:48,967:INFO:Declaring metric variables
2026-08-25 18:06:48,967:INFO:Importing untrained model
2026-08-25 18:06:48,967:INFO:Naive Bayes Imported successfully
2026-08-25 18:06:48,967:INFO:Starting cross validation
2026-08-25 18:06:48,968:INFO:Cross validating with StratifiedKFold(n_splits=10, random_state=None, shuffle=False), n_jobs=-1
2026-08-25 18:06:49,005:WARNING:C:\Users\youne\Desktop\AutoMLapp\.venv\Lib\site-packages\sklearn\metrics\_classification.py:1561: UserWarning: Note that pos_label (set to 'Virginica') is ignored when average != 'binary' (got 'weighted'). You may use labels=[pos_label] to specify a single positive class.
  warnings.warn(

2026-08-25 18:06:49,007:WARNING:C:\Users\youne\Desktop\AutoMLapp\.venv\Lib\site-packages\sklearn\metrics\_classification.py:1561: UserWarning: Note that pos_label (set to 'Virginica') is ignored when average != 'binary' (got 'weighted'). You may use labels=[pos_label] to specify a single positive class.
  warnings.warn(

2026-08-25 18:06:49,007:WARNING:C:\Users\youne\Desktop\AutoMLapp\.venv\Lib\site-packages\sklearn\metrics\_classification.py:1561: UserWarning: Note that pos_label (set to 'Virginica') is ignored when average != 'binary' (got 'weighted'). You may use labels=[pos_label] to specify a single positive class.
  warnings.warn(

2026-08-25 18:06:49,008:WARNING:C:\Users\youne\Desktop\AutoMLapp\.venv\Lib\site-packages\sklearn\metrics\_classification.py:1561: UserWarning: Note that pos_label (set to 'Virginica') is ignored when average != 'binary' (got 'weighted'). You may use labels=[pos_label] to specify a single positive class.
  warnings.warn(

2026-08-25 18:06:49,008:WARNING:C:\Users\youne\Desktop\AutoMLapp\.venv\Lib\site-packages\sklearn\metrics\_classification.py:1561: UserWarning: Note that pos_label (set to 'Virginica') is ignored when average != 'binary' (got 'weighted'). You may use labels=[pos_label] to specify a single positive class.
  warnings.warn(

2026-08-25 18:06:49,010:WARNING:C:\Users\youne\Desktop\AutoMLapp\.venv\Lib\site-packages\sklearn\metrics\_classification.py:1561: UserWarning: Note that pos_label (set to 'Virginica') is ignored when average != 'binary' (got 'weighted'). You may use labels=[pos_label] to specify a single positive class.
  warnings.warn(

2026-08-25 18:06:49,010:WARNING:C:\Users\youne\Desktop\AutoMLapp\.venv\Lib\site-packages\sklearn\metrics\_classification.py:1561: UserWarning: Note that pos_label (set to 'Virginica') is ignored when average != 'binary' (got 'weighted'). You may use labels=[pos_label] to specify a single positive class.
  warnings.warn(

2026-08-25 18:06:49,010:WARNING:C:\Users\youne\Desktop\AutoMLapp\.venv\Lib\site-packages\sklearn\metrics\_classification.py:1561: UserWarning: Note that pos_label (set to 'Virginica') is ignored when average != 'binary' (got 'weighted'). You may use labels=[pos_label] to specify a single positive class.
  warnings.warn(

2026-08-25 18:06:49,010:WARNING:C:\Users\youne\Desktop\AutoMLapp\.venv\Lib\site-packages\sklearn\metrics\_classification.py:1561: UserWarning: Note that pos_label (set to 'Virginica') is ignored when average != 'binary' (got 'weighted'). You may use labels=[pos_label] to specify a single positive class.
  warnings.warn(

2026-08-25 18:06:49,010:WARNING:C:\Users\youne\Desktop\AutoMLapp\.venv\Lib\site-packages\sklearn\metrics\_classification.py:1561: UserWarning: Note that pos_label (set to 'Virginica') is ignored when average != 'binary' (got 'weighted'). You may use labels=[pos_label] to specify a single positive class.
  warnings.warn(

2026-08-25 18:06:49,011:WARNING:C:\Users\youne\Desktop\AutoMLapp\.venv\Lib\site-packages\sklearn\metrics\_classification.py:1561: UserWarning: Note that pos_label (set to 'Virginica') is ignored when average != 'binary' (got 'weighted'). You may use labels=[pos_label] to specify a single positive class.
  warnings.warn(

2026-08-25 18:06:49,011:WARNING:C:\Users\youne\Desktop\AutoMLapp\.venv\Lib\site-packages\sklearn\metrics\_classification.py:1561: UserWarning: Note that pos_label (set to 'Virginica') is ignored when average != 'binary' (got 'weighted'). You may use labels=[pos_label] to specify a single positive class.
  warnings.warn(

2026-08-25 18:06:49,011:WARNING:C:\Users\youne\Desktop\AutoMLapp\.venv\Lib\site-packages\sklearn\metrics\_classification.py:1561: UserWarning: Note that pos_label (set to 'Virginica') is ignored when average != 'binary' (got 'weighted'). You may use labels=[pos_label] to specify a single positive class.
  warnings.warn(

2026-08-25 18:06:49,011:WARNING:C:\Users\youne\Desktop\AutoMLapp\.venv\Lib\site-packages\sklearn\metrics\_classification.py:1561: UserWarning: Note that pos_label (set to 'Virginica') is ignored when average != 'binary' (got 'weighted'). You may use labels=[pos_label] to specify a single positive class.
  warnings.warn(

2026-08-25 18:06:49,011:WARNING:C:\Users\youne\Desktop\AutoMLapp\.venv\Lib\site-packages\sklearn\metrics\_classification.py:1561: UserWarning: Note that pos_label (set to 'Virginica') is ignored when average != 'binary' (got 'weighted'). You may use labels=[pos_label] to specify a single positive class.
  warnings.warn(

2026-08-25 18:06:49,013:WARNING:C:\Users\youne\Desktop\AutoMLapp\.venv\Lib\site-packages\sklearn\metrics\_classification.py:1561: UserWarning: Note that pos_label (set to 'Virginica') is ignored when average != 'binary' (got 'weighted'). You may use labels=[pos_label] to specify a single positive class.
  warnings.warn(

2026-08-25 18:06:49,014:WARNING:C:\Users\youne\Desktop\AutoMLapp\.venv\Lib\site-packages\sklearn\metrics\_classification.py:1561: UserWarning: Note that pos_label (set to 'Virginica') is ignored when average != 'binary' (got 'weighted'). You may use labels=[pos_label] to specify a single positive class.
  warnings.warn(

2026-08-25 18:06:49,014:WARNING:C:\Users\youne\Desktop\AutoMLapp\.venv\Lib\site-packages\sklearn\metrics\_classification.py:1561: UserWarning: Note that pos_label (set to 'Virginica') is ignored when average != 'binary' (got 'weighted'). You may use labels=[pos_label] to specify a single positive class.
  warnings.warn(

2026-08-25 18:06:49,014:WARNING:C:\Users\youne\Desktop\AutoMLapp\.venv\Lib\site-packages\sklearn\metrics\_classification.py:1561: UserWarning: Note that pos_label (set to 'Virginica') is ignored when average != 'binary' (got 'weighted'). You may use labels=[pos_label] to specify a single positive class.
  warnings.warn(

2026-08-25 18:06:49,014:WARNING:C:\Users\youne\Desktop\AutoMLapp\.venv\Lib\site-packages\sklearn\metrics\_classification.py:1561: UserWarning: Note that pos_label (set to 'Virginica') is ignored when average != 'binary' (got 'weighted'). You may use labels=[pos_label] to specify a single positive class.
  warnings.warn(

2026-08-25 18:06:49,015:WARNING:C:\Users\youne\Desktop\AutoMLapp\.venv\Lib\site-packages\sklearn\metrics\_classification.py:1561: UserWarning: Note that pos_label (set to 'Virginica') is ignored when average != 'binary' (got 'weighted'). You may use labels=[pos_label] to specify a single positive class.
  warnings.warn(

2026-08-25 18:06:49,015:WARNING:C:\Users\youne\Desktop\AutoMLapp\.venv\Lib\site-packages\sklearn\metrics\_classification.py:1561: UserWarning: Note that pos_label (set to 'Virginica') is ignored when average != 'binary' (got 'weighted'). You may use labels=[pos_label] to specify a single positive class.
  warnings.warn(

2026-08-25 18:06:49,015:WARNING:C:\Users\youne\Desktop\AutoMLapp\.venv\Lib\site-packages\sklearn\metrics\_classification.py:1561: UserWarning: Note that pos_label (set to 'Virginica') is ignored when average != 'binary' (got 'weighted'). You may use labels=[pos_label] to specify a single positive class.
  warnings.warn(

2026-08-25 18:06:49,015:WARNING:C:\Users\youne\Desktop\AutoMLapp\.venv\Lib\site-packages\sklearn\metrics\_classification.py:1561: UserWarning: Note that pos_label (set to 'Virginica') is ignored when average != 'binary' (got 'weighted'). You may use labels=[pos_label] to specify a single positive class.
  warnings.warn(

2026-08-25 18:06:49,016:WARNING:C:\Users\youne\Desktop\AutoMLapp\.venv\Lib\site-packages\sklearn\metrics\_classification.py:1561: UserWarning: Note that pos_label (set to 'Virginica') is ignored when average != 'binary' (got 'weighted'). You may use labels=[pos_label] to specify a single positive class.
  warnings.warn(

2026-08-25 18:06:49,017:WARNING:C:\Users\youne\Desktop\AutoMLapp\.venv\Lib\site-packages\sklearn\metrics\_classification.py:1561: UserWarning: Note that pos_label (set to 'Virginica') is ignored when average != 'binary' (got 'weighted'). You may use labels=[pos_label] to specify a single positive class.
  warnings.warn(

2026-08-25 18:06:49,017:WARNING:C:\Users\youne\Desktop\AutoMLapp\.venv\Lib\site-packages\sklearn\metrics\_classification.py:1561: UserWarning: Note that pos_label (set to 'Virginica') is ignored when average != 'binary' (got 'weighted'). You may use labels=[pos_label] to specify a single positive class.
  warnings.warn(

2026-08-25 18:06:49,018:WARNING:C:\Users\youne\Desktop\AutoMLapp\.venv\Lib\site-packages\sklearn\metrics\_classification.py:1561: UserWarning: Note that pos_label (set to 'Virginica') is ignored when average != 'binary' (got 'weighted'). You may use labels=[pos_label] to specify a single positive class.
  warnings.warn(

2026-08-25 18:06:49,029:INFO:Calculating mean and std
2026-08-25 18:06:49,030:INFO:Creating metrics dataframe
2026-08-25 18:06:49,031:INFO:Uploading results into container
2026-08-25 18:06:49,032:INFO:Uploading model into container now
2026-08-25 18:06:49,032:INFO:_master_model_container: 3
2026-08-25 18:06:49,032:INFO:_display_container: 2
2026-08-25 18:06:49,032:INFO:GaussianNB(priors=None, var_smoothing=1e-09)
2026-08-25 18:06:49,033:INFO:create_model() successfully completed......................................
2026-08-25 18:06:49,171:INFO:SubProcess create_model() end ==================================
2026-08-25 18:06:49,171:INFO:Creating metrics dataframe
2026-08-25 18:06:49,172:INFO:Initializing Decision Tree Classifier
2026-08-25 18:06:49,172:INFO:Total runtime is 0.011802800496419269 minutes
2026-08-25 18:06:49,172:INFO:SubProcess create_model() called ==================================
2026-08-25 18:06:49,174:INFO:Initializing create_model()
2026-08-25 18:06:49,174:INFO:create_model(self=<pycaret.classification.oop.ClassificationExperiment object at 0x0000022123C69050>, estimator=dt, fold=StratifiedKFold(n_splits=10, random_state=None, shuffle=False), round=4, cross_validation=True, predict=True, fit_kwargs={}, groups=None, refit=False, probability_threshold=None, experiment_custom_tags=None, verbose=False, system=False, add_to_model_list=True, metrics=None, display=<pycaret.internal.display.display.CommonDisplay object at 0x000002212689B3D0>, model_only=True, return_train_score=False, error_score=0.0, kwargs={})
2026-08-25 18:06:49,174:INFO:Checking exceptions
2026-08-25 18:06:49,174:INFO:Importing libraries
2026-08-25 18:06:49,174:INFO:Copying training dataset
2026-08-25 18:06:49,177:INFO:Defining folds
2026-08-25 18:06:49,177:INFO:Declaring metric variables
2026-08-25 18:06:49,177:INFO:Importing untrained model
2026-08-25 18:06:49,177:INFO:Decision Tree Classifier Imported successfully
2026-08-25 18:06:49,178:INFO:Starting cross validation
2026-08-25 18:06:49,178:INFO:Cross validating with StratifiedKFold(n_splits=10, random_state=None, shuffle=False), n_jobs=-1
2026-08-25 18:06:49,215:WARNING:C:\Users\youne\Desktop\AutoMLapp\.venv\Lib\site-packages\sklearn\metrics\_classification.py:1561: UserWarning: Note that pos_label (set to 'Virginica') is ignored when average != 'binary' (got 'weighted'). You may use labels=[pos_label] to specify a single positive class.
  warnings.warn(

2026-08-25 18:06:49,219:WARNING:C:\Users\youne\Desktop\AutoMLapp\.venv\Lib\site-packages\sklearn\metrics\_classification.py:1561: UserWarning: Note that pos_label (set to 'Virginica') is ignored when average != 'binary' (got 'weighted'). You may use labels=[pos_label] to specify a single positive class.
  warnings.warn(

2026-08-25 18:06:49,221:WARNING:C:\Users\youne\Desktop\AutoMLapp\.venv\Lib\site-packages\sklearn\metrics\_classification.py:1561: UserWarning: Note that pos_label (set to 'Virginica') is ignored when average != 'binary' (got 'weighted'). You may use labels=[pos_label] to specify a single positive class.
  warnings.warn(

2026-08-25 18:06:49,221:WARNING:C:\Users\youne\Desktop\AutoMLapp\.venv\Lib\site-packages\sklearn\metrics\_classification.py:1561: UserWarning: Note that pos_label (set to 'Virginica') is ignored when average != 'binary' (got 'weighted'). You may use labels=[pos_label] to specify a single positive class.
  warnings.warn(

2026-08-25 18:06:49,221:WARNING:C:\Users\youne\Desktop\AutoMLapp\.venv\Lib\site-packages\sklearn\metrics\_classification.py:1561: UserWarning: Note that pos_label (set to 'Virginica') is ignored when average != 'binary' (got 'weighted'). You may use labels=[pos_label] to specify a single positive class.
  warnings.warn(

2026-08-25 18:06:49,222:WARNING:C:\Users\youne\Desktop\AutoMLapp\.venv\Lib\site-packages\sklearn\metrics\_classification.py:1561: UserWarning: Note that pos_label (set to 'Virginica') is ignored when average != 'binary' (got 'weighted'). You may use labels=[pos_label] to specify a single positive class.
  warnings.warn(

2026-08-25 18:06:49,222:WARNING:C:\Users\youne\Desktop\AutoMLapp\.venv\Lib\site-packages\sklearn\metrics\_classification.py:1561: UserWarning: Note that pos_label (set to 'Virginica') is ignored when average != 'binary' (got 'weighted'). You may use labels=[pos_label] to specify a single positive class.
  warnings.warn(

2026-08-25 18:06:49,224:WARNING:C:\Users\youne\Desktop\AutoMLapp\.venv\Lib\site-packages\sklearn\metrics\_classification.py:1561: UserWarning: Note that pos_label (set to 'Virginica') is ignored when average != 'binary' (got 'weighted'). You may use labels=[pos_label] to specify a single positive class.
  warnings.warn(

2026-08-25 18:06:49,224:WARNING:C:\Users\youne\Desktop\AutoMLapp\.venv\Lib\site-packages\sklearn\metrics\_classification.py:1561: UserWarning: Note that pos_label (set to 'Virginica') is ignored when average != 'binary' (got 'weighted'). You may use labels=[pos_label] to specify a single positive class.
  warnings.warn(

2026-08-25 18:06:49,225:WARNING:C:\Users\youne\Desktop\AutoMLapp\.venv\Lib\site-packages\sklearn\metrics\_classification.py:1561: UserWarning: Note that pos_label (set to 'Virginica') is ignored when average != 'binary' (got 'weighted'). You may use labels=[pos_label] to specify a single positive class.
  warnings.warn(

2026-08-25 18:06:49,226:WARNING:C:\Users\youne\Desktop\AutoMLapp\.venv\Lib\site-packages\sklearn\metrics\_classification.py:1561: UserWarning: Note that pos_label (set to 'Virginica') is ignored when average != 'binary' (got 'weighted'). You may use labels=[pos_label] to specify a single positive class.
  warnings.warn(

2026-08-25 18:06:49,226:WARNING:C:\Users\youne\Desktop\AutoMLapp\.venv\Lib\site-packages\sklearn\metrics\_classification.py:1561: UserWarning: Note that pos_label (set to 'Virginica') is ignored when average != 'binary' (got 'weighted'). You may use labels=[pos_label] to specify a single positive class.
  warnings.warn(

2026-08-25 18:06:49,226:WARNING:C:\Users\youne\Desktop\AutoMLapp\.venv\Lib\site-packages\sklearn\metrics\_classification.py:1561: UserWarning: Note that pos_label (set to 'Virginica') is ignored when average != 'binary' (got 'weighted'). You may use labels=[pos_label] to specify a single positive class.
  warnings.warn(

2026-08-25 18:06:49,227:WARNING:C:\Users\youne\Desktop\AutoMLapp\.venv\Lib\site-packages\sklearn\metrics\_classification.py:1561: UserWarning: Note that pos_label (set to 'Virginica') is ignored when average != 'binary' (got 'weighted'). You may use labels=[pos_label] to specify a single positive class.
  warnings.warn(

2026-08-25 18:06:49,227:WARNING:C:\Users\youne\Desktop\AutoMLapp\.venv\Lib\site-packages\sklearn\metrics\_classification.py:1561: UserWarning: Note that pos_label (set to 'Virginica') is ignored when average != 'binary' (got 'weighted'). You may use labels=[pos_label] to specify a single positive class.
  warnings.warn(

2026-08-25 18:06:49,227:WARNING:C:\Users\youne\Desktop\AutoMLapp\.venv\Lib\site-packages\sklearn\metrics\_classification.py:1561: UserWarning: Note that pos_label (set to 'Virginica') is ignored when average != 'binary' (got 'weighted'). You may use labels=[pos_label] to specify a single positive class.
  warnings.warn(

2026-08-25 18:06:49,227:WARNING:C:\Users\youne\Desktop\AutoMLapp\.venv\Lib\site-packages\sklearn\metrics\_classification.py:1561: UserWarning: Note that pos_label (set to 'Virginica') is ignored when average != 'binary' (got 'weighted'). You may use labels=[pos_label] to specify a single positive class.
  warnings.warn(

2026-08-25 18:06:49,227:WARNING:C:\Users\youne\Desktop\AutoMLapp\.venv\Lib\site-packages\sklearn\metrics\_classification.py:1561: UserWarning: Note that pos_label (set to 'Virginica') is ignored when average != 'binary' (got 'weighted'). You may use labels=[pos_label] to specify a single positive class.
  warnings.warn(

2026-08-25 18:06:49,227:WARNING:C:\Users\youne\Desktop\AutoMLapp\.venv\Lib\site-packages\sklearn\metrics\_classification.py:1561: UserWarning: Note that pos_label (set to 'Virginica') is ignored when average != 'binary' (got 'weighted'). You may use labels=[pos_label] to specify a single positive class.
  warnings.warn(

2026-08-25 18:06:49,227:WARNING:C:\Users\youne\Desktop\AutoMLapp\.venv\Lib\site-packages\sklearn\metrics\_classification.py:1561: UserWarning: Note that pos_label (set to 'Virginica') is ignored when average != 'binary' (got 'weighted'). You may use labels=[pos_label] to specify a single positive class.
  warnings.warn(

2026-08-25 18:06:49,229:WARNING:C:\Users\youne\Desktop\AutoMLapp\.venv\Lib\site-packages\sklearn\metrics\_classification.py:1561: UserWarning: Note that pos_label (set to 'Virginica') is ignored when average != 'binary' (got 'weighted'). You may use labels=[pos_label] to specify a single positive class.
  warnings.warn(

2026-08-25 18:06:49,229:WARNING:C:\Users\youne\Desktop\AutoMLapp\.venv\Lib\site-packages\sklearn\metrics\_classification.py:1561: UserWarning: Note that pos_label (set to 'Virginica') is ignored when average != 'binary' (got 'weighted'). You may use labels=[pos_label] to specify a single positive class.
  warnings.warn(

2026-08-25 18:06:49,230:WARNING:C:\Users\youne\Desktop\AutoMLapp\.venv\Lib\site-packages\sklearn\metrics\_classification.py:1561: UserWarning: Note that pos_label (set to 'Virginica') is ignored when average != 'binary' (got 'weighted'). You may use labels=[pos_label] to specify a single positive class.
  warnings.warn(

2026-08-25 18:06:49,230:WARNING:C:\Users\youne\Desktop\AutoMLapp\.venv\Lib\site-packages\sklearn\metrics\_classification.py:1561: UserWarning: Note that pos_label (set to 'Virginica') is ignored when average != 'binary' (got 'weighted'). You may use labels=[pos_label] to specify a single positive class.
  warnings.warn(

2026-08-25 18:06:49,231:WARNING:C:\Users\youne\Desktop\AutoMLapp\.venv\Lib\site-packages\sklearn\metrics\_classification.py:1561: UserWarning: Note that pos_label (set to 'Virginica') is ignored when average != 'binary' (got 'weighted'). You may use labels=[pos_label] to specify a single positive class.
  warnings.warn(

2026-08-25 18:06:49,231:WARNING:C:\Users\youne\Desktop\AutoMLapp\.venv\Lib\site-packages\sklearn\metrics\_classification.py:1561: UserWarning: Note that pos_label (set to 'Virginica') is ignored when average != 'binary' (got 'weighted'). You may use labels=[pos_label] to specify a single positive class.
  warnings.warn(

2026-08-25 18:06:49,231:WARNING:C:\Users\youne\Desktop\AutoMLapp\.venv\Lib\site-packages\sklearn\metrics\_classification.py:1561: UserWarning: Note that pos_label (set to 'Virginica') is ignored when average != 'binary' (got 'weighted'). You may use labels=[pos_label] to specify a single positive class.
  warnings.warn(

2026-08-25 18:06:49,233:WARNING:C:\Users\youne\Desktop\AutoMLapp\.venv\Lib\site-packages\sklearn\metrics\_classification.py:1561: UserWarning: Note that pos_label (set to 'Virginica') is ignored when average != 'binary' (got 'weighted'). You may use labels=[pos_label] to specify a single positive class.
  warnings.warn(

2026-08-25 18:06:49,233:WARNING:C:\Users\youne\Desktop\AutoMLapp\.venv\Lib\site-packages\sklearn\metrics\_classification.py:1561: UserWarning: Note that pos_label (set to 'Virginica') is ignored when average != 'binary' (got 'weighted'). You may use labels=[pos_label] to specify a single positive class.
  warnings.warn(

2026-08-25 18:06:49,234:WARNING:C:\Users\youne\Desktop\AutoMLapp\.venv\Lib\site-packages\sklearn\metrics\_classification.py:1561: UserWarning: Note that pos_label (set to 'Virginica') is ignored when average != 'binary' (got 'weighted'). You may use labels=[pos_label] to specify a single positive class.
  warnings.warn(

2026-08-25 18:06:49,239:INFO:Calculating mean and std
2026-08-25 18:06:49,239:INFO:Creating metrics dataframe
2026-08-25 18:06:49,241:INFO:Uploading results into container
2026-08-25 18:06:49,241:INFO:Uploading model into container now
2026-08-25 18:06:49,242:INFO:_master_model_container: 4
2026-08-25 18:06:49,242:INFO:_display_container: 2
2026-08-25 18:06:49,242:INFO:DecisionTreeClassifier(ccp_alpha=0.0, class_weight=None, criterion='gini',
                       max_depth=None, max_features=None, max_leaf_nodes=None,
                       min_impurity_decrease=0.0, min_samples_leaf=1,
                       min_samples_split=2, min_weight_fraction_leaf=0.0,
                       monotonic_cst=None, random_state=42, splitter='best')
2026-08-25 18:06:49,242:INFO:create_model() successfully completed......................................
2026-08-25 18:06:49,393:INFO:SubProcess create_model() end ==================================
2026-08-25 18:06:49,393:INFO:Creating metrics dataframe
2026-08-25 18:06:49,395:INFO:Initializing SVM - Linear Kernel
2026-08-25 18:06:49,395:INFO:Total runtime is 0.015518383185068764 minutes
2026-08-25 18:06:49,395:INFO:SubProcess create_model() called ==================================
2026-08-25 18:06:49,396:INFO:Initializing create_model()
2026-08-25 18:06:49,396:INFO:create_model(self=<pycaret.classification.oop.ClassificationExperiment object at 0x0000022123C69050>, estimator=svm, fold=StratifiedKFold(n_splits=10, random_state=None, shuffle=False), round=4, cross_validation=True, predict=True, fit_kwargs={}, groups=None, refit=False, probability_threshold=None, experiment_custom_tags=None, verbose=False, system=False, add_to_model_list=True, metrics=None, display=<pycaret.internal.display.display.CommonDisplay object at 0x000002212689B3D0>, model_only=True, return_train_score=False, error_score=0.0, kwargs={})
2026-08-25 18:06:49,396:INFO:Checking exceptions
2026-08-25 18:06:49,396:INFO:Importing libraries
2026-08-25 18:06:49,396:INFO:Copying training dataset
2026-08-25 18:06:49,398:INFO:Defining folds
2026-08-25 18:06:49,398:INFO:Declaring metric variables
2026-08-25 18:06:49,398:INFO:Importing untrained model
2026-08-25 18:06:49,399:INFO:SVM - Linear Kernel Imported successfully
2026-08-25 18:06:49,399:INFO:Starting cross validation
2026-08-25 18:06:49,399:INFO:Cross validating with StratifiedKFold(n_splits=10, random_state=None, shuffle=False), n_jobs=-1
2026-08-25 18:06:49,448:WARNING:C:\Users\youne\Desktop\AutoMLapp\.venv\Lib\site-packages\pycaret\internal\metrics.py:204: FitFailedWarning: Metric 'make_scorer(roc_auc_score, response_method=('decision_function', 'predict_proba'), average=weighted, multi_class=ovr)' failed and error score 0.0 has been returned instead. If this is a custom metric, this usually means that the error is in the metric code. Full exception below:
Traceback (most recent call last):
  File "C:\Users\youne\Desktop\AutoMLapp\.venv\Lib\site-packages\pycaret\internal\metrics.py", line 196, in _score
    return super()._score(
           ^^^^^^^^^^^^^^^
  File "C:\Users\youne\Desktop\AutoMLapp\.venv\Lib\site-packages\sklearn\metrics\_scorer.py", line 350, in _score
    return self._sign * self._score_func(y_true, y_pred, **scoring_kwargs)
                        ^^^^^^^^^^^^^^^^^^^^^^^^^^^^^^^^^^^^^^^^^^^^^^^^^^
  File "C:\Users\youne\Desktop\AutoMLapp\.venv\Lib\site-packages\pycaret\internal\metrics.py", line 144, in __call__
    return self.score_func(y_true, y_pred, **kwargs)
           ^^^^^^^^^^^^^^^^^^^^^^^^^^^^^^^^^^^^^^^^^
  File "C:\Users\youne\Desktop\AutoMLapp\.venv\Lib\site-packages\sklearn\utils\_param_validation.py", line 213, in wrapper
    return func(*args, **kwargs)
           ^^^^^^^^^^^^^^^^^^^^^
  File "C:\Users\youne\Desktop\AutoMLapp\.venv\Lib\site-packages\sklearn\metrics\_ranking.py", line 634, in roc_auc_score
    return _multiclass_roc_auc_score(
           ^^^^^^^^^^^^^^^^^^^^^^^^^^
  File "C:\Users\youne\Desktop\AutoMLapp\.venv\Lib\site-packages\sklearn\metrics\_ranking.py", line 707, in _multiclass_roc_auc_score
    raise ValueError(
ValueError: Target scores need to be probabilities for multiclass roc_auc, i.e. they should sum up to 1.0 over classes

  warnings.warn(

2026-08-25 18:06:49,449:WARNING:C:\Users\youne\Desktop\AutoMLapp\.venv\Lib\site-packages\pycaret\internal\metrics.py:204: FitFailedWarning: Metric 'make_scorer(roc_auc_score, response_method=('decision_function', 'predict_proba'), average=weighted, multi_class=ovr)' failed and error score 0.0 has been returned instead. If this is a custom metric, this usually means that the error is in the metric code. Full exception below:
Traceback (most recent call last):
  File "C:\Users\youne\Desktop\AutoMLapp\.venv\Lib\site-packages\pycaret\internal\metrics.py", line 196, in _score
    return super()._score(
           ^^^^^^^^^^^^^^^
  File "C:\Users\youne\Desktop\AutoMLapp\.venv\Lib\site-packages\sklearn\metrics\_scorer.py", line 350, in _score
    return self._sign * self._score_func(y_true, y_pred, **scoring_kwargs)
                        ^^^^^^^^^^^^^^^^^^^^^^^^^^^^^^^^^^^^^^^^^^^^^^^^^^
  File "C:\Users\youne\Desktop\AutoMLapp\.venv\Lib\site-packages\pycaret\internal\metrics.py", line 144, in __call__
    return self.score_func(y_true, y_pred, **kwargs)
           ^^^^^^^^^^^^^^^^^^^^^^^^^^^^^^^^^^^^^^^^^
  File "C:\Users\youne\Desktop\AutoMLapp\.venv\Lib\site-packages\sklearn\utils\_param_validation.py", line 213, in wrapper
    return func(*args, **kwargs)
           ^^^^^^^^^^^^^^^^^^^^^
  File "C:\Users\youne\Desktop\AutoMLapp\.venv\Lib\site-packages\sklearn\metrics\_ranking.py", line 634, in roc_auc_score
    return _multiclass_roc_auc_score(
           ^^^^^^^^^^^^^^^^^^^^^^^^^^
  File "C:\Users\youne\Desktop\AutoMLapp\.venv\Lib\site-packages\sklearn\metrics\_ranking.py", line 707, in _multiclass_roc_auc_score
    raise ValueError(
ValueError: Target scores need to be probabilities for multiclass roc_auc, i.e. they should sum up to 1.0 over classes

  warnings.warn(

2026-08-25 18:06:49,450:WARNING:C:\Users\youne\Desktop\AutoMLapp\.venv\Lib\site-packages\sklearn\metrics\_classification.py:1561: UserWarning: Note that pos_label (set to 'Virginica') is ignored when average != 'binary' (got 'weighted'). You may use labels=[pos_label] to specify a single positive class.
  warnings.warn(

2026-08-25 18:06:49,450:WARNING:C:\Users\youne\Desktop\AutoMLapp\.venv\Lib\site-packages\pycaret\internal\metrics.py:204: FitFailedWarning: Metric 'make_scorer(roc_auc_score, response_method=('decision_function', 'predict_proba'), average=weighted, multi_class=ovr)' failed and error score 0.0 has been returned instead. If this is a custom metric, this usually means that the error is in the metric code. Full exception below:
Traceback (most recent call last):
  File "C:\Users\youne\Desktop\AutoMLapp\.venv\Lib\site-packages\pycaret\internal\metrics.py", line 196, in _score
    return super()._score(
           ^^^^^^^^^^^^^^^
  File "C:\Users\youne\Desktop\AutoMLapp\.venv\Lib\site-packages\sklearn\metrics\_scorer.py", line 350, in _score
    return self._sign * self._score_func(y_true, y_pred, **scoring_kwargs)
                        ^^^^^^^^^^^^^^^^^^^^^^^^^^^^^^^^^^^^^^^^^^^^^^^^^^
  File "C:\Users\youne\Desktop\AutoMLapp\.venv\Lib\site-packages\pycaret\internal\metrics.py", line 144, in __call__
    return self.score_func(y_true, y_pred, **kwargs)
           ^^^^^^^^^^^^^^^^^^^^^^^^^^^^^^^^^^^^^^^^^
  File "C:\Users\youne\Desktop\AutoMLapp\.venv\Lib\site-packages\sklearn\utils\_param_validation.py", line 213, in wrapper
    return func(*args, **kwargs)
           ^^^^^^^^^^^^^^^^^^^^^
  File "C:\Users\youne\Desktop\AutoMLapp\.venv\Lib\site-packages\sklearn\metrics\_ranking.py", line 634, in roc_auc_score
    return _multiclass_roc_auc_score(
           ^^^^^^^^^^^^^^^^^^^^^^^^^^
  File "C:\Users\youne\Desktop\AutoMLapp\.venv\Lib\site-packages\sklearn\metrics\_ranking.py", line 707, in _multiclass_roc_auc_score
    raise ValueError(
ValueError: Target scores need to be probabilities for multiclass roc_auc, i.e. they should sum up to 1.0 over classes

  warnings.warn(

2026-08-25 18:06:49,451:WARNING:C:\Users\youne\Desktop\AutoMLapp\.venv\Lib\site-packages\pycaret\internal\metrics.py:204: FitFailedWarning: Metric 'make_scorer(roc_auc_score, response_method=('decision_function', 'predict_proba'), average=weighted, multi_class=ovr)' failed and error score 0.0 has been returned instead. If this is a custom metric, this usually means that the error is in the metric code. Full exception below:
Traceback (most recent call last):
  File "C:\Users\youne\Desktop\AutoMLapp\.venv\Lib\site-packages\pycaret\internal\metrics.py", line 196, in _score
    return super()._score(
           ^^^^^^^^^^^^^^^
  File "C:\Users\youne\Desktop\AutoMLapp\.venv\Lib\site-packages\sklearn\metrics\_scorer.py", line 350, in _score
    return self._sign * self._score_func(y_true, y_pred, **scoring_kwargs)
                        ^^^^^^^^^^^^^^^^^^^^^^^^^^^^^^^^^^^^^^^^^^^^^^^^^^
  File "C:\Users\youne\Desktop\AutoMLapp\.venv\Lib\site-packages\pycaret\internal\metrics.py", line 144, in __call__
    return self.score_func(y_true, y_pred, **kwargs)
           ^^^^^^^^^^^^^^^^^^^^^^^^^^^^^^^^^^^^^^^^^
  File "C:\Users\youne\Desktop\AutoMLapp\.venv\Lib\site-packages\sklearn\utils\_param_validation.py", line 213, in wrapper
    return func(*args, **kwargs)
           ^^^^^^^^^^^^^^^^^^^^^
  File "C:\Users\youne\Desktop\AutoMLapp\.venv\Lib\site-packages\sklearn\metrics\_ranking.py", line 634, in roc_auc_score
    return _multiclass_roc_auc_score(
           ^^^^^^^^^^^^^^^^^^^^^^^^^^
  File "C:\Users\youne\Desktop\AutoMLapp\.venv\Lib\site-packages\sklearn\metrics\_ranking.py", line 707, in _multiclass_roc_auc_score
    raise ValueError(
ValueError: Target scores need to be probabilities for multiclass roc_auc, i.e. they should sum up to 1.0 over classes

  warnings.warn(

2026-08-25 18:06:49,451:WARNING:C:\Users\youne\Desktop\AutoMLapp\.venv\Lib\site-packages\sklearn\metrics\_classification.py:1561: UserWarning: Note that pos_label (set to 'Virginica') is ignored when average != 'binary' (got 'weighted'). You may use labels=[pos_label] to specify a single positive class.
  warnings.warn(

2026-08-25 18:06:49,451:WARNING:C:\Users\youne\Desktop\AutoMLapp\.venv\Lib\site-packages\pycaret\internal\metrics.py:204: FitFailedWarning: Metric 'make_scorer(roc_auc_score, response_method=('decision_function', 'predict_proba'), average=weighted, multi_class=ovr)' failed and error score 0.0 has been returned instead. If this is a custom metric, this usually means that the error is in the metric code. Full exception below:
Traceback (most recent call last):
  File "C:\Users\youne\Desktop\AutoMLapp\.venv\Lib\site-packages\pycaret\internal\metrics.py", line 196, in _score
    return super()._score(
           ^^^^^^^^^^^^^^^
  File "C:\Users\youne\Desktop\AutoMLapp\.venv\Lib\site-packages\sklearn\metrics\_scorer.py", line 350, in _score
    return self._sign * self._score_func(y_true, y_pred, **scoring_kwargs)
                        ^^^^^^^^^^^^^^^^^^^^^^^^^^^^^^^^^^^^^^^^^^^^^^^^^^
  File "C:\Users\youne\Desktop\AutoMLapp\.venv\Lib\site-packages\pycaret\internal\metrics.py", line 144, in __call__
    return self.score_func(y_true, y_pred, **kwargs)
           ^^^^^^^^^^^^^^^^^^^^^^^^^^^^^^^^^^^^^^^^^
  File "C:\Users\youne\Desktop\AutoMLapp\.venv\Lib\site-packages\sklearn\utils\_param_validation.py", line 213, in wrapper
    return func(*args, **kwargs)
           ^^^^^^^^^^^^^^^^^^^^^
  File "C:\Users\youne\Desktop\AutoMLapp\.venv\Lib\site-packages\sklearn\metrics\_ranking.py", line 634, in roc_auc_score
    return _multiclass_roc_auc_score(
           ^^^^^^^^^^^^^^^^^^^^^^^^^^
  File "C:\Users\youne\Desktop\AutoMLapp\.venv\Lib\site-packages\sklearn\metrics\_ranking.py", line 707, in _multiclass_roc_auc_score
    raise ValueError(
ValueError: Target scores need to be probabilities for multiclass roc_auc, i.e. they should sum up to 1.0 over classes

  warnings.warn(

2026-08-25 18:06:49,451:WARNING:C:\Users\youne\Desktop\AutoMLapp\.venv\Lib\site-packages\sklearn\metrics\_classification.py:1561: UserWarning: Note that pos_label (set to 'Virginica') is ignored when average != 'binary' (got 'weighted'). You may use labels=[pos_label] to specify a single positive class.
  warnings.warn(

2026-08-25 18:06:49,451:WARNING:C:\Users\youne\Desktop\AutoMLapp\.venv\Lib\site-packages\sklearn\metrics\_classification.py:1561: UserWarning: Note that pos_label (set to 'Virginica') is ignored when average != 'binary' (got 'weighted'). You may use labels=[pos_label] to specify a single positive class.
  warnings.warn(

2026-08-25 18:06:49,453:WARNING:C:\Users\youne\Desktop\AutoMLapp\.venv\Lib\site-packages\sklearn\metrics\_classification.py:1561: UserWarning: Note that pos_label (set to 'Virginica') is ignored when average != 'binary' (got 'weighted'). You may use labels=[pos_label] to specify a single positive class.
  warnings.warn(

2026-08-25 18:06:49,453:WARNING:C:\Users\youne\Desktop\AutoMLapp\.venv\Lib\site-packages\sklearn\metrics\_classification.py:1561: UserWarning: Note that pos_label (set to 'Virginica') is ignored when average != 'binary' (got 'weighted'). You may use labels=[pos_label] to specify a single positive class.
  warnings.warn(

2026-08-25 18:06:49,453:WARNING:C:\Users\youne\Desktop\AutoMLapp\.venv\Lib\site-packages\pycaret\internal\metrics.py:204: FitFailedWarning: Metric 'make_scorer(roc_auc_score, response_method=('decision_function', 'predict_proba'), average=weighted, multi_class=ovr)' failed and error score 0.0 has been returned instead. If this is a custom metric, this usually means that the error is in the metric code. Full exception below:
Traceback (most recent call last):
  File "C:\Users\youne\Desktop\AutoMLapp\.venv\Lib\site-packages\pycaret\internal\metrics.py", line 196, in _score
    return super()._score(
           ^^^^^^^^^^^^^^^
  File "C:\Users\youne\Desktop\AutoMLapp\.venv\Lib\site-packages\sklearn\metrics\_scorer.py", line 350, in _score
    return self._sign * self._score_func(y_true, y_pred, **scoring_kwargs)
                        ^^^^^^^^^^^^^^^^^^^^^^^^^^^^^^^^^^^^^^^^^^^^^^^^^^
  File "C:\Users\youne\Desktop\AutoMLapp\.venv\Lib\site-packages\pycaret\internal\metrics.py", line 144, in __call__
    return self.score_func(y_true, y_pred, **kwargs)
           ^^^^^^^^^^^^^^^^^^^^^^^^^^^^^^^^^^^^^^^^^
  File "C:\Users\youne\Desktop\AutoMLapp\.venv\Lib\site-packages\sklearn\utils\_param_validation.py", line 213, in wrapper
    return func(*args, **kwargs)
           ^^^^^^^^^^^^^^^^^^^^^
  File "C:\Users\youne\Desktop\AutoMLapp\.venv\Lib\site-packages\sklearn\metrics\_ranking.py", line 634, in roc_auc_score
    return _multiclass_roc_auc_score(
           ^^^^^^^^^^^^^^^^^^^^^^^^^^
  File "C:\Users\youne\Desktop\AutoMLapp\.venv\Lib\site-packages\sklearn\metrics\_ranking.py", line 707, in _multiclass_roc_auc_score
    raise ValueError(
ValueError: Target scores need to be probabilities for multiclass roc_auc, i.e. they should sum up to 1.0 over classes

  warnings.warn(

2026-08-25 18:06:49,455:WARNING:C:\Users\youne\Desktop\AutoMLapp\.venv\Lib\site-packages\pycaret\internal\metrics.py:204: FitFailedWarning: Metric 'make_scorer(roc_auc_score, response_method=('decision_function', 'predict_proba'), average=weighted, multi_class=ovr)' failed and error score 0.0 has been returned instead. If this is a custom metric, this usually means that the error is in the metric code. Full exception below:
Traceback (most recent call last):
  File "C:\Users\youne\Desktop\AutoMLapp\.venv\Lib\site-packages\pycaret\internal\metrics.py", line 196, in _score
    return super()._score(
           ^^^^^^^^^^^^^^^
  File "C:\Users\youne\Desktop\AutoMLapp\.venv\Lib\site-packages\sklearn\metrics\_scorer.py", line 350, in _score
    return self._sign * self._score_func(y_true, y_pred, **scoring_kwargs)
                        ^^^^^^^^^^^^^^^^^^^^^^^^^^^^^^^^^^^^^^^^^^^^^^^^^^
  File "C:\Users\youne\Desktop\AutoMLapp\.venv\Lib\site-packages\pycaret\internal\metrics.py", line 144, in __call__
    return self.score_func(y_true, y_pred, **kwargs)
           ^^^^^^^^^^^^^^^^^^^^^^^^^^^^^^^^^^^^^^^^^
  File "C:\Users\youne\Desktop\AutoMLapp\.venv\Lib\site-packages\sklearn\utils\_param_validation.py", line 213, in wrapper
    return func(*args, **kwargs)
           ^^^^^^^^^^^^^^^^^^^^^
  File "C:\Users\youne\Desktop\AutoMLapp\.venv\Lib\site-packages\sklearn\metrics\_ranking.py", line 634, in roc_auc_score
    return _multiclass_roc_auc_score(
           ^^^^^^^^^^^^^^^^^^^^^^^^^^
  File "C:\Users\youne\Desktop\AutoMLapp\.venv\Lib\site-packages\sklearn\metrics\_ranking.py", line 707, in _multiclass_roc_auc_score
    raise ValueError(
ValueError: Target scores need to be probabilities for multiclass roc_auc, i.e. they should sum up to 1.0 over classes

  warnings.warn(

2026-08-25 18:06:49,455:WARNING:C:\Users\youne\Desktop\AutoMLapp\.venv\Lib\site-packages\sklearn\metrics\_classification.py:1561: UserWarning: Note that pos_label (set to 'Virginica') is ignored when average != 'binary' (got 'weighted'). You may use labels=[pos_label] to specify a single positive class.
  warnings.warn(

2026-08-25 18:06:49,455:WARNING:C:\Users\youne\Desktop\AutoMLapp\.venv\Lib\site-packages\sklearn\metrics\_classification.py:1561: UserWarning: Note that pos_label (set to 'Virginica') is ignored when average != 'binary' (got 'weighted'). You may use labels=[pos_label] to specify a single positive class.
  warnings.warn(

2026-08-25 18:06:49,455:WARNING:C:\Users\youne\Desktop\AutoMLapp\.venv\Lib\site-packages\sklearn\metrics\_classification.py:1561: UserWarning: Note that pos_label (set to 'Virginica') is ignored when average != 'binary' (got 'weighted'). You may use labels=[pos_label] to specify a single positive class.
  warnings.warn(

2026-08-25 18:06:49,456:WARNING:C:\Users\youne\Desktop\AutoMLapp\.venv\Lib\site-packages\sklearn\metrics\_classification.py:1561: UserWarning: Note that pos_label (set to 'Virginica') is ignored when average != 'binary' (got 'weighted'). You may use labels=[pos_label] to specify a single positive class.
  warnings.warn(

2026-08-25 18:06:49,456:WARNING:C:\Users\youne\Desktop\AutoMLapp\.venv\Lib\site-packages\pycaret\internal\metrics.py:204: FitFailedWarning: Metric 'make_scorer(roc_auc_score, response_method=('decision_function', 'predict_proba'), average=weighted, multi_class=ovr)' failed and error score 0.0 has been returned instead. If this is a custom metric, this usually means that the error is in the metric code. Full exception below:
Traceback (most recent call last):
  File "C:\Users\youne\Desktop\AutoMLapp\.venv\Lib\site-packages\pycaret\internal\metrics.py", line 196, in _score
    return super()._score(
           ^^^^^^^^^^^^^^^
  File "C:\Users\youne\Desktop\AutoMLapp\.venv\Lib\site-packages\sklearn\metrics\_scorer.py", line 350, in _score
    return self._sign * self._score_func(y_true, y_pred, **scoring_kwargs)
                        ^^^^^^^^^^^^^^^^^^^^^^^^^^^^^^^^^^^^^^^^^^^^^^^^^^
  File "C:\Users\youne\Desktop\AutoMLapp\.venv\Lib\site-packages\pycaret\internal\metrics.py", line 144, in __call__
    return self.score_func(y_true, y_pred, **kwargs)
           ^^^^^^^^^^^^^^^^^^^^^^^^^^^^^^^^^^^^^^^^^
  File "C:\Users\youne\Desktop\AutoMLapp\.venv\Lib\site-packages\sklearn\utils\_param_validation.py", line 213, in wrapper
    return func(*args, **kwargs)
           ^^^^^^^^^^^^^^^^^^^^^
  File "C:\Users\youne\Desktop\AutoMLapp\.venv\Lib\site-packages\sklearn\metrics\_ranking.py", line 634, in roc_auc_score
    return _multiclass_roc_auc_score(
           ^^^^^^^^^^^^^^^^^^^^^^^^^^
  File "C:\Users\youne\Desktop\AutoMLapp\.venv\Lib\site-packages\sklearn\metrics\_ranking.py", line 707, in _multiclass_roc_auc_score
    raise ValueError(
ValueError: Target scores need to be probabilities for multiclass roc_auc, i.e. they should sum up to 1.0 over classes

  warnings.warn(

2026-08-25 18:06:49,457:WARNING:C:\Users\youne\Desktop\AutoMLapp\.venv\Lib\site-packages\sklearn\metrics\_classification.py:1561: UserWarning: Note that pos_label (set to 'Virginica') is ignored when average != 'binary' (got 'weighted'). You may use labels=[pos_label] to specify a single positive class.
  warnings.warn(

2026-08-25 18:06:49,457:WARNING:C:\Users\youne\Desktop\AutoMLapp\.venv\Lib\site-packages\sklearn\metrics\_classification.py:1561: UserWarning: Note that pos_label (set to 'Virginica') is ignored when average != 'binary' (got 'weighted'). You may use labels=[pos_label] to specify a single positive class.
  warnings.warn(

2026-08-25 18:06:49,458:WARNING:C:\Users\youne\Desktop\AutoMLapp\.venv\Lib\site-packages\sklearn\metrics\_classification.py:1561: UserWarning: Note that pos_label (set to 'Virginica') is ignored when average != 'binary' (got 'weighted'). You may use labels=[pos_label] to specify a single positive class.
  warnings.warn(

2026-08-25 18:06:49,458:WARNING:C:\Users\youne\Desktop\AutoMLapp\.venv\Lib\site-packages\sklearn\metrics\_classification.py:1561: UserWarning: Note that pos_label (set to 'Virginica') is ignored when average != 'binary' (got 'weighted'). You may use labels=[pos_label] to specify a single positive class.
  warnings.warn(

2026-08-25 18:06:49,458:WARNING:C:\Users\youne\Desktop\AutoMLapp\.venv\Lib\site-packages\pycaret\internal\metrics.py:204: FitFailedWarning: Metric 'make_scorer(roc_auc_score, response_method=('decision_function', 'predict_proba'), average=weighted, multi_class=ovr)' failed and error score 0.0 has been returned instead. If this is a custom metric, this usually means that the error is in the metric code. Full exception below:
Traceback (most recent call last):
  File "C:\Users\youne\Desktop\AutoMLapp\.venv\Lib\site-packages\pycaret\internal\metrics.py", line 196, in _score
    return super()._score(
           ^^^^^^^^^^^^^^^
  File "C:\Users\youne\Desktop\AutoMLapp\.venv\Lib\site-packages\sklearn\metrics\_scorer.py", line 350, in _score
    return self._sign * self._score_func(y_true, y_pred, **scoring_kwargs)
                        ^^^^^^^^^^^^^^^^^^^^^^^^^^^^^^^^^^^^^^^^^^^^^^^^^^
  File "C:\Users\youne\Desktop\AutoMLapp\.venv\Lib\site-packages\pycaret\internal\metrics.py", line 144, in __call__
    return self.score_func(y_true, y_pred, **kwargs)
           ^^^^^^^^^^^^^^^^^^^^^^^^^^^^^^^^^^^^^^^^^
  File "C:\Users\youne\Desktop\AutoMLapp\.venv\Lib\site-packages\sklearn\utils\_param_validation.py", line 213, in wrapper
    return func(*args, **kwargs)
           ^^^^^^^^^^^^^^^^^^^^^
  File "C:\Users\youne\Desktop\AutoMLapp\.venv\Lib\site-packages\sklearn\metrics\_ranking.py", line 634, in roc_auc_score
    return _multiclass_roc_auc_score(
           ^^^^^^^^^^^^^^^^^^^^^^^^^^
  File "C:\Users\youne\Desktop\AutoMLapp\.venv\Lib\site-packages\sklearn\metrics\_ranking.py", line 707, in _multiclass_roc_auc_score
    raise ValueError(
ValueError: Target scores need to be probabilities for multiclass roc_auc, i.e. they should sum up to 1.0 over classes

  warnings.warn(

2026-08-25 18:06:49,458:WARNING:C:\Users\youne\Desktop\AutoMLapp\.venv\Lib\site-packages\sklearn\metrics\_classification.py:1561: UserWarning: Note that pos_label (set to 'Virginica') is ignored when average != 'binary' (got 'weighted'). You may use labels=[pos_label] to specify a single positive class.
  warnings.warn(

2026-08-25 18:06:49,458:WARNING:C:\Users\youne\Desktop\AutoMLapp\.venv\Lib\site-packages\sklearn\metrics\_classification.py:1561: UserWarning: Note that pos_label (set to 'Virginica') is ignored when average != 'binary' (got 'weighted'). You may use labels=[pos_label] to specify a single positive class.
  warnings.warn(

2026-08-25 18:06:49,458:WARNING:C:\Users\youne\Desktop\AutoMLapp\.venv\Lib\site-packages\sklearn\metrics\_classification.py:1561: UserWarning: Note that pos_label (set to 'Virginica') is ignored when average != 'binary' (got 'weighted'). You may use labels=[pos_label] to specify a single positive class.
  warnings.warn(

2026-08-25 18:06:49,458:WARNING:C:\Users\youne\Desktop\AutoMLapp\.venv\Lib\site-packages\sklearn\metrics\_classification.py:1561: UserWarning: Note that pos_label (set to 'Virginica') is ignored when average != 'binary' (got 'weighted'). You may use labels=[pos_label] to specify a single positive class.
  warnings.warn(

2026-08-25 18:06:49,458:WARNING:C:\Users\youne\Desktop\AutoMLapp\.venv\Lib\site-packages\sklearn\metrics\_classification.py:1561: UserWarning: Note that pos_label (set to 'Virginica') is ignored when average != 'binary' (got 'weighted'). You may use labels=[pos_label] to specify a single positive class.
  warnings.warn(

2026-08-25 18:06:49,460:WARNING:C:\Users\youne\Desktop\AutoMLapp\.venv\Lib\site-packages\pycaret\internal\metrics.py:204: FitFailedWarning: Metric 'make_scorer(roc_auc_score, response_method=('decision_function', 'predict_proba'), average=weighted, multi_class=ovr)' failed and error score 0.0 has been returned instead. If this is a custom metric, this usually means that the error is in the metric code. Full exception below:
Traceback (most recent call last):
  File "C:\Users\youne\Desktop\AutoMLapp\.venv\Lib\site-packages\pycaret\internal\metrics.py", line 196, in _score
    return super()._score(
           ^^^^^^^^^^^^^^^
  File "C:\Users\youne\Desktop\AutoMLapp\.venv\Lib\site-packages\sklearn\metrics\_scorer.py", line 350, in _score
    return self._sign * self._score_func(y_true, y_pred, **scoring_kwargs)
                        ^^^^^^^^^^^^^^^^^^^^^^^^^^^^^^^^^^^^^^^^^^^^^^^^^^
  File "C:\Users\youne\Desktop\AutoMLapp\.venv\Lib\site-packages\pycaret\internal\metrics.py", line 144, in __call__
    return self.score_func(y_true, y_pred, **kwargs)
           ^^^^^^^^^^^^^^^^^^^^^^^^^^^^^^^^^^^^^^^^^
  File "C:\Users\youne\Desktop\AutoMLapp\.venv\Lib\site-packages\sklearn\utils\_param_validation.py", line 213, in wrapper
    return func(*args, **kwargs)
           ^^^^^^^^^^^^^^^^^^^^^
  File "C:\Users\youne\Desktop\AutoMLapp\.venv\Lib\site-packages\sklearn\metrics\_ranking.py", line 634, in roc_auc_score
    return _multiclass_roc_auc_score(
           ^^^^^^^^^^^^^^^^^^^^^^^^^^
  File "C:\Users\youne\Desktop\AutoMLapp\.venv\Lib\site-packages\sklearn\metrics\_ranking.py", line 707, in _multiclass_roc_auc_score
    raise ValueError(
ValueError: Target scores need to be probabilities for multiclass roc_auc, i.e. they should sum up to 1.0 over classes

  warnings.warn(

2026-08-25 18:06:49,460:WARNING:C:\Users\youne\Desktop\AutoMLapp\.venv\Lib\site-packages\sklearn\metrics\_classification.py:1561: UserWarning: Note that pos_label (set to 'Virginica') is ignored when average != 'binary' (got 'weighted'). You may use labels=[pos_label] to specify a single positive class.
  warnings.warn(

2026-08-25 18:06:49,461:WARNING:C:\Users\youne\Desktop\AutoMLapp\.venv\Lib\site-packages\sklearn\metrics\_classification.py:1561: UserWarning: Note that pos_label (set to 'Virginica') is ignored when average != 'binary' (got 'weighted'). You may use labels=[pos_label] to specify a single positive class.
  warnings.warn(

2026-08-25 18:06:49,462:WARNING:C:\Users\youne\Desktop\AutoMLapp\.venv\Lib\site-packages\sklearn\metrics\_classification.py:1561: UserWarning: Note that pos_label (set to 'Virginica') is ignored when average != 'binary' (got 'weighted'). You may use labels=[pos_label] to specify a single positive class.
  warnings.warn(

2026-08-25 18:06:49,462:WARNING:C:\Users\youne\Desktop\AutoMLapp\.venv\Lib\site-packages\sklearn\metrics\_classification.py:1561: UserWarning: Note that pos_label (set to 'Virginica') is ignored when average != 'binary' (got 'weighted'). You may use labels=[pos_label] to specify a single positive class.
  warnings.warn(

2026-08-25 18:06:49,462:WARNING:C:\Users\youne\Desktop\AutoMLapp\.venv\Lib\site-packages\sklearn\metrics\_classification.py:1561: UserWarning: Note that pos_label (set to 'Virginica') is ignored when average != 'binary' (got 'weighted'). You may use labels=[pos_label] to specify a single positive class.
  warnings.warn(

2026-08-25 18:06:49,462:WARNING:C:\Users\youne\Desktop\AutoMLapp\.venv\Lib\site-packages\sklearn\metrics\_classification.py:1561: UserWarning: Note that pos_label (set to 'Virginica') is ignored when average != 'binary' (got 'weighted'). You may use labels=[pos_label] to specify a single positive class.
  warnings.warn(

2026-08-25 18:06:49,462:WARNING:C:\Users\youne\Desktop\AutoMLapp\.venv\Lib\site-packages\sklearn\metrics\_classification.py:1509: UndefinedMetricWarning: Precision is ill-defined and being set to 0.0 in labels with no predicted samples. Use `zero_division` parameter to control this behavior.
  _warn_prf(average, modifier, f"{metric.capitalize()} is", len(result))

2026-08-25 18:06:49,463:WARNING:C:\Users\youne\Desktop\AutoMLapp\.venv\Lib\site-packages\sklearn\metrics\_classification.py:1509: UndefinedMetricWarning: Precision is ill-defined and being set to 0.0 in labels with no predicted samples. Use `zero_division` parameter to control this behavior.
  _warn_prf(average, modifier, f"{metric.capitalize()} is", len(result))

2026-08-25 18:06:49,464:WARNING:C:\Users\youne\Desktop\AutoMLapp\.venv\Lib\site-packages\sklearn\metrics\_classification.py:1561: UserWarning: Note that pos_label (set to 'Virginica') is ignored when average != 'binary' (got 'weighted'). You may use labels=[pos_label] to specify a single positive class.
  warnings.warn(

2026-08-25 18:06:49,464:WARNING:C:\Users\youne\Desktop\AutoMLapp\.venv\Lib\site-packages\sklearn\metrics\_classification.py:1561: UserWarning: Note that pos_label (set to 'Virginica') is ignored when average != 'binary' (got 'weighted'). You may use labels=[pos_label] to specify a single positive class.
  warnings.warn(

2026-08-25 18:06:49,464:WARNING:C:\Users\youne\Desktop\AutoMLapp\.venv\Lib\site-packages\sklearn\metrics\_classification.py:1561: UserWarning: Note that pos_label (set to 'Virginica') is ignored when average != 'binary' (got 'weighted'). You may use labels=[pos_label] to specify a single positive class.
  warnings.warn(

2026-08-25 18:06:49,464:WARNING:C:\Users\youne\Desktop\AutoMLapp\.venv\Lib\site-packages\sklearn\metrics\_classification.py:1561: UserWarning: Note that pos_label (set to 'Virginica') is ignored when average != 'binary' (got 'weighted'). You may use labels=[pos_label] to specify a single positive class.
  warnings.warn(

2026-08-25 18:06:49,465:WARNING:C:\Users\youne\Desktop\AutoMLapp\.venv\Lib\site-packages\sklearn\metrics\_classification.py:1561: UserWarning: Note that pos_label (set to 'Virginica') is ignored when average != 'binary' (got 'weighted'). You may use labels=[pos_label] to specify a single positive class.
  warnings.warn(

2026-08-25 18:06:49,479:INFO:Calculating mean and std
2026-08-25 18:06:49,479:INFO:Creating metrics dataframe
2026-08-25 18:06:49,480:INFO:Uploading results into container
2026-08-25 18:06:49,480:INFO:Uploading model into container now
2026-08-25 18:06:49,481:INFO:_master_model_container: 5
2026-08-25 18:06:49,481:INFO:_display_container: 2
2026-08-25 18:06:49,481:INFO:SGDClassifier(alpha=0.0001, average=False, class_weight=None,
              early_stopping=False, epsilon=0.1, eta0=0.001, fit_intercept=True,
              l1_ratio=0.15, learning_rate='optimal', loss='hinge',
              max_iter=1000, n_iter_no_change=5, n_jobs=-1, penalty='l2',
              power_t=0.5, random_state=42, shuffle=True, tol=0.001,
              validation_fraction=0.1, verbose=0, warm_start=False)
2026-08-25 18:06:49,481:INFO:create_model() successfully completed......................................
2026-08-25 18:06:49,607:INFO:SubProcess create_model() end ==================================
2026-08-25 18:06:49,607:INFO:Creating metrics dataframe
2026-08-25 18:06:49,608:INFO:Initializing Ridge Classifier
2026-08-25 18:06:49,608:INFO:Total runtime is 0.019054138660430906 minutes
2026-08-25 18:06:49,608:INFO:SubProcess create_model() called ==================================
2026-08-25 18:06:49,608:INFO:Initializing create_model()
2026-08-25 18:06:49,608:INFO:create_model(self=<pycaret.classification.oop.ClassificationExperiment object at 0x0000022123C69050>, estimator=ridge, fold=StratifiedKFold(n_splits=10, random_state=None, shuffle=False), round=4, cross_validation=True, predict=True, fit_kwargs={}, groups=None, refit=False, probability_threshold=None, experiment_custom_tags=None, verbose=False, system=False, add_to_model_list=True, metrics=None, display=<pycaret.internal.display.display.CommonDisplay object at 0x000002212689B3D0>, model_only=True, return_train_score=False, error_score=0.0, kwargs={})
2026-08-25 18:06:49,609:INFO:Checking exceptions
2026-08-25 18:06:49,609:INFO:Importing libraries
2026-08-25 18:06:49,609:INFO:Copying training dataset
2026-08-25 18:06:49,610:INFO:Defining folds
2026-08-25 18:06:49,610:INFO:Declaring metric variables
2026-08-25 18:06:49,610:INFO:Importing untrained model
2026-08-25 18:06:49,610:INFO:Ridge Classifier Imported successfully
2026-08-25 18:06:49,611:INFO:Starting cross validation
2026-08-25 18:06:49,611:INFO:Cross validating with StratifiedKFold(n_splits=10, random_state=None, shuffle=False), n_jobs=-1
2026-08-25 18:06:49,639:WARNING:C:\Users\youne\Desktop\AutoMLapp\.venv\Lib\site-packages\pycaret\internal\metrics.py:204: FitFailedWarning: Metric 'make_scorer(roc_auc_score, response_method=('decision_function', 'predict_proba'), average=weighted, multi_class=ovr)' failed and error score 0.0 has been returned instead. If this is a custom metric, this usually means that the error is in the metric code. Full exception below:
Traceback (most recent call last):
  File "C:\Users\youne\Desktop\AutoMLapp\.venv\Lib\site-packages\pycaret\internal\metrics.py", line 196, in _score
    return super()._score(
           ^^^^^^^^^^^^^^^
  File "C:\Users\youne\Desktop\AutoMLapp\.venv\Lib\site-packages\sklearn\metrics\_scorer.py", line 350, in _score
    return self._sign * self._score_func(y_true, y_pred, **scoring_kwargs)
                        ^^^^^^^^^^^^^^^^^^^^^^^^^^^^^^^^^^^^^^^^^^^^^^^^^^
  File "C:\Users\youne\Desktop\AutoMLapp\.venv\Lib\site-packages\pycaret\internal\metrics.py", line 144, in __call__
    return self.score_func(y_true, y_pred, **kwargs)
           ^^^^^^^^^^^^^^^^^^^^^^^^^^^^^^^^^^^^^^^^^
  File "C:\Users\youne\Desktop\AutoMLapp\.venv\Lib\site-packages\sklearn\utils\_param_validation.py", line 213, in wrapper
    return func(*args, **kwargs)
           ^^^^^^^^^^^^^^^^^^^^^
  File "C:\Users\youne\Desktop\AutoMLapp\.venv\Lib\site-packages\sklearn\metrics\_ranking.py", line 634, in roc_auc_score
    return _multiclass_roc_auc_score(
           ^^^^^^^^^^^^^^^^^^^^^^^^^^
  File "C:\Users\youne\Desktop\AutoMLapp\.venv\Lib\site-packages\sklearn\metrics\_ranking.py", line 707, in _multiclass_roc_auc_score
    raise ValueError(
ValueError: Target scores need to be probabilities for multiclass roc_auc, i.e. they should sum up to 1.0 over classes

  warnings.warn(

2026-08-25 18:06:49,640:WARNING:C:\Users\youne\Desktop\AutoMLapp\.venv\Lib\site-packages\pycaret\internal\metrics.py:204: FitFailedWarning: Metric 'make_scorer(roc_auc_score, response_method=('decision_function', 'predict_proba'), average=weighted, multi_class=ovr)' failed and error score 0.0 has been returned instead. If this is a custom metric, this usually means that the error is in the metric code. Full exception below:
Traceback (most recent call last):
  File "C:\Users\youne\Desktop\AutoMLapp\.venv\Lib\site-packages\pycaret\internal\metrics.py", line 196, in _score
    return super()._score(
           ^^^^^^^^^^^^^^^
  File "C:\Users\youne\Desktop\AutoMLapp\.venv\Lib\site-packages\sklearn\metrics\_scorer.py", line 350, in _score
    return self._sign * self._score_func(y_true, y_pred, **scoring_kwargs)
                        ^^^^^^^^^^^^^^^^^^^^^^^^^^^^^^^^^^^^^^^^^^^^^^^^^^
  File "C:\Users\youne\Desktop\AutoMLapp\.venv\Lib\site-packages\pycaret\internal\metrics.py", line 144, in __call__
    return self.score_func(y_true, y_pred, **kwargs)
           ^^^^^^^^^^^^^^^^^^^^^^^^^^^^^^^^^^^^^^^^^
  File "C:\Users\youne\Desktop\AutoMLapp\.venv\Lib\site-packages\sklearn\utils\_param_validation.py", line 213, in wrapper
    return func(*args, **kwargs)
           ^^^^^^^^^^^^^^^^^^^^^
  File "C:\Users\youne\Desktop\AutoMLapp\.venv\Lib\site-packages\sklearn\metrics\_ranking.py", line 634, in roc_auc_score
    return _multiclass_roc_auc_score(
           ^^^^^^^^^^^^^^^^^^^^^^^^^^
  File "C:\Users\youne\Desktop\AutoMLapp\.venv\Lib\site-packages\sklearn\metrics\_ranking.py", line 707, in _multiclass_roc_auc_score
    raise ValueError(
ValueError: Target scores need to be probabilities for multiclass roc_auc, i.e. they should sum up to 1.0 over classes

  warnings.warn(

2026-08-25 18:06:49,640:WARNING:C:\Users\youne\Desktop\AutoMLapp\.venv\Lib\site-packages\sklearn\metrics\_classification.py:1561: UserWarning: Note that pos_label (set to 'Virginica') is ignored when average != 'binary' (got 'weighted'). You may use labels=[pos_label] to specify a single positive class.
  warnings.warn(

2026-08-25 18:06:49,641:WARNING:C:\Users\youne\Desktop\AutoMLapp\.venv\Lib\site-packages\pycaret\internal\metrics.py:204: FitFailedWarning: Metric 'make_scorer(roc_auc_score, response_method=('decision_function', 'predict_proba'), average=weighted, multi_class=ovr)' failed and error score 0.0 has been returned instead. If this is a custom metric, this usually means that the error is in the metric code. Full exception below:
Traceback (most recent call last):
  File "C:\Users\youne\Desktop\AutoMLapp\.venv\Lib\site-packages\pycaret\internal\metrics.py", line 196, in _score
    return super()._score(
           ^^^^^^^^^^^^^^^
  File "C:\Users\youne\Desktop\AutoMLapp\.venv\Lib\site-packages\sklearn\metrics\_scorer.py", line 350, in _score
    return self._sign * self._score_func(y_true, y_pred, **scoring_kwargs)
                        ^^^^^^^^^^^^^^^^^^^^^^^^^^^^^^^^^^^^^^^^^^^^^^^^^^
  File "C:\Users\youne\Desktop\AutoMLapp\.venv\Lib\site-packages\pycaret\internal\metrics.py", line 144, in __call__
    return self.score_func(y_true, y_pred, **kwargs)
           ^^^^^^^^^^^^^^^^^^^^^^^^^^^^^^^^^^^^^^^^^
  File "C:\Users\youne\Desktop\AutoMLapp\.venv\Lib\site-packages\sklearn\utils\_param_validation.py", line 213, in wrapper
    return func(*args, **kwargs)
           ^^^^^^^^^^^^^^^^^^^^^
  File "C:\Users\youne\Desktop\AutoMLapp\.venv\Lib\site-packages\sklearn\metrics\_ranking.py", line 634, in roc_auc_score
    return _multiclass_roc_auc_score(
           ^^^^^^^^^^^^^^^^^^^^^^^^^^
  File "C:\Users\youne\Desktop\AutoMLapp\.venv\Lib\site-packages\sklearn\metrics\_ranking.py", line 707, in _multiclass_roc_auc_score
    raise ValueError(
ValueError: Target scores need to be probabilities for multiclass roc_auc, i.e. they should sum up to 1.0 over classes

  warnings.warn(

2026-08-25 18:06:49,641:WARNING:C:\Users\youne\Desktop\AutoMLapp\.venv\Lib\site-packages\pycaret\internal\metrics.py:204: FitFailedWarning: Metric 'make_scorer(roc_auc_score, response_method=('decision_function', 'predict_proba'), average=weighted, multi_class=ovr)' failed and error score 0.0 has been returned instead. If this is a custom metric, this usually means that the error is in the metric code. Full exception below:
Traceback (most recent call last):
  File "C:\Users\youne\Desktop\AutoMLapp\.venv\Lib\site-packages\pycaret\internal\metrics.py", line 196, in _score
    return super()._score(
           ^^^^^^^^^^^^^^^
  File "C:\Users\youne\Desktop\AutoMLapp\.venv\Lib\site-packages\sklearn\metrics\_scorer.py", line 350, in _score
    return self._sign * self._score_func(y_true, y_pred, **scoring_kwargs)
                        ^^^^^^^^^^^^^^^^^^^^^^^^^^^^^^^^^^^^^^^^^^^^^^^^^^
  File "C:\Users\youne\Desktop\AutoMLapp\.venv\Lib\site-packages\pycaret\internal\metrics.py", line 144, in __call__
    return self.score_func(y_true, y_pred, **kwargs)
           ^^^^^^^^^^^^^^^^^^^^^^^^^^^^^^^^^^^^^^^^^
  File "C:\Users\youne\Desktop\AutoMLapp\.venv\Lib\site-packages\sklearn\utils\_param_validation.py", line 213, in wrapper
    return func(*args, **kwargs)
           ^^^^^^^^^^^^^^^^^^^^^
  File "C:\Users\youne\Desktop\AutoMLapp\.venv\Lib\site-packages\sklearn\metrics\_ranking.py", line 634, in roc_auc_score
    return _multiclass_roc_auc_score(
           ^^^^^^^^^^^^^^^^^^^^^^^^^^
  File "C:\Users\youne\Desktop\AutoMLapp\.venv\Lib\site-packages\sklearn\metrics\_ranking.py", line 707, in _multiclass_roc_auc_score
    raise ValueError(
ValueError: Target scores need to be probabilities for multiclass roc_auc, i.e. they should sum up to 1.0 over classes

  warnings.warn(

2026-08-25 18:06:49,642:WARNING:C:\Users\youne\Desktop\AutoMLapp\.venv\Lib\site-packages\sklearn\metrics\_classification.py:1561: UserWarning: Note that pos_label (set to 'Virginica') is ignored when average != 'binary' (got 'weighted'). You may use labels=[pos_label] to specify a single positive class.
  warnings.warn(

2026-08-25 18:06:49,642:WARNING:C:\Users\youne\Desktop\AutoMLapp\.venv\Lib\site-packages\pycaret\internal\metrics.py:204: FitFailedWarning: Metric 'make_scorer(roc_auc_score, response_method=('decision_function', 'predict_proba'), average=weighted, multi_class=ovr)' failed and error score 0.0 has been returned instead. If this is a custom metric, this usually means that the error is in the metric code. Full exception below:
Traceback (most recent call last):
  File "C:\Users\youne\Desktop\AutoMLapp\.venv\Lib\site-packages\pycaret\internal\metrics.py", line 196, in _score
    return super()._score(
           ^^^^^^^^^^^^^^^
  File "C:\Users\youne\Desktop\AutoMLapp\.venv\Lib\site-packages\sklearn\metrics\_scorer.py", line 350, in _score
    return self._sign * self._score_func(y_true, y_pred, **scoring_kwargs)
                        ^^^^^^^^^^^^^^^^^^^^^^^^^^^^^^^^^^^^^^^^^^^^^^^^^^
  File "C:\Users\youne\Desktop\AutoMLapp\.venv\Lib\site-packages\pycaret\internal\metrics.py", line 144, in __call__
    return self.score_func(y_true, y_pred, **kwargs)
           ^^^^^^^^^^^^^^^^^^^^^^^^^^^^^^^^^^^^^^^^^
  File "C:\Users\youne\Desktop\AutoMLapp\.venv\Lib\site-packages\sklearn\utils\_param_validation.py", line 213, in wrapper
    return func(*args, **kwargs)
           ^^^^^^^^^^^^^^^^^^^^^
  File "C:\Users\youne\Desktop\AutoMLapp\.venv\Lib\site-packages\sklearn\metrics\_ranking.py", line 634, in roc_auc_score
    return _multiclass_roc_auc_score(
           ^^^^^^^^^^^^^^^^^^^^^^^^^^
  File "C:\Users\youne\Desktop\AutoMLapp\.venv\Lib\site-packages\sklearn\metrics\_ranking.py", line 707, in _multiclass_roc_auc_score
    raise ValueError(
ValueError: Target scores need to be probabilities for multiclass roc_auc, i.e. they should sum up to 1.0 over classes

  warnings.warn(

2026-08-25 18:06:49,643:WARNING:C:\Users\youne\Desktop\AutoMLapp\.venv\Lib\site-packages\sklearn\metrics\_classification.py:1561: UserWarning: Note that pos_label (set to 'Virginica') is ignored when average != 'binary' (got 'weighted'). You may use labels=[pos_label] to specify a single positive class.
  warnings.warn(

2026-08-25 18:06:49,643:WARNING:C:\Users\youne\Desktop\AutoMLapp\.venv\Lib\site-packages\sklearn\metrics\_classification.py:1561: UserWarning: Note that pos_label (set to 'Virginica') is ignored when average != 'binary' (got 'weighted'). You may use labels=[pos_label] to specify a single positive class.
  warnings.warn(

2026-08-25 18:06:49,643:WARNING:C:\Users\youne\Desktop\AutoMLapp\.venv\Lib\site-packages\pycaret\internal\metrics.py:204: FitFailedWarning: Metric 'make_scorer(roc_auc_score, response_method=('decision_function', 'predict_proba'), average=weighted, multi_class=ovr)' failed and error score 0.0 has been returned instead. If this is a custom metric, this usually means that the error is in the metric code. Full exception below:
Traceback (most recent call last):
  File "C:\Users\youne\Desktop\AutoMLapp\.venv\Lib\site-packages\pycaret\internal\metrics.py", line 196, in _score
    return super()._score(
           ^^^^^^^^^^^^^^^
  File "C:\Users\youne\Desktop\AutoMLapp\.venv\Lib\site-packages\sklearn\metrics\_scorer.py", line 350, in _score
    return self._sign * self._score_func(y_true, y_pred, **scoring_kwargs)
                        ^^^^^^^^^^^^^^^^^^^^^^^^^^^^^^^^^^^^^^^^^^^^^^^^^^
  File "C:\Users\youne\Desktop\AutoMLapp\.venv\Lib\site-packages\pycaret\internal\metrics.py", line 144, in __call__
    return self.score_func(y_true, y_pred, **kwargs)
           ^^^^^^^^^^^^^^^^^^^^^^^^^^^^^^^^^^^^^^^^^
  File "C:\Users\youne\Desktop\AutoMLapp\.venv\Lib\site-packages\sklearn\utils\_param_validation.py", line 213, in wrapper
    return func(*args, **kwargs)
           ^^^^^^^^^^^^^^^^^^^^^
  File "C:\Users\youne\Desktop\AutoMLapp\.venv\Lib\site-packages\sklearn\metrics\_ranking.py", line 634, in roc_auc_score
    return _multiclass_roc_auc_score(
           ^^^^^^^^^^^^^^^^^^^^^^^^^^
  File "C:\Users\youne\Desktop\AutoMLapp\.venv\Lib\site-packages\sklearn\metrics\_ranking.py", line 707, in _multiclass_roc_auc_score
    raise ValueError(
ValueError: Target scores need to be probabilities for multiclass roc_auc, i.e. they should sum up to 1.0 over classes

  warnings.warn(

2026-08-25 18:06:49,643:WARNING:C:\Users\youne\Desktop\AutoMLapp\.venv\Lib\site-packages\sklearn\metrics\_classification.py:1561: UserWarning: Note that pos_label (set to 'Virginica') is ignored when average != 'binary' (got 'weighted'). You may use labels=[pos_label] to specify a single positive class.
  warnings.warn(

2026-08-25 18:06:49,644:WARNING:C:\Users\youne\Desktop\AutoMLapp\.venv\Lib\site-packages\pycaret\internal\metrics.py:204: FitFailedWarning: Metric 'make_scorer(roc_auc_score, response_method=('decision_function', 'predict_proba'), average=weighted, multi_class=ovr)' failed and error score 0.0 has been returned instead. If this is a custom metric, this usually means that the error is in the metric code. Full exception below:
Traceback (most recent call last):
  File "C:\Users\youne\Desktop\AutoMLapp\.venv\Lib\site-packages\pycaret\internal\metrics.py", line 196, in _score
    return super()._score(
           ^^^^^^^^^^^^^^^
  File "C:\Users\youne\Desktop\AutoMLapp\.venv\Lib\site-packages\sklearn\metrics\_scorer.py", line 350, in _score
    return self._sign * self._score_func(y_true, y_pred, **scoring_kwargs)
                        ^^^^^^^^^^^^^^^^^^^^^^^^^^^^^^^^^^^^^^^^^^^^^^^^^^
  File "C:\Users\youne\Desktop\AutoMLapp\.venv\Lib\site-packages\pycaret\internal\metrics.py", line 144, in __call__
    return self.score_func(y_true, y_pred, **kwargs)
           ^^^^^^^^^^^^^^^^^^^^^^^^^^^^^^^^^^^^^^^^^
  File "C:\Users\youne\Desktop\AutoMLapp\.venv\Lib\site-packages\sklearn\utils\_param_validation.py", line 213, in wrapper
    return func(*args, **kwargs)
           ^^^^^^^^^^^^^^^^^^^^^
  File "C:\Users\youne\Desktop\AutoMLapp\.venv\Lib\site-packages\sklearn\metrics\_ranking.py", line 634, in roc_auc_score
    return _multiclass_roc_auc_score(
           ^^^^^^^^^^^^^^^^^^^^^^^^^^
  File "C:\Users\youne\Desktop\AutoMLapp\.venv\Lib\site-packages\sklearn\metrics\_ranking.py", line 707, in _multiclass_roc_auc_score
    raise ValueError(
ValueError: Target scores need to be probabilities for multiclass roc_auc, i.e. they should sum up to 1.0 over classes

  warnings.warn(

2026-08-25 18:06:49,644:WARNING:C:\Users\youne\Desktop\AutoMLapp\.venv\Lib\site-packages\sklearn\metrics\_classification.py:1561: UserWarning: Note that pos_label (set to 'Virginica') is ignored when average != 'binary' (got 'weighted'). You may use labels=[pos_label] to specify a single positive class.
  warnings.warn(

2026-08-25 18:06:49,645:WARNING:C:\Users\youne\Desktop\AutoMLapp\.venv\Lib\site-packages\pycaret\internal\metrics.py:204: FitFailedWarning: Metric 'make_scorer(roc_auc_score, response_method=('decision_function', 'predict_proba'), average=weighted, multi_class=ovr)' failed and error score 0.0 has been returned instead. If this is a custom metric, this usually means that the error is in the metric code. Full exception below:
Traceback (most recent call last):
  File "C:\Users\youne\Desktop\AutoMLapp\.venv\Lib\site-packages\pycaret\internal\metrics.py", line 196, in _score
    return super()._score(
           ^^^^^^^^^^^^^^^
  File "C:\Users\youne\Desktop\AutoMLapp\.venv\Lib\site-packages\sklearn\metrics\_scorer.py", line 350, in _score
    return self._sign * self._score_func(y_true, y_pred, **scoring_kwargs)
                        ^^^^^^^^^^^^^^^^^^^^^^^^^^^^^^^^^^^^^^^^^^^^^^^^^^
  File "C:\Users\youne\Desktop\AutoMLapp\.venv\Lib\site-packages\pycaret\internal\metrics.py", line 144, in __call__
    return self.score_func(y_true, y_pred, **kwargs)
           ^^^^^^^^^^^^^^^^^^^^^^^^^^^^^^^^^^^^^^^^^
  File "C:\Users\youne\Desktop\AutoMLapp\.venv\Lib\site-packages\sklearn\utils\_param_validation.py", line 213, in wrapper
    return func(*args, **kwargs)
           ^^^^^^^^^^^^^^^^^^^^^
  File "C:\Users\youne\Desktop\AutoMLapp\.venv\Lib\site-packages\sklearn\metrics\_ranking.py", line 634, in roc_auc_score
    return _multiclass_roc_auc_score(
           ^^^^^^^^^^^^^^^^^^^^^^^^^^
  File "C:\Users\youne\Desktop\AutoMLapp\.venv\Lib\site-packages\sklearn\metrics\_ranking.py", line 707, in _multiclass_roc_auc_score
    raise ValueError(
ValueError: Target scores need to be probabilities for multiclass roc_auc, i.e. they should sum up to 1.0 over classes

  warnings.warn(

2026-08-25 18:06:49,645:WARNING:C:\Users\youne\Desktop\AutoMLapp\.venv\Lib\site-packages\sklearn\metrics\_classification.py:1561: UserWarning: Note that pos_label (set to 'Virginica') is ignored when average != 'binary' (got 'weighted'). You may use labels=[pos_label] to specify a single positive class.
  warnings.warn(

2026-08-25 18:06:49,645:WARNING:C:\Users\youne\Desktop\AutoMLapp\.venv\Lib\site-packages\sklearn\metrics\_classification.py:1561: UserWarning: Note that pos_label (set to 'Virginica') is ignored when average != 'binary' (got 'weighted'). You may use labels=[pos_label] to specify a single positive class.
  warnings.warn(

2026-08-25 18:06:49,645:WARNING:C:\Users\youne\Desktop\AutoMLapp\.venv\Lib\site-packages\sklearn\metrics\_classification.py:1561: UserWarning: Note that pos_label (set to 'Virginica') is ignored when average != 'binary' (got 'weighted'). You may use labels=[pos_label] to specify a single positive class.
  warnings.warn(

2026-08-25 18:06:49,645:WARNING:C:\Users\youne\Desktop\AutoMLapp\.venv\Lib\site-packages\pycaret\internal\metrics.py:204: FitFailedWarning: Metric 'make_scorer(roc_auc_score, response_method=('decision_function', 'predict_proba'), average=weighted, multi_class=ovr)' failed and error score 0.0 has been returned instead. If this is a custom metric, this usually means that the error is in the metric code. Full exception below:
Traceback (most recent call last):
  File "C:\Users\youne\Desktop\AutoMLapp\.venv\Lib\site-packages\pycaret\internal\metrics.py", line 196, in _score
    return super()._score(
           ^^^^^^^^^^^^^^^
  File "C:\Users\youne\Desktop\AutoMLapp\.venv\Lib\site-packages\sklearn\metrics\_scorer.py", line 350, in _score
    return self._sign * self._score_func(y_true, y_pred, **scoring_kwargs)
                        ^^^^^^^^^^^^^^^^^^^^^^^^^^^^^^^^^^^^^^^^^^^^^^^^^^
  File "C:\Users\youne\Desktop\AutoMLapp\.venv\Lib\site-packages\pycaret\internal\metrics.py", line 144, in __call__
    return self.score_func(y_true, y_pred, **kwargs)
           ^^^^^^^^^^^^^^^^^^^^^^^^^^^^^^^^^^^^^^^^^
  File "C:\Users\youne\Desktop\AutoMLapp\.venv\Lib\site-packages\sklearn\utils\_param_validation.py", line 213, in wrapper
    return func(*args, **kwargs)
           ^^^^^^^^^^^^^^^^^^^^^
  File "C:\Users\youne\Desktop\AutoMLapp\.venv\Lib\site-packages\sklearn\metrics\_ranking.py", line 634, in roc_auc_score
    return _multiclass_roc_auc_score(
           ^^^^^^^^^^^^^^^^^^^^^^^^^^
  File "C:\Users\youne\Desktop\AutoMLapp\.venv\Lib\site-packages\sklearn\metrics\_ranking.py", line 707, in _multiclass_roc_auc_score
    raise ValueError(
ValueError: Target scores need to be probabilities for multiclass roc_auc, i.e. they should sum up to 1.0 over classes

  warnings.warn(

2026-08-25 18:06:49,645:WARNING:C:\Users\youne\Desktop\AutoMLapp\.venv\Lib\site-packages\sklearn\metrics\_classification.py:1561: UserWarning: Note that pos_label (set to 'Virginica') is ignored when average != 'binary' (got 'weighted'). You may use labels=[pos_label] to specify a single positive class.
  warnings.warn(

2026-08-25 18:06:49,646:WARNING:C:\Users\youne\Desktop\AutoMLapp\.venv\Lib\site-packages\sklearn\metrics\_classification.py:1561: UserWarning: Note that pos_label (set to 'Virginica') is ignored when average != 'binary' (got 'weighted'). You may use labels=[pos_label] to specify a single positive class.
  warnings.warn(

2026-08-25 18:06:49,646:WARNING:C:\Users\youne\Desktop\AutoMLapp\.venv\Lib\site-packages\sklearn\metrics\_classification.py:1561: UserWarning: Note that pos_label (set to 'Virginica') is ignored when average != 'binary' (got 'weighted'). You may use labels=[pos_label] to specify a single positive class.
  warnings.warn(

2026-08-25 18:06:49,646:WARNING:C:\Users\youne\Desktop\AutoMLapp\.venv\Lib\site-packages\sklearn\metrics\_classification.py:1561: UserWarning: Note that pos_label (set to 'Virginica') is ignored when average != 'binary' (got 'weighted'). You may use labels=[pos_label] to specify a single positive class.
  warnings.warn(

2026-08-25 18:06:49,646:WARNING:C:\Users\youne\Desktop\AutoMLapp\.venv\Lib\site-packages\pycaret\internal\metrics.py:204: FitFailedWarning: Metric 'make_scorer(roc_auc_score, response_method=('decision_function', 'predict_proba'), average=weighted, multi_class=ovr)' failed and error score 0.0 has been returned instead. If this is a custom metric, this usually means that the error is in the metric code. Full exception below:
Traceback (most recent call last):
  File "C:\Users\youne\Desktop\AutoMLapp\.venv\Lib\site-packages\pycaret\internal\metrics.py", line 196, in _score
    return super()._score(
           ^^^^^^^^^^^^^^^
  File "C:\Users\youne\Desktop\AutoMLapp\.venv\Lib\site-packages\sklearn\metrics\_scorer.py", line 350, in _score
    return self._sign * self._score_func(y_true, y_pred, **scoring_kwargs)
                        ^^^^^^^^^^^^^^^^^^^^^^^^^^^^^^^^^^^^^^^^^^^^^^^^^^
  File "C:\Users\youne\Desktop\AutoMLapp\.venv\Lib\site-packages\pycaret\internal\metrics.py", line 144, in __call__
    return self.score_func(y_true, y_pred, **kwargs)
           ^^^^^^^^^^^^^^^^^^^^^^^^^^^^^^^^^^^^^^^^^
  File "C:\Users\youne\Desktop\AutoMLapp\.venv\Lib\site-packages\sklearn\utils\_param_validation.py", line 213, in wrapper
    return func(*args, **kwargs)
           ^^^^^^^^^^^^^^^^^^^^^
  File "C:\Users\youne\Desktop\AutoMLapp\.venv\Lib\site-packages\sklearn\metrics\_ranking.py", line 634, in roc_auc_score
    return _multiclass_roc_auc_score(
           ^^^^^^^^^^^^^^^^^^^^^^^^^^
  File "C:\Users\youne\Desktop\AutoMLapp\.venv\Lib\site-packages\sklearn\metrics\_ranking.py", line 707, in _multiclass_roc_auc_score
    raise ValueError(
ValueError: Target scores need to be probabilities for multiclass roc_auc, i.e. they should sum up to 1.0 over classes

  warnings.warn(

2026-08-25 18:06:49,646:WARNING:C:\Users\youne\Desktop\AutoMLapp\.venv\Lib\site-packages\sklearn\metrics\_classification.py:1561: UserWarning: Note that pos_label (set to 'Virginica') is ignored when average != 'binary' (got 'weighted'). You may use labels=[pos_label] to specify a single positive class.
  warnings.warn(

2026-08-25 18:06:49,646:WARNING:C:\Users\youne\Desktop\AutoMLapp\.venv\Lib\site-packages\sklearn\metrics\_classification.py:1561: UserWarning: Note that pos_label (set to 'Virginica') is ignored when average != 'binary' (got 'weighted'). You may use labels=[pos_label] to specify a single positive class.
  warnings.warn(

2026-08-25 18:06:49,648:WARNING:C:\Users\youne\Desktop\AutoMLapp\.venv\Lib\site-packages\sklearn\metrics\_classification.py:1561: UserWarning: Note that pos_label (set to 'Virginica') is ignored when average != 'binary' (got 'weighted'). You may use labels=[pos_label] to specify a single positive class.
  warnings.warn(

2026-08-25 18:06:49,648:WARNING:C:\Users\youne\Desktop\AutoMLapp\.venv\Lib\site-packages\sklearn\metrics\_classification.py:1561: UserWarning: Note that pos_label (set to 'Virginica') is ignored when average != 'binary' (got 'weighted'). You may use labels=[pos_label] to specify a single positive class.
  warnings.warn(

2026-08-25 18:06:49,648:WARNING:C:\Users\youne\Desktop\AutoMLapp\.venv\Lib\site-packages\sklearn\metrics\_classification.py:1561: UserWarning: Note that pos_label (set to 'Virginica') is ignored when average != 'binary' (got 'weighted'). You may use labels=[pos_label] to specify a single positive class.
  warnings.warn(

2026-08-25 18:06:49,648:WARNING:C:\Users\youne\Desktop\AutoMLapp\.venv\Lib\site-packages\sklearn\metrics\_classification.py:1561: UserWarning: Note that pos_label (set to 'Virginica') is ignored when average != 'binary' (got 'weighted'). You may use labels=[pos_label] to specify a single positive class.
  warnings.warn(

2026-08-25 18:06:49,649:WARNING:C:\Users\youne\Desktop\AutoMLapp\.venv\Lib\site-packages\sklearn\metrics\_classification.py:1561: UserWarning: Note that pos_label (set to 'Virginica') is ignored when average != 'binary' (got 'weighted'). You may use labels=[pos_label] to specify a single positive class.
  warnings.warn(

2026-08-25 18:06:49,649:WARNING:C:\Users\youne\Desktop\AutoMLapp\.venv\Lib\site-packages\sklearn\metrics\_classification.py:1561: UserWarning: Note that pos_label (set to 'Virginica') is ignored when average != 'binary' (got 'weighted'). You may use labels=[pos_label] to specify a single positive class.
  warnings.warn(

2026-08-25 18:06:49,650:WARNING:C:\Users\youne\Desktop\AutoMLapp\.venv\Lib\site-packages\sklearn\metrics\_classification.py:1561: UserWarning: Note that pos_label (set to 'Virginica') is ignored when average != 'binary' (got 'weighted'). You may use labels=[pos_label] to specify a single positive class.
  warnings.warn(

2026-08-25 18:06:49,650:WARNING:C:\Users\youne\Desktop\AutoMLapp\.venv\Lib\site-packages\sklearn\metrics\_classification.py:1561: UserWarning: Note that pos_label (set to 'Virginica') is ignored when average != 'binary' (got 'weighted'). You may use labels=[pos_label] to specify a single positive class.
  warnings.warn(

2026-08-25 18:06:49,650:WARNING:C:\Users\youne\Desktop\AutoMLapp\.venv\Lib\site-packages\sklearn\metrics\_classification.py:1561: UserWarning: Note that pos_label (set to 'Virginica') is ignored when average != 'binary' (got 'weighted'). You may use labels=[pos_label] to specify a single positive class.
  warnings.warn(

2026-08-25 18:06:49,651:WARNING:C:\Users\youne\Desktop\AutoMLapp\.venv\Lib\site-packages\sklearn\metrics\_classification.py:1561: UserWarning: Note that pos_label (set to 'Virginica') is ignored when average != 'binary' (got 'weighted'). You may use labels=[pos_label] to specify a single positive class.
  warnings.warn(

2026-08-25 18:06:49,651:WARNING:C:\Users\youne\Desktop\AutoMLapp\.venv\Lib\site-packages\sklearn\metrics\_classification.py:1561: UserWarning: Note that pos_label (set to 'Virginica') is ignored when average != 'binary' (got 'weighted'). You may use labels=[pos_label] to specify a single positive class.
  warnings.warn(

2026-08-25 18:06:49,651:WARNING:C:\Users\youne\Desktop\AutoMLapp\.venv\Lib\site-packages\sklearn\metrics\_classification.py:1561: UserWarning: Note that pos_label (set to 'Virginica') is ignored when average != 'binary' (got 'weighted'). You may use labels=[pos_label] to specify a single positive class.
  warnings.warn(

2026-08-25 18:06:49,652:WARNING:C:\Users\youne\Desktop\AutoMLapp\.venv\Lib\site-packages\sklearn\metrics\_classification.py:1561: UserWarning: Note that pos_label (set to 'Virginica') is ignored when average != 'binary' (got 'weighted'). You may use labels=[pos_label] to specify a single positive class.
  warnings.warn(

2026-08-25 18:06:49,653:WARNING:C:\Users\youne\Desktop\AutoMLapp\.venv\Lib\site-packages\sklearn\metrics\_classification.py:1561: UserWarning: Note that pos_label (set to 'Virginica') is ignored when average != 'binary' (got 'weighted'). You may use labels=[pos_label] to specify a single positive class.
  warnings.warn(

2026-08-25 18:06:49,658:INFO:Calculating mean and std
2026-08-25 18:06:49,658:INFO:Creating metrics dataframe
2026-08-25 18:06:49,660:INFO:Uploading results into container
2026-08-25 18:06:49,661:INFO:Uploading model into container now
2026-08-25 18:06:49,661:INFO:_master_model_container: 6
2026-08-25 18:06:49,661:INFO:_display_container: 2
2026-08-25 18:06:49,661:INFO:RidgeClassifier(alpha=1.0, class_weight=None, copy_X=True, fit_intercept=True,
                max_iter=None, positive=False, random_state=42, solver='auto',
                tol=0.0001)
2026-08-25 18:06:49,661:INFO:create_model() successfully completed......................................
2026-08-25 18:06:49,776:INFO:SubProcess create_model() end ==================================
2026-08-25 18:06:49,776:INFO:Creating metrics dataframe
2026-08-25 18:06:49,778:INFO:Initializing Random Forest Classifier
2026-08-25 18:06:49,778:INFO:Total runtime is 0.02189043362935384 minutes
2026-08-25 18:06:49,778:INFO:SubProcess create_model() called ==================================
2026-08-25 18:06:49,778:INFO:Initializing create_model()
2026-08-25 18:06:49,778:INFO:create_model(self=<pycaret.classification.oop.ClassificationExperiment object at 0x0000022123C69050>, estimator=rf, fold=StratifiedKFold(n_splits=10, random_state=None, shuffle=False), round=4, cross_validation=True, predict=True, fit_kwargs={}, groups=None, refit=False, probability_threshold=None, experiment_custom_tags=None, verbose=False, system=False, add_to_model_list=True, metrics=None, display=<pycaret.internal.display.display.CommonDisplay object at 0x000002212689B3D0>, model_only=True, return_train_score=False, error_score=0.0, kwargs={})
2026-08-25 18:06:49,778:INFO:Checking exceptions
2026-08-25 18:06:49,778:INFO:Importing libraries
2026-08-25 18:06:49,778:INFO:Copying training dataset
2026-08-25 18:06:49,780:INFO:Defining folds
2026-08-25 18:06:49,780:INFO:Declaring metric variables
2026-08-25 18:06:49,780:INFO:Importing untrained model
2026-08-25 18:06:49,780:INFO:Random Forest Classifier Imported successfully
2026-08-25 18:06:49,781:INFO:Starting cross validation
2026-08-25 18:06:49,781:INFO:Cross validating with StratifiedKFold(n_splits=10, random_state=None, shuffle=False), n_jobs=-1
2026-08-25 18:06:49,993:WARNING:C:\Users\youne\Desktop\AutoMLapp\.venv\Lib\site-packages\sklearn\metrics\_classification.py:1561: UserWarning: Note that pos_label (set to 'Virginica') is ignored when average != 'binary' (got 'weighted'). You may use labels=[pos_label] to specify a single positive class.
  warnings.warn(

2026-08-25 18:06:49,996:WARNING:C:\Users\youne\Desktop\AutoMLapp\.venv\Lib\site-packages\sklearn\metrics\_classification.py:1561: UserWarning: Note that pos_label (set to 'Virginica') is ignored when average != 'binary' (got 'weighted'). You may use labels=[pos_label] to specify a single positive class.
  warnings.warn(

2026-08-25 18:06:49,997:WARNING:C:\Users\youne\Desktop\AutoMLapp\.venv\Lib\site-packages\sklearn\metrics\_classification.py:1561: UserWarning: Note that pos_label (set to 'Virginica') is ignored when average != 'binary' (got 'weighted'). You may use labels=[pos_label] to specify a single positive class.
  warnings.warn(

2026-08-25 18:06:49,998:WARNING:C:\Users\youne\Desktop\AutoMLapp\.venv\Lib\site-packages\sklearn\metrics\_classification.py:1561: UserWarning: Note that pos_label (set to 'Virginica') is ignored when average != 'binary' (got 'weighted'). You may use labels=[pos_label] to specify a single positive class.
  warnings.warn(

2026-08-25 18:06:49,999:WARNING:C:\Users\youne\Desktop\AutoMLapp\.venv\Lib\site-packages\sklearn\metrics\_classification.py:1561: UserWarning: Note that pos_label (set to 'Virginica') is ignored when average != 'binary' (got 'weighted'). You may use labels=[pos_label] to specify a single positive class.
  warnings.warn(

2026-08-25 18:06:50,000:WARNING:C:\Users\youne\Desktop\AutoMLapp\.venv\Lib\site-packages\sklearn\metrics\_classification.py:1561: UserWarning: Note that pos_label (set to 'Virginica') is ignored when average != 'binary' (got 'weighted'). You may use labels=[pos_label] to specify a single positive class.
  warnings.warn(

2026-08-25 18:06:50,003:WARNING:C:\Users\youne\Desktop\AutoMLapp\.venv\Lib\site-packages\sklearn\metrics\_classification.py:1561: UserWarning: Note that pos_label (set to 'Virginica') is ignored when average != 'binary' (got 'weighted'). You may use labels=[pos_label] to specify a single positive class.
  warnings.warn(

2026-08-25 18:06:50,005:WARNING:C:\Users\youne\Desktop\AutoMLapp\.venv\Lib\site-packages\sklearn\metrics\_classification.py:1561: UserWarning: Note that pos_label (set to 'Virginica') is ignored when average != 'binary' (got 'weighted'). You may use labels=[pos_label] to specify a single positive class.
  warnings.warn(

2026-08-25 18:06:50,007:WARNING:C:\Users\youne\Desktop\AutoMLapp\.venv\Lib\site-packages\sklearn\metrics\_classification.py:1561: UserWarning: Note that pos_label (set to 'Virginica') is ignored when average != 'binary' (got 'weighted'). You may use labels=[pos_label] to specify a single positive class.
  warnings.warn(

2026-08-25 18:06:50,007:WARNING:C:\Users\youne\Desktop\AutoMLapp\.venv\Lib\site-packages\sklearn\metrics\_classification.py:1561: UserWarning: Note that pos_label (set to 'Virginica') is ignored when average != 'binary' (got 'weighted'). You may use labels=[pos_label] to specify a single positive class.
  warnings.warn(

2026-08-25 18:06:50,007:WARNING:C:\Users\youne\Desktop\AutoMLapp\.venv\Lib\site-packages\sklearn\metrics\_classification.py:1561: UserWarning: Note that pos_label (set to 'Virginica') is ignored when average != 'binary' (got 'weighted'). You may use labels=[pos_label] to specify a single positive class.
  warnings.warn(

2026-08-25 18:06:50,010:WARNING:C:\Users\youne\Desktop\AutoMLapp\.venv\Lib\site-packages\sklearn\metrics\_classification.py:1561: UserWarning: Note that pos_label (set to 'Virginica') is ignored when average != 'binary' (got 'weighted'). You may use labels=[pos_label] to specify a single positive class.
  warnings.warn(

2026-08-25 18:06:50,010:WARNING:C:\Users\youne\Desktop\AutoMLapp\.venv\Lib\site-packages\sklearn\metrics\_classification.py:1561: UserWarning: Note that pos_label (set to 'Virginica') is ignored when average != 'binary' (got 'weighted'). You may use labels=[pos_label] to specify a single positive class.
  warnings.warn(

2026-08-25 18:06:50,011:WARNING:C:\Users\youne\Desktop\AutoMLapp\.venv\Lib\site-packages\sklearn\metrics\_classification.py:1561: UserWarning: Note that pos_label (set to 'Virginica') is ignored when average != 'binary' (got 'weighted'). You may use labels=[pos_label] to specify a single positive class.
  warnings.warn(

2026-08-25 18:06:50,011:WARNING:C:\Users\youne\Desktop\AutoMLapp\.venv\Lib\site-packages\sklearn\metrics\_classification.py:1561: UserWarning: Note that pos_label (set to 'Virginica') is ignored when average != 'binary' (got 'weighted'). You may use labels=[pos_label] to specify a single positive class.
  warnings.warn(

2026-08-25 18:06:50,011:WARNING:C:\Users\youne\Desktop\AutoMLapp\.venv\Lib\site-packages\sklearn\metrics\_classification.py:1561: UserWarning: Note that pos_label (set to 'Virginica') is ignored when average != 'binary' (got 'weighted'). You may use labels=[pos_label] to specify a single positive class.
  warnings.warn(

2026-08-25 18:06:50,013:WARNING:C:\Users\youne\Desktop\AutoMLapp\.venv\Lib\site-packages\sklearn\metrics\_classification.py:1561: UserWarning: Note that pos_label (set to 'Virginica') is ignored when average != 'binary' (got 'weighted'). You may use labels=[pos_label] to specify a single positive class.
  warnings.warn(

2026-08-25 18:06:50,013:WARNING:C:\Users\youne\Desktop\AutoMLapp\.venv\Lib\site-packages\sklearn\metrics\_classification.py:1561: UserWarning: Note that pos_label (set to 'Virginica') is ignored when average != 'binary' (got 'weighted'). You may use labels=[pos_label] to specify a single positive class.
  warnings.warn(

2026-08-25 18:06:50,013:WARNING:C:\Users\youne\Desktop\AutoMLapp\.venv\Lib\site-packages\sklearn\metrics\_classification.py:1561: UserWarning: Note that pos_label (set to 'Virginica') is ignored when average != 'binary' (got 'weighted'). You may use labels=[pos_label] to specify a single positive class.
  warnings.warn(

2026-08-25 18:06:50,014:WARNING:C:\Users\youne\Desktop\AutoMLapp\.venv\Lib\site-packages\sklearn\metrics\_classification.py:1561: UserWarning: Note that pos_label (set to 'Virginica') is ignored when average != 'binary' (got 'weighted'). You may use labels=[pos_label] to specify a single positive class.
  warnings.warn(

2026-08-25 18:06:50,014:WARNING:C:\Users\youne\Desktop\AutoMLapp\.venv\Lib\site-packages\sklearn\metrics\_classification.py:1561: UserWarning: Note that pos_label (set to 'Virginica') is ignored when average != 'binary' (got 'weighted'). You may use labels=[pos_label] to specify a single positive class.
  warnings.warn(

2026-08-25 18:06:50,014:WARNING:C:\Users\youne\Desktop\AutoMLapp\.venv\Lib\site-packages\sklearn\metrics\_classification.py:1561: UserWarning: Note that pos_label (set to 'Virginica') is ignored when average != 'binary' (got 'weighted'). You may use labels=[pos_label] to specify a single positive class.
  warnings.warn(

2026-08-25 18:06:50,017:WARNING:C:\Users\youne\Desktop\AutoMLapp\.venv\Lib\site-packages\sklearn\metrics\_classification.py:1561: UserWarning: Note that pos_label (set to 'Virginica') is ignored when average != 'binary' (got 'weighted'). You may use labels=[pos_label] to specify a single positive class.
  warnings.warn(

2026-08-25 18:06:50,018:WARNING:C:\Users\youne\Desktop\AutoMLapp\.venv\Lib\site-packages\sklearn\metrics\_classification.py:1561: UserWarning: Note that pos_label (set to 'Virginica') is ignored when average != 'binary' (got 'weighted'). You may use labels=[pos_label] to specify a single positive class.
  warnings.warn(

2026-08-25 18:06:50,018:WARNING:C:\Users\youne\Desktop\AutoMLapp\.venv\Lib\site-packages\sklearn\metrics\_classification.py:1561: UserWarning: Note that pos_label (set to 'Virginica') is ignored when average != 'binary' (got 'weighted'). You may use labels=[pos_label] to specify a single positive class.
  warnings.warn(

2026-08-25 18:06:50,019:WARNING:C:\Users\youne\Desktop\AutoMLapp\.venv\Lib\site-packages\sklearn\metrics\_classification.py:1561: UserWarning: Note that pos_label (set to 'Virginica') is ignored when average != 'binary' (got 'weighted'). You may use labels=[pos_label] to specify a single positive class.
  warnings.warn(

2026-08-25 18:06:50,020:WARNING:C:\Users\youne\Desktop\AutoMLapp\.venv\Lib\site-packages\sklearn\metrics\_classification.py:1561: UserWarning: Note that pos_label (set to 'Virginica') is ignored when average != 'binary' (got 'weighted'). You may use labels=[pos_label] to specify a single positive class.
  warnings.warn(

2026-08-25 18:06:50,020:WARNING:C:\Users\youne\Desktop\AutoMLapp\.venv\Lib\site-packages\sklearn\metrics\_classification.py:1561: UserWarning: Note that pos_label (set to 'Virginica') is ignored when average != 'binary' (got 'weighted'). You may use labels=[pos_label] to specify a single positive class.
  warnings.warn(

2026-08-25 18:06:50,021:WARNING:C:\Users\youne\Desktop\AutoMLapp\.venv\Lib\site-packages\sklearn\metrics\_classification.py:1561: UserWarning: Note that pos_label (set to 'Virginica') is ignored when average != 'binary' (got 'weighted'). You may use labels=[pos_label] to specify a single positive class.
  warnings.warn(

2026-08-25 18:06:50,021:WARNING:C:\Users\youne\Desktop\AutoMLapp\.venv\Lib\site-packages\sklearn\metrics\_classification.py:1561: UserWarning: Note that pos_label (set to 'Virginica') is ignored when average != 'binary' (got 'weighted'). You may use labels=[pos_label] to specify a single positive class.
  warnings.warn(

2026-08-25 18:06:50,033:INFO:Calculating mean and std
2026-08-25 18:06:50,033:INFO:Creating metrics dataframe
2026-08-25 18:06:50,034:INFO:Uploading results into container
2026-08-25 18:06:50,035:INFO:Uploading model into container now
2026-08-25 18:06:50,035:INFO:_master_model_container: 7
2026-08-25 18:06:50,035:INFO:_display_container: 2
2026-08-25 18:06:50,036:INFO:RandomForestClassifier(bootstrap=True, ccp_alpha=0.0, class_weight=None,
                       criterion='gini', max_depth=None, max_features='sqrt',
                       max_leaf_nodes=None, max_samples=None,
                       min_impurity_decrease=0.0, min_samples_leaf=1,
                       min_samples_split=2, min_weight_fraction_leaf=0.0,
                       monotonic_cst=None, n_estimators=100, n_jobs=-1,
                       oob_score=False, random_state=42, verbose=0,
                       warm_start=False)
2026-08-25 18:06:50,036:INFO:create_model() successfully completed......................................
2026-08-25 18:06:50,152:INFO:SubProcess create_model() end ==================================
2026-08-25 18:06:50,153:INFO:Creating metrics dataframe
2026-08-25 18:06:50,154:INFO:Initializing Quadratic Discriminant Analysis
2026-08-25 18:06:50,155:INFO:Total runtime is 0.028178906440734862 minutes
2026-08-25 18:06:50,155:INFO:SubProcess create_model() called ==================================
2026-08-25 18:06:50,156:INFO:Initializing create_model()
2026-08-25 18:06:50,156:INFO:create_model(self=<pycaret.classification.oop.ClassificationExperiment object at 0x0000022123C69050>, estimator=qda, fold=StratifiedKFold(n_splits=10, random_state=None, shuffle=False), round=4, cross_validation=True, predict=True, fit_kwargs={}, groups=None, refit=False, probability_threshold=None, experiment_custom_tags=None, verbose=False, system=False, add_to_model_list=True, metrics=None, display=<pycaret.internal.display.display.CommonDisplay object at 0x000002212689B3D0>, model_only=True, return_train_score=False, error_score=0.0, kwargs={})
2026-08-25 18:06:50,156:INFO:Checking exceptions
2026-08-25 18:06:50,156:INFO:Importing libraries
2026-08-25 18:06:50,156:INFO:Copying training dataset
2026-08-25 18:06:50,158:INFO:Defining folds
2026-08-25 18:06:50,158:INFO:Declaring metric variables
2026-08-25 18:06:50,159:INFO:Importing untrained model
2026-08-25 18:06:50,159:INFO:Quadratic Discriminant Analysis Imported successfully
2026-08-25 18:06:50,159:INFO:Starting cross validation
2026-08-25 18:06:50,160:INFO:Cross validating with StratifiedKFold(n_splits=10, random_state=None, shuffle=False), n_jobs=-1
2026-08-25 18:06:50,189:WARNING:C:\Users\youne\Desktop\AutoMLapp\.venv\Lib\site-packages\pycaret\internal\metrics.py:204: FitFailedWarning: Metric 'make_scorer(roc_auc_score, response_method=('decision_function', 'predict_proba'), average=weighted, multi_class=ovr)' failed and error score 0.0 has been returned instead. If this is a custom metric, this usually means that the error is in the metric code. Full exception below:
Traceback (most recent call last):
  File "C:\Users\youne\Desktop\AutoMLapp\.venv\Lib\site-packages\pycaret\internal\metrics.py", line 196, in _score
    return super()._score(
           ^^^^^^^^^^^^^^^
  File "C:\Users\youne\Desktop\AutoMLapp\.venv\Lib\site-packages\sklearn\metrics\_scorer.py", line 350, in _score
    return self._sign * self._score_func(y_true, y_pred, **scoring_kwargs)
                        ^^^^^^^^^^^^^^^^^^^^^^^^^^^^^^^^^^^^^^^^^^^^^^^^^^
  File "C:\Users\youne\Desktop\AutoMLapp\.venv\Lib\site-packages\pycaret\internal\metrics.py", line 144, in __call__
    return self.score_func(y_true, y_pred, **kwargs)
           ^^^^^^^^^^^^^^^^^^^^^^^^^^^^^^^^^^^^^^^^^
  File "C:\Users\youne\Desktop\AutoMLapp\.venv\Lib\site-packages\sklearn\utils\_param_validation.py", line 213, in wrapper
    return func(*args, **kwargs)
           ^^^^^^^^^^^^^^^^^^^^^
  File "C:\Users\youne\Desktop\AutoMLapp\.venv\Lib\site-packages\sklearn\metrics\_ranking.py", line 634, in roc_auc_score
    return _multiclass_roc_auc_score(
           ^^^^^^^^^^^^^^^^^^^^^^^^^^
  File "C:\Users\youne\Desktop\AutoMLapp\.venv\Lib\site-packages\sklearn\metrics\_ranking.py", line 707, in _multiclass_roc_auc_score
    raise ValueError(
ValueError: Target scores need to be probabilities for multiclass roc_auc, i.e. they should sum up to 1.0 over classes

  warnings.warn(

2026-08-25 18:06:50,189:WARNING:C:\Users\youne\Desktop\AutoMLapp\.venv\Lib\site-packages\pycaret\internal\metrics.py:204: FitFailedWarning: Metric 'make_scorer(roc_auc_score, response_method=('decision_function', 'predict_proba'), average=weighted, multi_class=ovr)' failed and error score 0.0 has been returned instead. If this is a custom metric, this usually means that the error is in the metric code. Full exception below:
Traceback (most recent call last):
  File "C:\Users\youne\Desktop\AutoMLapp\.venv\Lib\site-packages\pycaret\internal\metrics.py", line 196, in _score
    return super()._score(
           ^^^^^^^^^^^^^^^
  File "C:\Users\youne\Desktop\AutoMLapp\.venv\Lib\site-packages\sklearn\metrics\_scorer.py", line 350, in _score
    return self._sign * self._score_func(y_true, y_pred, **scoring_kwargs)
                        ^^^^^^^^^^^^^^^^^^^^^^^^^^^^^^^^^^^^^^^^^^^^^^^^^^
  File "C:\Users\youne\Desktop\AutoMLapp\.venv\Lib\site-packages\pycaret\internal\metrics.py", line 144, in __call__
    return self.score_func(y_true, y_pred, **kwargs)
           ^^^^^^^^^^^^^^^^^^^^^^^^^^^^^^^^^^^^^^^^^
  File "C:\Users\youne\Desktop\AutoMLapp\.venv\Lib\site-packages\sklearn\utils\_param_validation.py", line 213, in wrapper
    return func(*args, **kwargs)
           ^^^^^^^^^^^^^^^^^^^^^
  File "C:\Users\youne\Desktop\AutoMLapp\.venv\Lib\site-packages\sklearn\metrics\_ranking.py", line 634, in roc_auc_score
    return _multiclass_roc_auc_score(
           ^^^^^^^^^^^^^^^^^^^^^^^^^^
  File "C:\Users\youne\Desktop\AutoMLapp\.venv\Lib\site-packages\sklearn\metrics\_ranking.py", line 707, in _multiclass_roc_auc_score
    raise ValueError(
ValueError: Target scores need to be probabilities for multiclass roc_auc, i.e. they should sum up to 1.0 over classes

  warnings.warn(

2026-08-25 18:06:50,190:WARNING:C:\Users\youne\Desktop\AutoMLapp\.venv\Lib\site-packages\sklearn\metrics\_classification.py:1561: UserWarning: Note that pos_label (set to 'Virginica') is ignored when average != 'binary' (got 'weighted'). You may use labels=[pos_label] to specify a single positive class.
  warnings.warn(

2026-08-25 18:06:50,191:WARNING:C:\Users\youne\Desktop\AutoMLapp\.venv\Lib\site-packages\sklearn\metrics\_classification.py:1561: UserWarning: Note that pos_label (set to 'Virginica') is ignored when average != 'binary' (got 'weighted'). You may use labels=[pos_label] to specify a single positive class.
  warnings.warn(

2026-08-25 18:06:50,191:WARNING:C:\Users\youne\Desktop\AutoMLapp\.venv\Lib\site-packages\pycaret\internal\metrics.py:204: FitFailedWarning: Metric 'make_scorer(roc_auc_score, response_method=('decision_function', 'predict_proba'), average=weighted, multi_class=ovr)' failed and error score 0.0 has been returned instead. If this is a custom metric, this usually means that the error is in the metric code. Full exception below:
Traceback (most recent call last):
  File "C:\Users\youne\Desktop\AutoMLapp\.venv\Lib\site-packages\pycaret\internal\metrics.py", line 196, in _score
    return super()._score(
           ^^^^^^^^^^^^^^^
  File "C:\Users\youne\Desktop\AutoMLapp\.venv\Lib\site-packages\sklearn\metrics\_scorer.py", line 350, in _score
    return self._sign * self._score_func(y_true, y_pred, **scoring_kwargs)
                        ^^^^^^^^^^^^^^^^^^^^^^^^^^^^^^^^^^^^^^^^^^^^^^^^^^
  File "C:\Users\youne\Desktop\AutoMLapp\.venv\Lib\site-packages\pycaret\internal\metrics.py", line 144, in __call__
    return self.score_func(y_true, y_pred, **kwargs)
           ^^^^^^^^^^^^^^^^^^^^^^^^^^^^^^^^^^^^^^^^^
  File "C:\Users\youne\Desktop\AutoMLapp\.venv\Lib\site-packages\sklearn\utils\_param_validation.py", line 213, in wrapper
    return func(*args, **kwargs)
           ^^^^^^^^^^^^^^^^^^^^^
  File "C:\Users\youne\Desktop\AutoMLapp\.venv\Lib\site-packages\sklearn\metrics\_ranking.py", line 634, in roc_auc_score
    return _multiclass_roc_auc_score(
           ^^^^^^^^^^^^^^^^^^^^^^^^^^
  File "C:\Users\youne\Desktop\AutoMLapp\.venv\Lib\site-packages\sklearn\metrics\_ranking.py", line 707, in _multiclass_roc_auc_score
    raise ValueError(
ValueError: Target scores need to be probabilities for multiclass roc_auc, i.e. they should sum up to 1.0 over classes

  warnings.warn(

2026-08-25 18:06:50,191:WARNING:C:\Users\youne\Desktop\AutoMLapp\.venv\Lib\site-packages\pycaret\internal\metrics.py:204: FitFailedWarning: Metric 'make_scorer(roc_auc_score, response_method=('decision_function', 'predict_proba'), average=weighted, multi_class=ovr)' failed and error score 0.0 has been returned instead. If this is a custom metric, this usually means that the error is in the metric code. Full exception below:
Traceback (most recent call last):
  File "C:\Users\youne\Desktop\AutoMLapp\.venv\Lib\site-packages\pycaret\internal\metrics.py", line 196, in _score
    return super()._score(
           ^^^^^^^^^^^^^^^
  File "C:\Users\youne\Desktop\AutoMLapp\.venv\Lib\site-packages\sklearn\metrics\_scorer.py", line 350, in _score
    return self._sign * self._score_func(y_true, y_pred, **scoring_kwargs)
                        ^^^^^^^^^^^^^^^^^^^^^^^^^^^^^^^^^^^^^^^^^^^^^^^^^^
  File "C:\Users\youne\Desktop\AutoMLapp\.venv\Lib\site-packages\pycaret\internal\metrics.py", line 144, in __call__
    return self.score_func(y_true, y_pred, **kwargs)
           ^^^^^^^^^^^^^^^^^^^^^^^^^^^^^^^^^^^^^^^^^
  File "C:\Users\youne\Desktop\AutoMLapp\.venv\Lib\site-packages\sklearn\utils\_param_validation.py", line 213, in wrapper
    return func(*args, **kwargs)
           ^^^^^^^^^^^^^^^^^^^^^
  File "C:\Users\youne\Desktop\AutoMLapp\.venv\Lib\site-packages\sklearn\metrics\_ranking.py", line 634, in roc_auc_score
    return _multiclass_roc_auc_score(
           ^^^^^^^^^^^^^^^^^^^^^^^^^^
  File "C:\Users\youne\Desktop\AutoMLapp\.venv\Lib\site-packages\sklearn\metrics\_ranking.py", line 707, in _multiclass_roc_auc_score
    raise ValueError(
ValueError: Target scores need to be probabilities for multiclass roc_auc, i.e. they should sum up to 1.0 over classes

  warnings.warn(

2026-08-25 18:06:50,191:WARNING:C:\Users\youne\Desktop\AutoMLapp\.venv\Lib\site-packages\pycaret\internal\metrics.py:204: FitFailedWarning: Metric 'make_scorer(roc_auc_score, response_method=('decision_function', 'predict_proba'), average=weighted, multi_class=ovr)' failed and error score 0.0 has been returned instead. If this is a custom metric, this usually means that the error is in the metric code. Full exception below:
Traceback (most recent call last):
  File "C:\Users\youne\Desktop\AutoMLapp\.venv\Lib\site-packages\pycaret\internal\metrics.py", line 196, in _score
    return super()._score(
           ^^^^^^^^^^^^^^^
  File "C:\Users\youne\Desktop\AutoMLapp\.venv\Lib\site-packages\sklearn\metrics\_scorer.py", line 350, in _score
    return self._sign * self._score_func(y_true, y_pred, **scoring_kwargs)
                        ^^^^^^^^^^^^^^^^^^^^^^^^^^^^^^^^^^^^^^^^^^^^^^^^^^
  File "C:\Users\youne\Desktop\AutoMLapp\.venv\Lib\site-packages\pycaret\internal\metrics.py", line 144, in __call__
    return self.score_func(y_true, y_pred, **kwargs)
           ^^^^^^^^^^^^^^^^^^^^^^^^^^^^^^^^^^^^^^^^^
  File "C:\Users\youne\Desktop\AutoMLapp\.venv\Lib\site-packages\sklearn\utils\_param_validation.py", line 213, in wrapper
    return func(*args, **kwargs)
           ^^^^^^^^^^^^^^^^^^^^^
  File "C:\Users\youne\Desktop\AutoMLapp\.venv\Lib\site-packages\sklearn\metrics\_ranking.py", line 634, in roc_auc_score
    return _multiclass_roc_auc_score(
           ^^^^^^^^^^^^^^^^^^^^^^^^^^
  File "C:\Users\youne\Desktop\AutoMLapp\.venv\Lib\site-packages\sklearn\metrics\_ranking.py", line 707, in _multiclass_roc_auc_score
    raise ValueError(
ValueError: Target scores need to be probabilities for multiclass roc_auc, i.e. they should sum up to 1.0 over classes

  warnings.warn(

2026-08-25 18:06:50,191:WARNING:C:\Users\youne\Desktop\AutoMLapp\.venv\Lib\site-packages\sklearn\metrics\_classification.py:1561: UserWarning: Note that pos_label (set to 'Virginica') is ignored when average != 'binary' (got 'weighted'). You may use labels=[pos_label] to specify a single positive class.
  warnings.warn(

2026-08-25 18:06:50,191:WARNING:C:\Users\youne\Desktop\AutoMLapp\.venv\Lib\site-packages\pycaret\internal\metrics.py:204: FitFailedWarning: Metric 'make_scorer(roc_auc_score, response_method=('decision_function', 'predict_proba'), average=weighted, multi_class=ovr)' failed and error score 0.0 has been returned instead. If this is a custom metric, this usually means that the error is in the metric code. Full exception below:
Traceback (most recent call last):
  File "C:\Users\youne\Desktop\AutoMLapp\.venv\Lib\site-packages\pycaret\internal\metrics.py", line 196, in _score
    return super()._score(
           ^^^^^^^^^^^^^^^
  File "C:\Users\youne\Desktop\AutoMLapp\.venv\Lib\site-packages\sklearn\metrics\_scorer.py", line 350, in _score
    return self._sign * self._score_func(y_true, y_pred, **scoring_kwargs)
                        ^^^^^^^^^^^^^^^^^^^^^^^^^^^^^^^^^^^^^^^^^^^^^^^^^^
  File "C:\Users\youne\Desktop\AutoMLapp\.venv\Lib\site-packages\pycaret\internal\metrics.py", line 144, in __call__
    return self.score_func(y_true, y_pred, **kwargs)
           ^^^^^^^^^^^^^^^^^^^^^^^^^^^^^^^^^^^^^^^^^
  File "C:\Users\youne\Desktop\AutoMLapp\.venv\Lib\site-packages\sklearn\utils\_param_validation.py", line 213, in wrapper
    return func(*args, **kwargs)
           ^^^^^^^^^^^^^^^^^^^^^
  File "C:\Users\youne\Desktop\AutoMLapp\.venv\Lib\site-packages\sklearn\metrics\_ranking.py", line 634, in roc_auc_score
    return _multiclass_roc_auc_score(
           ^^^^^^^^^^^^^^^^^^^^^^^^^^
  File "C:\Users\youne\Desktop\AutoMLapp\.venv\Lib\site-packages\sklearn\metrics\_ranking.py", line 707, in _multiclass_roc_auc_score
    raise ValueError(
ValueError: Target scores need to be probabilities for multiclass roc_auc, i.e. they should sum up to 1.0 over classes

  warnings.warn(

2026-08-25 18:06:50,191:WARNING:C:\Users\youne\Desktop\AutoMLapp\.venv\Lib\site-packages\sklearn\metrics\_classification.py:1561: UserWarning: Note that pos_label (set to 'Virginica') is ignored when average != 'binary' (got 'weighted'). You may use labels=[pos_label] to specify a single positive class.
  warnings.warn(

2026-08-25 18:06:50,191:WARNING:C:\Users\youne\Desktop\AutoMLapp\.venv\Lib\site-packages\pycaret\internal\metrics.py:204: FitFailedWarning: Metric 'make_scorer(roc_auc_score, response_method=('decision_function', 'predict_proba'), average=weighted, multi_class=ovr)' failed and error score 0.0 has been returned instead. If this is a custom metric, this usually means that the error is in the metric code. Full exception below:
Traceback (most recent call last):
  File "C:\Users\youne\Desktop\AutoMLapp\.venv\Lib\site-packages\pycaret\internal\metrics.py", line 196, in _score
    return super()._score(
           ^^^^^^^^^^^^^^^
  File "C:\Users\youne\Desktop\AutoMLapp\.venv\Lib\site-packages\sklearn\metrics\_scorer.py", line 350, in _score
    return self._sign * self._score_func(y_true, y_pred, **scoring_kwargs)
                        ^^^^^^^^^^^^^^^^^^^^^^^^^^^^^^^^^^^^^^^^^^^^^^^^^^
  File "C:\Users\youne\Desktop\AutoMLapp\.venv\Lib\site-packages\pycaret\internal\metrics.py", line 144, in __call__
    return self.score_func(y_true, y_pred, **kwargs)
           ^^^^^^^^^^^^^^^^^^^^^^^^^^^^^^^^^^^^^^^^^
  File "C:\Users\youne\Desktop\AutoMLapp\.venv\Lib\site-packages\sklearn\utils\_param_validation.py", line 213, in wrapper
    return func(*args, **kwargs)
           ^^^^^^^^^^^^^^^^^^^^^
  File "C:\Users\youne\Desktop\AutoMLapp\.venv\Lib\site-packages\sklearn\metrics\_ranking.py", line 634, in roc_auc_score
    return _multiclass_roc_auc_score(
           ^^^^^^^^^^^^^^^^^^^^^^^^^^
  File "C:\Users\youne\Desktop\AutoMLapp\.venv\Lib\site-packages\sklearn\metrics\_ranking.py", line 707, in _multiclass_roc_auc_score
    raise ValueError(
ValueError: Target scores need to be probabilities for multiclass roc_auc, i.e. they should sum up to 1.0 over classes

  warnings.warn(

2026-08-25 18:06:50,192:WARNING:C:\Users\youne\Desktop\AutoMLapp\.venv\Lib\site-packages\sklearn\metrics\_classification.py:1561: UserWarning: Note that pos_label (set to 'Virginica') is ignored when average != 'binary' (got 'weighted'). You may use labels=[pos_label] to specify a single positive class.
  warnings.warn(

2026-08-25 18:06:50,192:WARNING:C:\Users\youne\Desktop\AutoMLapp\.venv\Lib\site-packages\pycaret\internal\metrics.py:204: FitFailedWarning: Metric 'make_scorer(roc_auc_score, response_method=('decision_function', 'predict_proba'), average=weighted, multi_class=ovr)' failed and error score 0.0 has been returned instead. If this is a custom metric, this usually means that the error is in the metric code. Full exception below:
Traceback (most recent call last):
  File "C:\Users\youne\Desktop\AutoMLapp\.venv\Lib\site-packages\pycaret\internal\metrics.py", line 196, in _score
    return super()._score(
           ^^^^^^^^^^^^^^^
  File "C:\Users\youne\Desktop\AutoMLapp\.venv\Lib\site-packages\sklearn\metrics\_scorer.py", line 350, in _score
    return self._sign * self._score_func(y_true, y_pred, **scoring_kwargs)
                        ^^^^^^^^^^^^^^^^^^^^^^^^^^^^^^^^^^^^^^^^^^^^^^^^^^
  File "C:\Users\youne\Desktop\AutoMLapp\.venv\Lib\site-packages\pycaret\internal\metrics.py", line 144, in __call__
    return self.score_func(y_true, y_pred, **kwargs)
           ^^^^^^^^^^^^^^^^^^^^^^^^^^^^^^^^^^^^^^^^^
  File "C:\Users\youne\Desktop\AutoMLapp\.venv\Lib\site-packages\sklearn\utils\_param_validation.py", line 213, in wrapper
    return func(*args, **kwargs)
           ^^^^^^^^^^^^^^^^^^^^^
  File "C:\Users\youne\Desktop\AutoMLapp\.venv\Lib\site-packages\sklearn\metrics\_ranking.py", line 634, in roc_auc_score
    return _multiclass_roc_auc_score(
           ^^^^^^^^^^^^^^^^^^^^^^^^^^
  File "C:\Users\youne\Desktop\AutoMLapp\.venv\Lib\site-packages\sklearn\metrics\_ranking.py", line 707, in _multiclass_roc_auc_score
    raise ValueError(
ValueError: Target scores need to be probabilities for multiclass roc_auc, i.e. they should sum up to 1.0 over classes

  warnings.warn(

2026-08-25 18:06:50,192:WARNING:C:\Users\youne\Desktop\AutoMLapp\.venv\Lib\site-packages\sklearn\metrics\_classification.py:1561: UserWarning: Note that pos_label (set to 'Virginica') is ignored when average != 'binary' (got 'weighted'). You may use labels=[pos_label] to specify a single positive class.
  warnings.warn(

2026-08-25 18:06:50,193:WARNING:C:\Users\youne\Desktop\AutoMLapp\.venv\Lib\site-packages\sklearn\metrics\_classification.py:1561: UserWarning: Note that pos_label (set to 'Virginica') is ignored when average != 'binary' (got 'weighted'). You may use labels=[pos_label] to specify a single positive class.
  warnings.warn(

2026-08-25 18:06:50,193:WARNING:C:\Users\youne\Desktop\AutoMLapp\.venv\Lib\site-packages\sklearn\metrics\_classification.py:1561: UserWarning: Note that pos_label (set to 'Virginica') is ignored when average != 'binary' (got 'weighted'). You may use labels=[pos_label] to specify a single positive class.
  warnings.warn(

2026-08-25 18:06:50,193:WARNING:C:\Users\youne\Desktop\AutoMLapp\.venv\Lib\site-packages\sklearn\metrics\_classification.py:1561: UserWarning: Note that pos_label (set to 'Virginica') is ignored when average != 'binary' (got 'weighted'). You may use labels=[pos_label] to specify a single positive class.
  warnings.warn(

2026-08-25 18:06:50,193:WARNING:C:\Users\youne\Desktop\AutoMLapp\.venv\Lib\site-packages\sklearn\metrics\_classification.py:1561: UserWarning: Note that pos_label (set to 'Virginica') is ignored when average != 'binary' (got 'weighted'). You may use labels=[pos_label] to specify a single positive class.
  warnings.warn(

2026-08-25 18:06:50,194:WARNING:C:\Users\youne\Desktop\AutoMLapp\.venv\Lib\site-packages\pycaret\internal\metrics.py:204: FitFailedWarning: Metric 'make_scorer(roc_auc_score, response_method=('decision_function', 'predict_proba'), average=weighted, multi_class=ovr)' failed and error score 0.0 has been returned instead. If this is a custom metric, this usually means that the error is in the metric code. Full exception below:
Traceback (most recent call last):
  File "C:\Users\youne\Desktop\AutoMLapp\.venv\Lib\site-packages\pycaret\internal\metrics.py", line 196, in _score
    return super()._score(
           ^^^^^^^^^^^^^^^
  File "C:\Users\youne\Desktop\AutoMLapp\.venv\Lib\site-packages\sklearn\metrics\_scorer.py", line 350, in _score
    return self._sign * self._score_func(y_true, y_pred, **scoring_kwargs)
                        ^^^^^^^^^^^^^^^^^^^^^^^^^^^^^^^^^^^^^^^^^^^^^^^^^^
  File "C:\Users\youne\Desktop\AutoMLapp\.venv\Lib\site-packages\pycaret\internal\metrics.py", line 144, in __call__
    return self.score_func(y_true, y_pred, **kwargs)
           ^^^^^^^^^^^^^^^^^^^^^^^^^^^^^^^^^^^^^^^^^
  File "C:\Users\youne\Desktop\AutoMLapp\.venv\Lib\site-packages\sklearn\utils\_param_validation.py", line 213, in wrapper
    return func(*args, **kwargs)
           ^^^^^^^^^^^^^^^^^^^^^
  File "C:\Users\youne\Desktop\AutoMLapp\.venv\Lib\site-packages\sklearn\metrics\_ranking.py", line 634, in roc_auc_score
    return _multiclass_roc_auc_score(
           ^^^^^^^^^^^^^^^^^^^^^^^^^^
  File "C:\Users\youne\Desktop\AutoMLapp\.venv\Lib\site-packages\sklearn\metrics\_ranking.py", line 707, in _multiclass_roc_auc_score
    raise ValueError(
ValueError: Target scores need to be probabilities for multiclass roc_auc, i.e. they should sum up to 1.0 over classes

  warnings.warn(

2026-08-25 18:06:50,194:WARNING:C:\Users\youne\Desktop\AutoMLapp\.venv\Lib\site-packages\sklearn\metrics\_classification.py:1561: UserWarning: Note that pos_label (set to 'Virginica') is ignored when average != 'binary' (got 'weighted'). You may use labels=[pos_label] to specify a single positive class.
  warnings.warn(

2026-08-25 18:06:50,194:WARNING:C:\Users\youne\Desktop\AutoMLapp\.venv\Lib\site-packages\sklearn\metrics\_classification.py:1561: UserWarning: Note that pos_label (set to 'Virginica') is ignored when average != 'binary' (got 'weighted'). You may use labels=[pos_label] to specify a single positive class.
  warnings.warn(

2026-08-25 18:06:50,194:WARNING:C:\Users\youne\Desktop\AutoMLapp\.venv\Lib\site-packages\sklearn\metrics\_classification.py:1561: UserWarning: Note that pos_label (set to 'Virginica') is ignored when average != 'binary' (got 'weighted'). You may use labels=[pos_label] to specify a single positive class.
  warnings.warn(

2026-08-25 18:06:50,194:WARNING:C:\Users\youne\Desktop\AutoMLapp\.venv\Lib\site-packages\sklearn\metrics\_classification.py:1561: UserWarning: Note that pos_label (set to 'Virginica') is ignored when average != 'binary' (got 'weighted'). You may use labels=[pos_label] to specify a single positive class.
  warnings.warn(

2026-08-25 18:06:50,194:WARNING:C:\Users\youne\Desktop\AutoMLapp\.venv\Lib\site-packages\sklearn\metrics\_classification.py:1561: UserWarning: Note that pos_label (set to 'Virginica') is ignored when average != 'binary' (got 'weighted'). You may use labels=[pos_label] to specify a single positive class.
  warnings.warn(

2026-08-25 18:06:50,194:WARNING:C:\Users\youne\Desktop\AutoMLapp\.venv\Lib\site-packages\sklearn\metrics\_classification.py:1561: UserWarning: Note that pos_label (set to 'Virginica') is ignored when average != 'binary' (got 'weighted'). You may use labels=[pos_label] to specify a single positive class.
  warnings.warn(

2026-08-25 18:06:50,194:WARNING:C:\Users\youne\Desktop\AutoMLapp\.venv\Lib\site-packages\sklearn\metrics\_classification.py:1561: UserWarning: Note that pos_label (set to 'Virginica') is ignored when average != 'binary' (got 'weighted'). You may use labels=[pos_label] to specify a single positive class.
  warnings.warn(

2026-08-25 18:06:50,195:WARNING:C:\Users\youne\Desktop\AutoMLapp\.venv\Lib\site-packages\sklearn\metrics\_classification.py:1561: UserWarning: Note that pos_label (set to 'Virginica') is ignored when average != 'binary' (got 'weighted'). You may use labels=[pos_label] to specify a single positive class.
  warnings.warn(

2026-08-25 18:06:50,196:WARNING:C:\Users\youne\Desktop\AutoMLapp\.venv\Lib\site-packages\sklearn\metrics\_classification.py:1561: UserWarning: Note that pos_label (set to 'Virginica') is ignored when average != 'binary' (got 'weighted'). You may use labels=[pos_label] to specify a single positive class.
  warnings.warn(

2026-08-25 18:06:50,196:WARNING:C:\Users\youne\Desktop\AutoMLapp\.venv\Lib\site-packages\sklearn\metrics\_classification.py:1561: UserWarning: Note that pos_label (set to 'Virginica') is ignored when average != 'binary' (got 'weighted'). You may use labels=[pos_label] to specify a single positive class.
  warnings.warn(

2026-08-25 18:06:50,196:WARNING:C:\Users\youne\Desktop\AutoMLapp\.venv\Lib\site-packages\sklearn\metrics\_classification.py:1561: UserWarning: Note that pos_label (set to 'Virginica') is ignored when average != 'binary' (got 'weighted'). You may use labels=[pos_label] to specify a single positive class.
  warnings.warn(

2026-08-25 18:06:50,197:WARNING:C:\Users\youne\Desktop\AutoMLapp\.venv\Lib\site-packages\sklearn\metrics\_classification.py:1561: UserWarning: Note that pos_label (set to 'Virginica') is ignored when average != 'binary' (got 'weighted'). You may use labels=[pos_label] to specify a single positive class.
  warnings.warn(

2026-08-25 18:06:50,197:WARNING:C:\Users\youne\Desktop\AutoMLapp\.venv\Lib\site-packages\sklearn\metrics\_classification.py:1561: UserWarning: Note that pos_label (set to 'Virginica') is ignored when average != 'binary' (got 'weighted'). You may use labels=[pos_label] to specify a single positive class.
  warnings.warn(

2026-08-25 18:06:50,198:WARNING:C:\Users\youne\Desktop\AutoMLapp\.venv\Lib\site-packages\sklearn\metrics\_classification.py:1561: UserWarning: Note that pos_label (set to 'Virginica') is ignored when average != 'binary' (got 'weighted'). You may use labels=[pos_label] to specify a single positive class.
  warnings.warn(

2026-08-25 18:06:50,198:WARNING:C:\Users\youne\Desktop\AutoMLapp\.venv\Lib\site-packages\sklearn\metrics\_classification.py:1561: UserWarning: Note that pos_label (set to 'Virginica') is ignored when average != 'binary' (got 'weighted'). You may use labels=[pos_label] to specify a single positive class.
  warnings.warn(

2026-08-25 18:06:50,198:WARNING:C:\Users\youne\Desktop\AutoMLapp\.venv\Lib\site-packages\sklearn\metrics\_classification.py:1561: UserWarning: Note that pos_label (set to 'Virginica') is ignored when average != 'binary' (got 'weighted'). You may use labels=[pos_label] to specify a single positive class.
  warnings.warn(

2026-08-25 18:06:50,199:WARNING:C:\Users\youne\Desktop\AutoMLapp\.venv\Lib\site-packages\sklearn\metrics\_classification.py:1561: UserWarning: Note that pos_label (set to 'Virginica') is ignored when average != 'binary' (got 'weighted'). You may use labels=[pos_label] to specify a single positive class.
  warnings.warn(

2026-08-25 18:06:50,200:WARNING:C:\Users\youne\Desktop\AutoMLapp\.venv\Lib\site-packages\sklearn\metrics\_classification.py:1561: UserWarning: Note that pos_label (set to 'Virginica') is ignored when average != 'binary' (got 'weighted'). You may use labels=[pos_label] to specify a single positive class.
  warnings.warn(

2026-08-25 18:06:50,207:INFO:Calculating mean and std
2026-08-25 18:06:50,207:INFO:Creating metrics dataframe
2026-08-25 18:06:50,208:INFO:Uploading results into container
2026-08-25 18:06:50,208:INFO:Uploading model into container now
2026-08-25 18:06:50,209:INFO:_master_model_container: 8
2026-08-25 18:06:50,209:INFO:_display_container: 2
2026-08-25 18:06:50,209:INFO:QuadraticDiscriminantAnalysis(priors=None, reg_param=0.0,
                              store_covariance=False, tol=0.0001)
2026-08-25 18:06:50,209:INFO:create_model() successfully completed......................................
2026-08-25 18:06:50,325:INFO:SubProcess create_model() end ==================================
2026-08-25 18:06:50,325:INFO:Creating metrics dataframe
2026-08-25 18:06:50,326:INFO:Initializing Ada Boost Classifier
2026-08-25 18:06:50,326:INFO:Total runtime is 0.031031723817189532 minutes
2026-08-25 18:06:50,327:INFO:SubProcess create_model() called ==================================
2026-08-25 18:06:50,327:INFO:Initializing create_model()
2026-08-25 18:06:50,327:INFO:create_model(self=<pycaret.classification.oop.ClassificationExperiment object at 0x0000022123C69050>, estimator=ada, fold=StratifiedKFold(n_splits=10, random_state=None, shuffle=False), round=4, cross_validation=True, predict=True, fit_kwargs={}, groups=None, refit=False, probability_threshold=None, experiment_custom_tags=None, verbose=False, system=False, add_to_model_list=True, metrics=None, display=<pycaret.internal.display.display.CommonDisplay object at 0x000002212689B3D0>, model_only=True, return_train_score=False, error_score=0.0, kwargs={})
2026-08-25 18:06:50,327:INFO:Checking exceptions
2026-08-25 18:06:50,327:INFO:Importing libraries
2026-08-25 18:06:50,327:INFO:Copying training dataset
2026-08-25 18:06:50,329:INFO:Defining folds
2026-08-25 18:06:50,330:INFO:Declaring metric variables
2026-08-25 18:06:50,330:INFO:Importing untrained model
2026-08-25 18:06:50,330:INFO:Ada Boost Classifier Imported successfully
2026-08-25 18:06:50,330:INFO:Starting cross validation
2026-08-25 18:06:50,330:INFO:Cross validating with StratifiedKFold(n_splits=10, random_state=None, shuffle=False), n_jobs=-1
2026-08-25 18:06:50,343:WARNING:C:\Users\youne\Desktop\AutoMLapp\.venv\Lib\site-packages\sklearn\ensemble\_weight_boosting.py:519: FutureWarning: The SAMME.R algorithm (the default) is deprecated and will be removed in 1.6. Use the SAMME algorithm to circumvent this warning.
  warnings.warn(

2026-08-25 18:06:50,344:WARNING:C:\Users\youne\Desktop\AutoMLapp\.venv\Lib\site-packages\sklearn\ensemble\_weight_boosting.py:519: FutureWarning: The SAMME.R algorithm (the default) is deprecated and will be removed in 1.6. Use the SAMME algorithm to circumvent this warning.
  warnings.warn(

2026-08-25 18:06:50,344:WARNING:C:\Users\youne\Desktop\AutoMLapp\.venv\Lib\site-packages\sklearn\ensemble\_weight_boosting.py:519: FutureWarning: The SAMME.R algorithm (the default) is deprecated and will be removed in 1.6. Use the SAMME algorithm to circumvent this warning.
  warnings.warn(

2026-08-25 18:06:50,347:WARNING:C:\Users\youne\Desktop\AutoMLapp\.venv\Lib\site-packages\sklearn\ensemble\_weight_boosting.py:519: FutureWarning: The SAMME.R algorithm (the default) is deprecated and will be removed in 1.6. Use the SAMME algorithm to circumvent this warning.
  warnings.warn(

2026-08-25 18:06:50,347:WARNING:C:\Users\youne\Desktop\AutoMLapp\.venv\Lib\site-packages\sklearn\ensemble\_weight_boosting.py:519: FutureWarning: The SAMME.R algorithm (the default) is deprecated and will be removed in 1.6. Use the SAMME algorithm to circumvent this warning.
  warnings.warn(

2026-08-25 18:06:50,349:WARNING:C:\Users\youne\Desktop\AutoMLapp\.venv\Lib\site-packages\sklearn\ensemble\_weight_boosting.py:519: FutureWarning: The SAMME.R algorithm (the default) is deprecated and will be removed in 1.6. Use the SAMME algorithm to circumvent this warning.
  warnings.warn(

2026-08-25 18:06:50,350:WARNING:C:\Users\youne\Desktop\AutoMLapp\.venv\Lib\site-packages\sklearn\ensemble\_weight_boosting.py:519: FutureWarning: The SAMME.R algorithm (the default) is deprecated and will be removed in 1.6. Use the SAMME algorithm to circumvent this warning.
  warnings.warn(

2026-08-25 18:06:50,351:WARNING:C:\Users\youne\Desktop\AutoMLapp\.venv\Lib\site-packages\sklearn\ensemble\_weight_boosting.py:519: FutureWarning: The SAMME.R algorithm (the default) is deprecated and will be removed in 1.6. Use the SAMME algorithm to circumvent this warning.
  warnings.warn(

2026-08-25 18:06:50,351:WARNING:C:\Users\youne\Desktop\AutoMLapp\.venv\Lib\site-packages\sklearn\ensemble\_weight_boosting.py:519: FutureWarning: The SAMME.R algorithm (the default) is deprecated and will be removed in 1.6. Use the SAMME algorithm to circumvent this warning.
  warnings.warn(

2026-08-25 18:06:50,353:WARNING:C:\Users\youne\Desktop\AutoMLapp\.venv\Lib\site-packages\sklearn\ensemble\_weight_boosting.py:519: FutureWarning: The SAMME.R algorithm (the default) is deprecated and will be removed in 1.6. Use the SAMME algorithm to circumvent this warning.
  warnings.warn(

2026-08-25 18:06:50,406:WARNING:C:\Users\youne\Desktop\AutoMLapp\.venv\Lib\site-packages\pycaret\internal\metrics.py:204: FitFailedWarning: Metric 'make_scorer(roc_auc_score, response_method=('decision_function', 'predict_proba'), average=weighted, multi_class=ovr)' failed and error score 0.0 has been returned instead. If this is a custom metric, this usually means that the error is in the metric code. Full exception below:
Traceback (most recent call last):
  File "C:\Users\youne\Desktop\AutoMLapp\.venv\Lib\site-packages\pycaret\internal\metrics.py", line 196, in _score
    return super()._score(
           ^^^^^^^^^^^^^^^
  File "C:\Users\youne\Desktop\AutoMLapp\.venv\Lib\site-packages\sklearn\metrics\_scorer.py", line 350, in _score
    return self._sign * self._score_func(y_true, y_pred, **scoring_kwargs)
                        ^^^^^^^^^^^^^^^^^^^^^^^^^^^^^^^^^^^^^^^^^^^^^^^^^^
  File "C:\Users\youne\Desktop\AutoMLapp\.venv\Lib\site-packages\pycaret\internal\metrics.py", line 144, in __call__
    return self.score_func(y_true, y_pred, **kwargs)
           ^^^^^^^^^^^^^^^^^^^^^^^^^^^^^^^^^^^^^^^^^
  File "C:\Users\youne\Desktop\AutoMLapp\.venv\Lib\site-packages\sklearn\utils\_param_validation.py", line 213, in wrapper
    return func(*args, **kwargs)
           ^^^^^^^^^^^^^^^^^^^^^
  File "C:\Users\youne\Desktop\AutoMLapp\.venv\Lib\site-packages\sklearn\metrics\_ranking.py", line 634, in roc_auc_score
    return _multiclass_roc_auc_score(
           ^^^^^^^^^^^^^^^^^^^^^^^^^^
  File "C:\Users\youne\Desktop\AutoMLapp\.venv\Lib\site-packages\sklearn\metrics\_ranking.py", line 707, in _multiclass_roc_auc_score
    raise ValueError(
ValueError: Target scores need to be probabilities for multiclass roc_auc, i.e. they should sum up to 1.0 over classes

  warnings.warn(

2026-08-25 18:06:50,407:WARNING:C:\Users\youne\Desktop\AutoMLapp\.venv\Lib\site-packages\sklearn\metrics\_classification.py:1561: UserWarning: Note that pos_label (set to 'Virginica') is ignored when average != 'binary' (got 'weighted'). You may use labels=[pos_label] to specify a single positive class.
  warnings.warn(

2026-08-25 18:06:50,408:WARNING:C:\Users\youne\Desktop\AutoMLapp\.venv\Lib\site-packages\pycaret\internal\metrics.py:204: FitFailedWarning: Metric 'make_scorer(roc_auc_score, response_method=('decision_function', 'predict_proba'), average=weighted, multi_class=ovr)' failed and error score 0.0 has been returned instead. If this is a custom metric, this usually means that the error is in the metric code. Full exception below:
Traceback (most recent call last):
  File "C:\Users\youne\Desktop\AutoMLapp\.venv\Lib\site-packages\pycaret\internal\metrics.py", line 196, in _score
    return super()._score(
           ^^^^^^^^^^^^^^^
  File "C:\Users\youne\Desktop\AutoMLapp\.venv\Lib\site-packages\sklearn\metrics\_scorer.py", line 350, in _score
    return self._sign * self._score_func(y_true, y_pred, **scoring_kwargs)
                        ^^^^^^^^^^^^^^^^^^^^^^^^^^^^^^^^^^^^^^^^^^^^^^^^^^
  File "C:\Users\youne\Desktop\AutoMLapp\.venv\Lib\site-packages\pycaret\internal\metrics.py", line 144, in __call__
    return self.score_func(y_true, y_pred, **kwargs)
           ^^^^^^^^^^^^^^^^^^^^^^^^^^^^^^^^^^^^^^^^^
  File "C:\Users\youne\Desktop\AutoMLapp\.venv\Lib\site-packages\sklearn\utils\_param_validation.py", line 213, in wrapper
    return func(*args, **kwargs)
           ^^^^^^^^^^^^^^^^^^^^^
  File "C:\Users\youne\Desktop\AutoMLapp\.venv\Lib\site-packages\sklearn\metrics\_ranking.py", line 634, in roc_auc_score
    return _multiclass_roc_auc_score(
           ^^^^^^^^^^^^^^^^^^^^^^^^^^
  File "C:\Users\youne\Desktop\AutoMLapp\.venv\Lib\site-packages\sklearn\metrics\_ranking.py", line 707, in _multiclass_roc_auc_score
    raise ValueError(
ValueError: Target scores need to be probabilities for multiclass roc_auc, i.e. they should sum up to 1.0 over classes

  warnings.warn(

2026-08-25 18:06:50,409:WARNING:C:\Users\youne\Desktop\AutoMLapp\.venv\Lib\site-packages\pycaret\internal\metrics.py:204: FitFailedWarning: Metric 'make_scorer(roc_auc_score, response_method=('decision_function', 'predict_proba'), average=weighted, multi_class=ovr)' failed and error score 0.0 has been returned instead. If this is a custom metric, this usually means that the error is in the metric code. Full exception below:
Traceback (most recent call last):
  File "C:\Users\youne\Desktop\AutoMLapp\.venv\Lib\site-packages\pycaret\internal\metrics.py", line 196, in _score
    return super()._score(
           ^^^^^^^^^^^^^^^
  File "C:\Users\youne\Desktop\AutoMLapp\.venv\Lib\site-packages\sklearn\metrics\_scorer.py", line 350, in _score
    return self._sign * self._score_func(y_true, y_pred, **scoring_kwargs)
                        ^^^^^^^^^^^^^^^^^^^^^^^^^^^^^^^^^^^^^^^^^^^^^^^^^^
  File "C:\Users\youne\Desktop\AutoMLapp\.venv\Lib\site-packages\pycaret\internal\metrics.py", line 144, in __call__
    return self.score_func(y_true, y_pred, **kwargs)
           ^^^^^^^^^^^^^^^^^^^^^^^^^^^^^^^^^^^^^^^^^
  File "C:\Users\youne\Desktop\AutoMLapp\.venv\Lib\site-packages\sklearn\utils\_param_validation.py", line 213, in wrapper
    return func(*args, **kwargs)
           ^^^^^^^^^^^^^^^^^^^^^
  File "C:\Users\youne\Desktop\AutoMLapp\.venv\Lib\site-packages\sklearn\metrics\_ranking.py", line 634, in roc_auc_score
    return _multiclass_roc_auc_score(
           ^^^^^^^^^^^^^^^^^^^^^^^^^^
  File "C:\Users\youne\Desktop\AutoMLapp\.venv\Lib\site-packages\sklearn\metrics\_ranking.py", line 707, in _multiclass_roc_auc_score
    raise ValueError(
ValueError: Target scores need to be probabilities for multiclass roc_auc, i.e. they should sum up to 1.0 over classes

  warnings.warn(

2026-08-25 18:06:50,410:WARNING:C:\Users\youne\Desktop\AutoMLapp\.venv\Lib\site-packages\sklearn\metrics\_classification.py:1561: UserWarning: Note that pos_label (set to 'Virginica') is ignored when average != 'binary' (got 'weighted'). You may use labels=[pos_label] to specify a single positive class.
  warnings.warn(

2026-08-25 18:06:50,410:WARNING:C:\Users\youne\Desktop\AutoMLapp\.venv\Lib\site-packages\sklearn\metrics\_classification.py:1561: UserWarning: Note that pos_label (set to 'Virginica') is ignored when average != 'binary' (got 'weighted'). You may use labels=[pos_label] to specify a single positive class.
  warnings.warn(

2026-08-25 18:06:50,411:WARNING:C:\Users\youne\Desktop\AutoMLapp\.venv\Lib\site-packages\sklearn\metrics\_classification.py:1561: UserWarning: Note that pos_label (set to 'Virginica') is ignored when average != 'binary' (got 'weighted'). You may use labels=[pos_label] to specify a single positive class.
  warnings.warn(

2026-08-25 18:06:50,411:WARNING:C:\Users\youne\Desktop\AutoMLapp\.venv\Lib\site-packages\sklearn\metrics\_classification.py:1561: UserWarning: Note that pos_label (set to 'Virginica') is ignored when average != 'binary' (got 'weighted'). You may use labels=[pos_label] to specify a single positive class.
  warnings.warn(

2026-08-25 18:06:50,412:WARNING:C:\Users\youne\Desktop\AutoMLapp\.venv\Lib\site-packages\sklearn\metrics\_classification.py:1561: UserWarning: Note that pos_label (set to 'Virginica') is ignored when average != 'binary' (got 'weighted'). You may use labels=[pos_label] to specify a single positive class.
  warnings.warn(

2026-08-25 18:06:50,413:WARNING:C:\Users\youne\Desktop\AutoMLapp\.venv\Lib\site-packages\sklearn\metrics\_classification.py:1561: UserWarning: Note that pos_label (set to 'Virginica') is ignored when average != 'binary' (got 'weighted'). You may use labels=[pos_label] to specify a single positive class.
  warnings.warn(

2026-08-25 18:06:50,413:WARNING:C:\Users\youne\Desktop\AutoMLapp\.venv\Lib\site-packages\sklearn\metrics\_classification.py:1561: UserWarning: Note that pos_label (set to 'Virginica') is ignored when average != 'binary' (got 'weighted'). You may use labels=[pos_label] to specify a single positive class.
  warnings.warn(

is is a custom metric, this usually means that the error is in the metric code. Full exception below:
Traceback (most recent call last):
  File "C:\Users\youne\Desktop\AutoMLapp\.venv\Lib\site-packages\pycaret\internal\metrics.py", line 196, in _score
    return super()._score(
           ^^^^^^^^^^^^^^^
  File "C:\Users\youne\Desktop\AutoMLapp\.venv\Lib\site-packages\sklearn\metrics\_scorer.py", line 350, in _score
    return self._sign * self._score_func(y_true, y_pred, **scoring_kwargs)
                        ^^^^^^^^^^^^^^^^^^^^^^^^^^^^^^^^^^^^^^^^^^^^^^^^^^
  File "C:\Users\youne\Desktop\AutoMLapp\.venv\Lib\site-packages\pycaret\internal\metrics.py", line 144, in __call__
    return self.score_func(y_true, y_pred, **kwargs)
           ^^^^^^^^^^^^^^^^^^^^^^^^^^^^^^^^^^^^^^^^^
  File "C:\Users\youne\Desktop\AutoMLapp\.venv\Lib\site-packages\sklearn\utils\_param_validation.py", line 213, in wrapper
    return func(*args, **kwargs)
           ^^^^^^^^^^^^^^^^^^^^^
  File "C:\Users\youne\Desktop\AutoMLapp\.venv\Lib\site-packages\sklearn\metrics\_ranking.py", line 634, in roc_auc_score
    return _multiclass_roc_auc_score(
           ^^^^^^^^^^^^^^^^^^^^^^^^^^
  File "C:\Users\youne\Desktop\AutoMLapp\.venv\Lib\site-packages\sklearn\metrics\_ranking.py", line 707, in _multiclass_roc_auc_score
    raise ValueError(
ValueError: Target scores need to be probabilities for multiclass roc_auc, i.e. they should sum up to 1.0 over classes

  warnings.warn(

2026-08-25 18:06:50,415:WARNING:C:\Users\youne\Desktop\AutoMLapp\.venv\Lib\site-packages\sklearn\metrics\_classification.py:1561: UserWarning: Note that pos_label (set to 'Virginica') is ignored when average != 'binary' (got 'weighted'). You may use labels=[pos_label] to specify a single positive class.
  warnings.warn(

2026-08-25 18:06:50,415:WARNING:C:\Users\youne\Desktop\AutoMLapp\.venv\Lib\site-packages\sklearn\metrics\_classification.py:1561: UserWarning: Note that pos_label (set to 'Virginica') is ignored when average != 'binary' (got 'weighted'). You may use labels=[pos_label] to specify a single positive class.
  warnings.warn(

2026-08-25 18:06:50,415:WARNING:C:\Users\youne\Desktop\AutoMLapp\.venv\Lib\site-packages\pycaret\internal\metrics.py:204: FitFailedWarning: Metric 'make_scorer(roc_auc_score, response_method=('decision_function', 'predict_proba'), average=weighted, multi_class=ovr)' failed and error score 0.0 has been returned instead. If this is a custom metric, this usually means that the error is in the metric code. Full exception below:
Traceback (most recent call last):
  File "C:\Users\youne\Desktop\AutoMLapp\.venv\Lib\site-packages\pycaret\internal\metrics.py", line 196, in _score
    return super()._score(
           ^^^^^^^^^^^^^^^
  File "C:\Users\youne\Desktop\AutoMLapp\.venv\Lib\site-packages\sklearn\metrics\_scorer.py", line 350, in _score
    return self._sign * self._score_func(y_true, y_pred, **scoring_kwargs)
                        ^^^^^^^^^^^^^^^^^^^^^^^^^^^^^^^^^^^^^^^^^^^^^^^^^^
  File "C:\Users\youne\Desktop\AutoMLapp\.venv\Lib\site-packages\pycaret\internal\metrics.py", line 144, in __call__
    return self.score_func(y_true, y_pred, **kwargs)
           ^^^^^^^^^^^^^^^^^^^^^^^^^^^^^^^^^^^^^^^^^
  File "C:\Users\youne\Desktop\AutoMLapp\.venv\Lib\site-packages\sklearn\utils\_param_validation.py", line 213, in wrapper
    return func(*args, **kwargs)
           ^^^^^^^^^^^^^^^^^^^^^
  File "C:\Users\youne\Desktop\AutoMLapp\.venv\Lib\site-packages\sklearn\metrics\_ranking.py", line 634, in roc_auc_score
    return _multiclass_roc_auc_score(
           ^^^^^^^^^^^^^^^^^^^^^^^^^^
  File "C:\Users\youne\Desktop\AutoMLapp\.venv\Lib\site-packages\sklearn\metrics\_ranking.py", line 707, in _multiclass_roc_auc_score
    raise ValueError(
ValueError: Target scores need to be probabilities for multiclass roc_auc, i.e. they should sum up to 1.0 over classes

  warnings.warn(

2026-08-25 18:06:50,416:WARNING:C:\Users\youne\Desktop\AutoMLapp\.venv\Lib\site-packages\sklearn\metrics\_classification.py:1561: UserWarning: Note that pos_label (set to 'Virginica') is ignored when average != 'binary' (got 'weighted'). You may use labels=[pos_label] to specify a single positive class.
  warnings.warn(

2026-08-25 18:06:50,417:WARNING:C:\Users\youne\Desktop\AutoMLapp\.venv\Lib\site-packages\sklearn\metrics\_classification.py:1561: UserWarning: Note that pos_label (set to 'Virginica') is ignored when average != 'binary' (got 'weighted'). You may use labels=[pos_label] to specify a single positive class.
  warnings.warn(

2026-08-25 18:06:50,418:WARNING:C:\Users\youne\Desktop\AutoMLapp\.venv\Lib\site-packages\sklearn\metrics\_classification.py:1561: UserWarning: Note that pos_label (set to 'Virginica') is ignored when average != 'binary' (got 'weighted'). You may use labels=[pos_label] to specify a single positive class.
  warnings.warn(

2026-08-25 18:06:50,419:WARNING:C:\Users\youne\Desktop\AutoMLapp\.venv\Lib\site-packages\sklearn\metrics\_classification.py:1561: UserWarning: Note that pos_label (set to 'Virginica') is ignored when average != 'binary' (got 'weighted'). You may use labels=[pos_label] to specify a single positive class.
  warnings.warn(

2026-08-25 18:06:50,421:WARNING:C:\Users\youne\Desktop\AutoMLapp\.venv\Lib\site-packages\sklearn\metrics\_classification.py:1561: UserWarning: Note that pos_label (set to 'Virginica') is ignored when average != 'binary' (got 'weighted'). You may use labels=[pos_label] to specify a single positive class.
  warnings.warn(

2026-08-25 18:06:50,422:WARNING:C:\Users\youne\Desktop\AutoMLapp\.venv\Lib\site-packages\pycaret\internal\metrics.py:204: FitFailedWarning: Metric 'make_scorer(roc_auc_score, response_method=('decision_function', 'predict_proba'), average=weighted, multi_class=ovr)' failed and error score 0.0 has been returned instead. If this is a custom metric, this usually means that the error is in the metric code. Full exception below:
Traceback (most recent call last):
  File "C:\Users\youne\Desktop\AutoMLapp\.venv\Lib\site-packages\pycaret\internal\metrics.py", line 196, in _score
    return super()._score(
           ^^^^^^^^^^^^^^^
  File "C:\Users\youne\Desktop\AutoMLapp\.venv\Lib\site-packages\sklearn\metrics\_scorer.py", line 350, in _score
    return self._sign * self._score_func(y_true, y_pred, **scoring_kwargs)
                        ^^^^^^^^^^^^^^^^^^^^^^^^^^^^^^^^^^^^^^^^^^^^^^^^^^
  File "C:\Users\youne\Desktop\AutoMLapp\.venv\Lib\site-packages\pycaret\internal\metrics.py", line 144, in __call__
    return self.score_func(y_true, y_pred, **kwargs)
           ^^^^^^^^^^^^^^^^^^^^^^^^^^^^^^^^^^^^^^^^^
  File "C:\Users\youne\Desktop\AutoMLapp\.venv\Lib\site-packages\sklearn\utils\_param_validation.py", line 213, in wrapper
    return func(*args, **kwargs)
           ^^^^^^^^^^^^^^^^^^^^^
  File "C:\Users\youne\Desktop\AutoMLapp\.venv\Lib\site-packages\sklearn\metrics\_ranking.py", line 634, in roc_auc_score
    return _multiclass_roc_auc_score(
           ^^^^^^^^^^^^^^^^^^^^^^^^^^
  File "C:\Users\youne\Desktop\AutoMLapp\.venv\Lib\site-packages\sklearn\metrics\_ranking.py", line 707, in _multiclass_roc_auc_score
    raise ValueError(
ValueError: Target scores need to be probabilities for multiclass roc_auc, i.e. they should sum up to 1.0 over classes

  warnings.warn(

2026-08-25 18:06:50,422:WARNING:C:\Users\youne\Desktop\AutoMLapp\.venv\Lib\site-packages\sklearn\metrics\_classification.py:1561: UserWarning: Note that pos_label (set to 'Virginica') is ignored when average != 'binary' (got 'weighted'). You may use labels=[pos_label] to specify a single positive class.
  warnings.warn(

2026-08-25 18:06:50,423:WARNING:C:\Users\youne\Desktop\AutoMLapp\.venv\Lib\site-packages\pycaret\internal\metrics.py:204: FitFailedWarning: Metric 'make_scorer(roc_auc_score, response_method=('decision_function', 'predict_proba'), average=weighted, multi_class=ovr)' failed and error score 0.0 has been returned instead. If this is a custom metric, this usually means that the error is in the metric code. Full exception below:
Traceback (most recent call last):
  File "C:\Users\youne\Desktop\AutoMLapp\.venv\Lib\site-packages\pycaret\internal\metrics.py", line 196, in _score
    return super()._score(
           ^^^^^^^^^^^^^^^
  File "C:\Users\youne\Desktop\AutoMLapp\.venv\Lib\site-packages\sklearn\metrics\_scorer.py", line 350, in _score
    return self._sign * self._score_func(y_true, y_pred, **scoring_kwargs)
                        ^^^^^^^^^^^^^^^^^^^^^^^^^^^^^^^^^^^^^^^^^^^^^^^^^^
  File "C:\Users\youne\Desktop\AutoMLapp\.venv\Lib\site-packages\pycaret\internal\metrics.py", line 144, in __call__
    return self.score_func(y_true, y_pred, **kwargs)
           ^^^^^^^^^^^^^^^^^^^^^^^^^^^^^^^^^^^^^^^^^
  File "C:\Users\youne\Desktop\AutoMLapp\.venv\Lib\site-packages\sklearn\utils\_param_validation.py", line 213, in wrapper
    return func(*args, **kwargs)
           ^^^^^^^^^^^^^^^^^^^^^
  File "C:\Users\youne\Desktop\AutoMLapp\.venv\Lib\site-packages\sklearn\metrics\_ranking.py", line 634, in roc_auc_score
    return _multiclass_roc_auc_score(
           ^^^^^^^^^^^^^^^^^^^^^^^^^^
  File "C:\Users\youne\Desktop\AutoMLapp\.venv\Lib\site-packages\sklearn\metrics\_ranking.py", line 707, in _multiclass_roc_auc_score
    raise ValueError(
ValueError: Target scores need to be probabilities for multiclass roc_auc, i.e. they should sum up to 1.0 over classes

  warnings.warn(

2026-08-25 18:06:50,423:WARNING:C:\Users\youne\Desktop\AutoMLapp\.venv\Lib\site-packages\sklearn\metrics\_classification.py:1561: UserWarning: Note that pos_label (set to 'Virginica') is ignored when average != 'binary' (got 'weighted'). You may use labels=[pos_label] to specify a single positive class.
  warnings.warn(

2026-08-25 18:06:50,423:WARNING:C:\Users\youne\Desktop\AutoMLapp\.venv\Lib\site-packages\sklearn\metrics\_classification.py:1561: UserWarning: Note that pos_label (set to 'Virginica') is ignored when average != 'binary' (got 'weighted'). You may use labels=[pos_label] to specify a single positive class.
  warnings.warn(

2026-08-25 18:06:50,426:WARNING:C:\Users\youne\Desktop\AutoMLapp\.venv\Lib\site-packages\sklearn\metrics\_classification.py:1561: UserWarning: Note that pos_label (set to 'Virginica') is ignored when average != 'binary' (got 'weighted'). You may use labels=[pos_label] to specify a single positive class.
  warnings.warn(

2026-08-25 18:06:50,426:WARNING:C:\Users\youne\Desktop\AutoMLapp\.venv\Lib\site-packages\sklearn\metrics\_classification.py:1561: UserWarning: Note that pos_label (set to 'Virginica') is ignored when average != 'binary' (got 'weighted'). You may use labels=[pos_label] to specify a single positive class.
  warnings.warn(

2026-08-25 18:06:50,427:WARNING:C:\Users\youne\Desktop\AutoMLapp\.venv\Lib\site-packages\sklearn\metrics\_classification.py:1561: UserWarning: Note that pos_label (set to 'Virginica') is ignored when average != 'binary' (got 'weighted'). You may use labels=[pos_label] to specify a single positive class.
  warnings.warn(

2026-08-25 18:06:50,428:WARNING:C:\Users\youne\Desktop\AutoMLapp\.venv\Lib\site-packages\pycaret\internal\metrics.py:204: FitFailedWarning: Metric 'make_scorer(roc_auc_score, response_method=('decision_function', 'predict_proba'), average=weighted, multi_class=ovr)' failed and error score 0.0 has been returned instead. If this is a custom metric, this usually means that the error is in the metric code. Full exception below:
Traceback (most recent call last):
  File "C:\Users\youne\Desktop\AutoMLapp\.venv\Lib\site-packages\pycaret\internal\metrics.py", line 196, in _score
    return super()._score(
           ^^^^^^^^^^^^^^^
  File "C:\Users\youne\Desktop\AutoMLapp\.venv\Lib\site-packages\sklearn\metrics\_scorer.py", line 350, in _score
    return self._sign * self._score_func(y_true, y_pred, **scoring_kwargs)
                        ^^^^^^^^^^^^^^^^^^^^^^^^^^^^^^^^^^^^^^^^^^^^^^^^^^
  File "C:\Users\youne\Desktop\AutoMLapp\.venv\Lib\site-packages\pycaret\internal\metrics.py", line 144, in __call__
    return self.score_func(y_true, y_pred, **kwargs)
           ^^^^^^^^^^^^^^^^^^^^^^^^^^^^^^^^^^^^^^^^^
  File "C:\Users\youne\Desktop\AutoMLapp\.venv\Lib\site-packages\sklearn\utils\_param_validation.py", line 213, in wrapper
    return func(*args, **kwargs)
           ^^^^^^^^^^^^^^^^^^^^^
  File "C:\Users\youne\Desktop\AutoMLapp\.venv\Lib\site-packages\sklearn\metrics\_ranking.py", line 634, in roc_auc_score
    return _multiclass_roc_auc_score(
           ^^^^^^^^^^^^^^^^^^^^^^^^^^
  File "C:\Users\youne\Desktop\AutoMLapp\.venv\Lib\site-packages\sklearn\metrics\_ranking.py", line 707, in _multiclass_roc_auc_score
    raise ValueError(
ValueError: Target scores need to be probabilities for multiclass roc_auc, i.e. they should sum up to 1.0 over classes

  warnings.warn(

2026-08-25 18:06:50,429:WARNING:C:\Users\youne\Desktop\AutoMLapp\.venv\Lib\site-packages\sklearn\metrics\_classification.py:1561: UserWarning: Note that pos_label (set to 'Virginica') is ignored when average != 'binary' (got 'weighted'). You may use labels=[pos_label] to specify a single positive class.
  warnings.warn(

2026-08-25 18:06:50,430:WARNING:C:\Users\youne\Desktop\AutoMLapp\.venv\Lib\site-packages\pycaret\internal\metrics.py:204: FitFailedWarning: Metric 'make_scorer(roc_auc_score, response_method=('decision_function', 'predict_proba'), average=weighted, multi_class=ovr)' failed and error score 0.0 has been returned instead. If this is a custom metric, this usually means that the error is in the metric code. Full exception below:
Traceback (most recent call last):
  File "C:\Users\youne\Desktop\AutoMLapp\.venv\Lib\site-packages\pycaret\internal\metrics.py", line 196, in _score
    return super()._score(
           ^^^^^^^^^^^^^^^
  File "C:\Users\youne\Desktop\AutoMLapp\.venv\Lib\site-packages\sklearn\metrics\_scorer.py", line 350, in _score
    return self._sign * self._score_func(y_true, y_pred, **scoring_kwargs)
                        ^^^^^^^^^^^^^^^^^^^^^^^^^^^^^^^^^^^^^^^^^^^^^^^^^^
  File "C:\Users\youne\Desktop\AutoMLapp\.venv\Lib\site-packages\pycaret\internal\metrics.py", line 144, in __call__
    return self.score_func(y_true, y_pred, **kwargs)
           ^^^^^^^^^^^^^^^^^^^^^^^^^^^^^^^^^^^^^^^^^
  File "C:\Users\youne\Desktop\AutoMLapp\.venv\Lib\site-packages\sklearn\utils\_param_validation.py", line 213, in wrapper
    return func(*args, **kwargs)
           ^^^^^^^^^^^^^^^^^^^^^
  File "C:\Users\youne\Desktop\AutoMLapp\.venv\Lib\site-packages\sklearn\metrics\_ranking.py", line 634, in roc_auc_score
    return _multiclass_roc_auc_score(
           ^^^^^^^^^^^^^^^^^^^^^^^^^^
  File "C:\Users\youne\Desktop\AutoMLapp\.venv\Lib\site-packages\sklearn\metrics\_ranking.py", line 707, in _multiclass_roc_auc_score
    raise ValueError(
ValueError: Target scores need to be probabilities for multiclass roc_auc, i.e. they should sum up to 1.0 over classes

  warnings.warn(

2026-08-25 18:06:50,430:WARNING:C:\Users\youne\Desktop\AutoMLapp\.venv\Lib\site-packages\pycaret\internal\metrics.py:204: FitFailedWarning: Metric 'make_scorer(roc_auc_score, response_method=('decision_function', 'predict_proba'), average=weighted, multi_class=ovr)' failed and error score 0.0 has been returned instead. If this is a custom metric, this usually means that the error is in the metric code. Full exception below:
Traceback (most recent call last):
  File "C:\Users\youne\Desktop\AutoMLapp\.venv\Lib\site-packages\pycaret\internal\metrics.py", line 196, in _score
    return super()._score(
           ^^^^^^^^^^^^^^^
  File "C:\Users\youne\Desktop\AutoMLapp\.venv\Lib\site-packages\sklearn\metrics\_scorer.py", line 350, in _score
    return self._sign * self._score_func(y_true, y_pred, **scoring_kwargs)
                        ^^^^^^^^^^^^^^^^^^^^^^^^^^^^^^^^^^^^^^^^^^^^^^^^^^
  File "C:\Users\youne\Desktop\AutoMLapp\.venv\Lib\site-packages\pycaret\internal\metrics.py", line 144, in __call__
    return self.score_func(y_true, y_pred, **kwargs)
           ^^^^^^^^^^^^^^^^^^^^^^^^^^^^^^^^^^^^^^^^^
  File "C:\Users\youne\Desktop\AutoMLapp\.venv\Lib\site-packages\sklearn\utils\_param_validation.py", line 213, in wrapper
    return func(*args, **kwargs)
           ^^^^^^^^^^^^^^^^^^^^^
  File "C:\Users\youne\Desktop\AutoMLapp\.venv\Lib\site-packages\sklearn\metrics\_ranking.py", line 634, in roc_auc_score
    return _multiclass_roc_auc_score(
           ^^^^^^^^^^^^^^^^^^^^^^^^^^
  File "C:\Users\youne\Desktop\AutoMLapp\.venv\Lib\site-packages\sklearn\metrics\_ranking.py", line 707, in _multiclass_roc_auc_score
    raise ValueError(
ValueError: Target scores need to be probabilities for multiclass roc_auc, i.e. they should sum up to 1.0 over classes

  warnings.warn(

2026-08-25 18:06:50,430:WARNING:C:\Users\youne\Desktop\AutoMLapp\.venv\Lib\site-packages\sklearn\metrics\_classification.py:1561: UserWarning: Note that pos_label (set to 'Virginica') is ignored when average != 'binary' (got 'weighted'). You may use labels=[pos_label] to specify a single positive class.
  warnings.warn(

2026-08-25 18:06:50,430:WARNING:C:\Users\youne\Desktop\AutoMLapp\.venv\Lib\site-packages\sklearn\metrics\_classification.py:1561: UserWarning: Note that pos_label (set to 'Virginica') is ignored when average != 'binary' (got 'weighted'). You may use labels=[pos_label] to specify a single positive class.
  warnings.warn(

2026-08-25 18:06:50,430:WARNING:C:\Users\youne\Desktop\AutoMLapp\.venv\Lib\site-packages\sklearn\metrics\_classification.py:1561: UserWarning: Note that pos_label (set to 'Virginica') is ignored when average != 'binary' (got 'weighted'). You may use labels=[pos_label] to specify a single positive class.
  warnings.warn(

2026-08-25 18:06:50,431:WARNING:C:\Users\youne\Desktop\AutoMLapp\.venv\Lib\site-packages\sklearn\metrics\_classification.py:1561: UserWarning: Note that pos_label (set to 'Virginica') is ignored when average != 'binary' (got 'weighted'). You may use labels=[pos_label] to specify a single positive class.
  warnings.warn(

2026-08-25 18:06:50,431:WARNING:C:\Users\youne\Desktop\AutoMLapp\.venv\Lib\site-packages\sklearn\metrics\_classification.py:1561: UserWarning: Note that pos_label (set to 'Virginica') is ignored when average != 'binary' (got 'weighted'). You may use labels=[pos_label] to specify a single positive class.
  warnings.warn(

2026-08-25 18:06:50,431:WARNING:C:\Users\youne\Desktop\AutoMLapp\.venv\Lib\site-packages\sklearn\metrics\_classification.py:1561: UserWarning: Note that pos_label (set to 'Virginica') is ignored when average != 'binary' (got 'weighted'). You may use labels=[pos_label] to specify a single positive class.
  warnings.warn(

2026-08-25 18:06:50,432:WARNING:C:\Users\youne\Desktop\AutoMLapp\.venv\Lib\site-packages\sklearn\metrics\_classification.py:1561: UserWarning: Note that pos_label (set to 'Virginica') is ignored when average != 'binary' (got 'weighted'). You may use labels=[pos_label] to specify a single positive class.
  warnings.warn(

2026-08-25 18:06:50,433:WARNING:C:\Users\youne\Desktop\AutoMLapp\.venv\Lib\site-packages\sklearn\metrics\_classification.py:1561: UserWarning: Note that pos_label (set to 'Virginica') is ignored when average != 'binary' (got 'weighted'). You may use labels=[pos_label] to specify a single positive class.
  warnings.warn(

2026-08-25 18:06:50,440:INFO:Calculating mean and std
2026-08-25 18:06:50,440:INFO:Creating metrics dataframe
2026-08-25 18:06:50,441:INFO:Uploading results into container
2026-08-25 18:06:50,442:INFO:Uploading model into container now
2026-08-25 18:06:50,442:INFO:_master_model_container: 9
2026-08-25 18:06:50,442:INFO:_display_container: 2
2026-08-25 18:06:50,442:INFO:AdaBoostClassifier(algorithm='SAMME.R', estimator=None, learning_rate=1.0,
                   n_estimators=50, random_state=42)
2026-08-25 18:06:50,442:INFO:create_model() successfully completed......................................
2026-08-25 18:06:50,597:INFO:SubProcess create_model() end ==================================
2026-08-25 18:06:50,597:INFO:Creating metrics dataframe
2026-08-25 18:06:50,601:INFO:Initializing Gradient Boosting Classifier
2026-08-25 18:06:50,601:INFO:Total runtime is 0.035614009698232016 minutes
2026-08-25 18:06:50,601:INFO:SubProcess create_model() called ==================================
2026-08-25 18:06:50,601:INFO:Initializing create_model()
2026-08-25 18:06:50,601:INFO:create_model(self=<pycaret.classification.oop.ClassificationExperiment object at 0x0000022123C69050>, estimator=gbc, fold=StratifiedKFold(n_splits=10, random_state=None, shuffle=False), round=4, cross_validation=True, predict=True, fit_kwargs={}, groups=None, refit=False, probability_threshold=None, experiment_custom_tags=None, verbose=False, system=False, add_to_model_list=True, metrics=None, display=<pycaret.internal.display.display.CommonDisplay object at 0x000002212689B3D0>, model_only=True, return_train_score=False, error_score=0.0, kwargs={})
2026-08-25 18:06:50,602:INFO:Checking exceptions
2026-08-25 18:06:50,602:INFO:Importing libraries
2026-08-25 18:06:50,602:INFO:Copying training dataset
2026-08-25 18:06:50,604:INFO:Defining folds
2026-08-25 18:06:50,604:INFO:Declaring metric variables
2026-08-25 18:06:50,606:INFO:Importing untrained model
2026-08-25 18:06:50,606:INFO:Gradient Boosting Classifier Imported successfully
2026-08-25 18:06:50,606:INFO:Starting cross validation
2026-08-25 18:06:50,606:INFO:Cross validating with StratifiedKFold(n_splits=10, random_state=None, shuffle=False), n_jobs=-1
2026-08-25 18:06:50,879:WARNING:C:\Users\youne\Desktop\AutoMLapp\.venv\Lib\site-packages\pycaret\internal\metrics.py:204: FitFailedWarning: Metric 'make_scorer(roc_auc_score, response_method=('decision_function', 'predict_proba'), average=weighted, multi_class=ovr)' failed and error score 0.0 has been returned instead. If this is a custom metric, this usually means that the error is in the metric code. Full exception below:
Traceback (most recent call last):
  File "C:\Users\youne\Desktop\AutoMLapp\.venv\Lib\site-packages\pycaret\internal\metrics.py", line 196, in _score
    return super()._score(
           ^^^^^^^^^^^^^^^
  File "C:\Users\youne\Desktop\AutoMLapp\.venv\Lib\site-packages\sklearn\metrics\_scorer.py", line 350, in _score
    return self._sign * self._score_func(y_true, y_pred, **scoring_kwargs)
                        ^^^^^^^^^^^^^^^^^^^^^^^^^^^^^^^^^^^^^^^^^^^^^^^^^^
  File "C:\Users\youne\Desktop\AutoMLapp\.venv\Lib\site-packages\pycaret\internal\metrics.py", line 144, in __call__
    return self.score_func(y_true, y_pred, **kwargs)
           ^^^^^^^^^^^^^^^^^^^^^^^^^^^^^^^^^^^^^^^^^
  File "C:\Users\youne\Desktop\AutoMLapp\.venv\Lib\site-packages\sklearn\utils\_param_validation.py", line 213, in wrapper
    return func(*args, **kwargs)
           ^^^^^^^^^^^^^^^^^^^^^
  File "C:\Users\youne\Desktop\AutoMLapp\.venv\Lib\site-packages\sklearn\metrics\_ranking.py", line 634, in roc_auc_score
    return _multiclass_roc_auc_score(
           ^^^^^^^^^^^^^^^^^^^^^^^^^^
  File "C:\Users\youne\Desktop\AutoMLapp\.venv\Lib\site-packages\sklearn\metrics\_ranking.py", line 707, in _multiclass_roc_auc_score
    raise ValueError(
ValueError: Target scores need to be probabilities for multiclass roc_auc, i.e. they should sum up to 1.0 over classes

  warnings.warn(

2026-08-25 18:06:50,879:WARNING:C:\Users\youne\Desktop\AutoMLapp\.venv\Lib\site-packages\pycaret\internal\metrics.py:204: FitFailedWarning: Metric 'make_scorer(roc_auc_score, response_method=('decision_function', 'predict_proba'), average=weighted, multi_class=ovr)' failed and error score 0.0 has been returned instead. If this is a custom metric, this usually means that the error is in the metric code. Full exception below:
Traceback (most recent call last):
  File "C:\Users\youne\Desktop\AutoMLapp\.venv\Lib\site-packages\pycaret\internal\metrics.py", line 196, in _score
    return super()._score(
           ^^^^^^^^^^^^^^^
  File "C:\Users\youne\Desktop\AutoMLapp\.venv\Lib\site-packages\sklearn\metrics\_scorer.py", line 350, in _score
    return self._sign * self._score_func(y_true, y_pred, **scoring_kwargs)
                        ^^^^^^^^^^^^^^^^^^^^^^^^^^^^^^^^^^^^^^^^^^^^^^^^^^
  File "C:\Users\youne\Desktop\AutoMLapp\.venv\Lib\site-packages\pycaret\internal\metrics.py", line 144, in __call__
    return self.score_func(y_true, y_pred, **kwargs)
           ^^^^^^^^^^^^^^^^^^^^^^^^^^^^^^^^^^^^^^^^^
  File "C:\Users\youne\Desktop\AutoMLapp\.venv\Lib\site-packages\sklearn\utils\_param_validation.py", line 213, in wrapper
    return func(*args, **kwargs)
           ^^^^^^^^^^^^^^^^^^^^^
  File "C:\Users\youne\Desktop\AutoMLapp\.venv\Lib\site-packages\sklearn\metrics\_ranking.py", line 634, in roc_auc_score
    return _multiclass_roc_auc_score(
           ^^^^^^^^^^^^^^^^^^^^^^^^^^
  File "C:\Users\youne\Desktop\AutoMLapp\.venv\Lib\site-packages\sklearn\metrics\_ranking.py", line 707, in _multiclass_roc_auc_score
    raise ValueError(
ValueError: Target scores need to be probabilities for multiclass roc_auc, i.e. they should sum up to 1.0 over classes

  warnings.warn(

2026-08-25 18:06:50,880:WARNING:C:\Users\youne\Desktop\AutoMLapp\.venv\Lib\site-packages\sklearn\metrics\_classification.py:1561: UserWarning: Note that pos_label (set to 'Virginica') is ignored when average != 'binary' (got 'weighted'). You may use labels=[pos_label] to specify a single positive class.
  warnings.warn(

2026-08-25 18:06:50,881:WARNING:C:\Users\youne\Desktop\AutoMLapp\.venv\Lib\site-packages\sklearn\metrics\_classification.py:1561: UserWarning: Note that pos_label (set to 'Virginica') is ignored when average != 'binary' (got 'weighted'). You may use labels=[pos_label] to specify a single positive class.
  warnings.warn(

2026-08-25 18:06:50,883:WARNING:C:\Users\youne\Desktop\AutoMLapp\.venv\Lib\site-packages\sklearn\metrics\_classification.py:1561: UserWarning: Note that pos_label (set to 'Virginica') is ignored when average != 'binary' (got 'weighted'). You may use labels=[pos_label] to specify a single positive class.
  warnings.warn(

2026-08-25 18:06:50,884:WARNING:C:\Users\youne\Desktop\AutoMLapp\.venv\Lib\site-packages\sklearn\metrics\_classification.py:1561: UserWarning: Note that pos_label (set to 'Virginica') is ignored when average != 'binary' (got 'weighted'). You may use labels=[pos_label] to specify a single positive class.
  warnings.warn(

2026-08-25 18:06:50,885:WARNING:C:\Users\youne\Desktop\AutoMLapp\.venv\Lib\site-packages\sklearn\metrics\_classification.py:1561: UserWarning: Note that pos_label (set to 'Virginica') is ignored when average != 'binary' (got 'weighted'). You may use labels=[pos_label] to specify a single positive class.
  warnings.warn(

2026-08-25 18:06:50,886:WARNING:C:\Users\youne\Desktop\AutoMLapp\.venv\Lib\site-packages\sklearn\metrics\_classification.py:1561: UserWarning: Note that pos_label (set to 'Virginica') is ignored when average != 'binary' (got 'weighted'). You may use labels=[pos_label] to specify a single positive class.
  warnings.warn(

2026-08-25 18:06:50,890:WARNING:C:\Users\youne\Desktop\AutoMLapp\.venv\Lib\site-packages\pycaret\internal\metrics.py:204: FitFailedWarning: Metric 'make_scorer(roc_auc_score, response_method=('decision_function', 'predict_proba'), average=weighted, multi_class=ovr)' failed and error score 0.0 has been returned instead. If this is a custom metric, this usually means that the error is in the metric code. Full exception below:
Traceback (most recent call last):
  File "C:\Users\youne\Desktop\AutoMLapp\.venv\Lib\site-packages\pycaret\internal\metrics.py", line 196, in _score
    return super()._score(
           ^^^^^^^^^^^^^^^
  File "C:\Users\youne\Desktop\AutoMLapp\.venv\Lib\site-packages\sklearn\metrics\_scorer.py", line 350, in _score
    return self._sign * self._score_func(y_true, y_pred, **scoring_kwargs)
                        ^^^^^^^^^^^^^^^^^^^^^^^^^^^^^^^^^^^^^^^^^^^^^^^^^^
  File "C:\Users\youne\Desktop\AutoMLapp\.venv\Lib\site-packages\pycaret\internal\metrics.py", line 144, in __call__
    return self.score_func(y_true, y_pred, **kwargs)
           ^^^^^^^^^^^^^^^^^^^^^^^^^^^^^^^^^^^^^^^^^
  File "C:\Users\youne\Desktop\AutoMLapp\.venv\Lib\site-packages\sklearn\utils\_param_validation.py", line 213, in wrapper
    return func(*args, **kwargs)
           ^^^^^^^^^^^^^^^^^^^^^
  File "C:\Users\youne\Desktop\AutoMLapp\.venv\Lib\site-packages\sklearn\metrics\_ranking.py", line 634, in roc_auc_score
    return _multiclass_roc_auc_score(
           ^^^^^^^^^^^^^^^^^^^^^^^^^^
  File "C:\Users\youne\Desktop\AutoMLapp\.venv\Lib\site-packages\sklearn\metrics\_ranking.py", line 707, in _multiclass_roc_auc_score
    raise ValueError(
ValueError: Target scores need to be probabilities for multiclass roc_auc, i.e. they should sum up to 1.0 over classes

  warnings.warn(

2026-08-25 18:06:50,891:WARNING:C:\Users\youne\Desktop\AutoMLapp\.venv\Lib\site-packages\sklearn\metrics\_classification.py:1561: UserWarning: Note that pos_label (set to 'Virginica') is ignored when average != 'binary' (got 'weighted'). You may use labels=[pos_label] to specify a single positive class.
  warnings.warn(

2026-08-25 18:06:50,892:WARNING:C:\Users\youne\Desktop\AutoMLapp\.venv\Lib\site-packages\pycaret\internal\metrics.py:204: FitFailedWarning: Metric 'make_scorer(roc_auc_score, response_method=('decision_function', 'predict_proba'), average=weighted, multi_class=ovr)' failed and error score 0.0 has been returned instead. If this is a custom metric, this usually means that the error is in the metric code. Full exception below:
Traceback (most recent call last):
  File "C:\Users\youne\Desktop\AutoMLapp\.venv\Lib\site-packages\pycaret\internal\metrics.py", line 196, in _score
    return super()._score(
           ^^^^^^^^^^^^^^^
  File "C:\Users\youne\Desktop\AutoMLapp\.venv\Lib\site-packages\sklearn\metrics\_scorer.py", line 350, in _score
    return self._sign * self._score_func(y_true, y_pred, **scoring_kwargs)
                        ^^^^^^^^^^^^^^^^^^^^^^^^^^^^^^^^^^^^^^^^^^^^^^^^^^
  File "C:\Users\youne\Desktop\AutoMLapp\.venv\Lib\site-packages\pycaret\internal\metrics.py", line 144, in __call__
    return self.score_func(y_true, y_pred, **kwargs)
           ^^^^^^^^^^^^^^^^^^^^^^^^^^^^^^^^^^^^^^^^^
  File "C:\Users\youne\Desktop\AutoMLapp\.venv\Lib\site-packages\sklearn\utils\_param_validation.py", line 213, in wrapper
    return func(*args, **kwargs)
           ^^^^^^^^^^^^^^^^^^^^^
  File "C:\Users\youne\Desktop\AutoMLapp\.venv\Lib\site-packages\sklearn\metrics\_ranking.py", line 634, in roc_auc_score
    return _multiclass_roc_auc_score(
           ^^^^^^^^^^^^^^^^^^^^^^^^^^
  File "C:\Users\youne\Desktop\AutoMLapp\.venv\Lib\site-packages\sklearn\metrics\_ranking.py", line 707, in _multiclass_roc_auc_score
    raise ValueError(
ValueError: Target scores need to be probabilities for multiclass roc_auc, i.e. they should sum up to 1.0 over classes

  warnings.warn(

2026-08-25 18:06:50,893:WARNING:C:\Users\youne\Desktop\AutoMLapp\.venv\Lib\site-packages\sklearn\metrics\_classification.py:1561: UserWarning: Note that pos_label (set to 'Virginica') is ignored when average != 'binary' (got 'weighted'). You may use labels=[pos_label] to specify a single positive class.
  warnings.warn(

2026-08-25 18:06:50,894:WARNING:C:\Users\youne\Desktop\AutoMLapp\.venv\Lib\site-packages\sklearn\metrics\_classification.py:1561: UserWarning: Note that pos_label (set to 'Virginica') is ignored when average != 'binary' (got 'weighted'). You may use labels=[pos_label] to specify a single positive class.
  warnings.warn(

is is a custom metric, this usually means that the error is in the metric code. Full exception below:
Traceback (most recent call last):
  File "C:\Users\youne\Desktop\AutoMLapp\.venv\Lib\site-packages\pycaret\internal\metrics.py", line 196, in _score
    return super()._score(
           ^^^^^^^^^^^^^^^
  File "C:\Users\youne\Desktop\AutoMLapp\.venv\Lib\site-packages\sklearn\metrics\_scorer.py", line 350, in _score
    return self._sign * self._score_func(y_true, y_pred, **scoring_kwargs)
                        ^^^^^^^^^^^^^^^^^^^^^^^^^^^^^^^^^^^^^^^^^^^^^^^^^^
  File "C:\Users\youne\Desktop\AutoMLapp\.venv\Lib\site-packages\pycaret\internal\metrics.py", line 144, in __call__
    return self.score_func(y_true, y_pred, **kwargs)
           ^^^^^^^^^^^^^^^^^^^^^^^^^^^^^^^^^^^^^^^^^
  File "C:\Users\youne\Desktop\AutoMLapp\.venv\Lib\site-packages\sklearn\utils\_param_validation.py", line 213, in wrapper
    return func(*args, **kwargs)
           ^^^^^^^^^^^^^^^^^^^^^
  File "C:\Users\youne\Desktop\AutoMLapp\.venv\Lib\site-packages\sklearn\metrics\_ranking.py", line 634, in roc_auc_score
    return _multiclass_roc_auc_score(
           ^^^^^^^^^^^^^^^^^^^^^^^^^^
  File "C:\Users\youne\Desktop\AutoMLapp\.venv\Lib\site-packages\sklearn\metrics\_ranking.py", line 707, in _multiclass_roc_auc_score
    raise ValueError(
ValueError: Target scores need to be probabilities for multiclass roc_auc, i.e. they should sum up to 1.0 over classes

  warnings.warn(

2026-08-25 18:06:50,896:WARNING:C:\Users\youne\Desktop\AutoMLapp\.venv\Lib\site-packages\sklearn\metrics\_classification.py:1561: UserWarning: Note that pos_label (set to 'Virginica') is ignored when average != 'binary' (got 'weighted'). You may use labels=[pos_label] to specify a single positive class.
  warnings.warn(

2026-08-25 18:06:50,896:WARNING:C:\Users\youne\Desktop\AutoMLapp\.venv\Lib\site-packages\sklearn\metrics\_classification.py:1561: UserWarning: Note that pos_label (set to 'Virginica') is ignored when average != 'binary' (got 'weighted'). You may use labels=[pos_label] to specify a single positive class.
  warnings.warn(

2026-08-25 18:06:50,896:WARNING:C:\Users\youne\Desktop\AutoMLapp\.venv\Lib\site-packages\pycaret\internal\metrics.py:204: FitFailedWarning: Metric 'make_scorer(roc_auc_score, response_method=('decision_function', 'predict_proba'), average=weighted, multi_class=ovr)' failed and error score 0.0 has been returned instead. If this is a custom metric, this usually means that the error is in the metric code. Full exception below:
Traceback (most recent call last):
  File "C:\Users\youne\Desktop\AutoMLapp\.venv\Lib\site-packages\pycaret\internal\metrics.py", line 196, in _score
    return super()._score(
           ^^^^^^^^^^^^^^^
  File "C:\Users\youne\Desktop\AutoMLapp\.venv\Lib\site-packages\sklearn\metrics\_scorer.py", line 350, in _score
    return self._sign * self._score_func(y_true, y_pred, **scoring_kwargs)
                        ^^^^^^^^^^^^^^^^^^^^^^^^^^^^^^^^^^^^^^^^^^^^^^^^^^
  File "C:\Users\youne\Desktop\AutoMLapp\.venv\Lib\site-packages\pycaret\internal\metrics.py", line 144, in __call__
    return self.score_func(y_true, y_pred, **kwargs)
           ^^^^^^^^^^^^^^^^^^^^^^^^^^^^^^^^^^^^^^^^^
  File "C:\Users\youne\Desktop\AutoMLapp\.venv\Lib\site-packages\sklearn\utils\_param_validation.py", line 213, in wrapper
    return func(*args, **kwargs)
           ^^^^^^^^^^^^^^^^^^^^^
  File "C:\Users\youne\Desktop\AutoMLapp\.venv\Lib\site-packages\sklearn\metrics\_ranking.py", line 634, in roc_auc_score
    return _multiclass_roc_auc_score(
           ^^^^^^^^^^^^^^^^^^^^^^^^^^
  File "C:\Users\youne\Desktop\AutoMLapp\.venv\Lib\site-packages\sklearn\metrics\_ranking.py", line 707, in _multiclass_roc_auc_score
    raise ValueError(
ValueError: Target scores need to be probabilities for multiclass roc_auc, i.e. they should sum up to 1.0 over classes

  warnings.warn(

2026-08-25 18:06:50,896:WARNING:C:\Users\youne\Desktop\AutoMLapp\.venv\Lib\site-packages\sklearn\metrics\_classification.py:1561: UserWarning: Note that pos_label (set to 'Virginica') is ignored when average != 'binary' (got 'weighted'). You may use labels=[pos_label] to specify a single positive class.
  warnings.warn(

2026-08-25 18:06:50,897:WARNING:C:\Users\youne\Desktop\AutoMLapp\.venv\Lib\site-packages\sklearn\metrics\_classification.py:1561: UserWarning: Note that pos_label (set to 'Virginica') is ignored when average != 'binary' (got 'weighted'). You may use labels=[pos_label] to specify a single positive class.
  warnings.warn(

2026-08-25 18:06:50,898:WARNING:C:\Users\youne\Desktop\AutoMLapp\.venv\Lib\site-packages\sklearn\metrics\_classification.py:1561: UserWarning: Note that pos_label (set to 'Virginica') is ignored when average != 'binary' (got 'weighted'). You may use labels=[pos_label] to specify a single positive class.
  warnings.warn(

2026-08-25 18:06:50,898:WARNING:C:\Users\youne\Desktop\AutoMLapp\.venv\Lib\site-packages\sklearn\metrics\_classification.py:1561: UserWarning: Note that pos_label (set to 'Virginica') is ignored when average != 'binary' (got 'weighted'). You may use labels=[pos_label] to specify a single positive class.
  warnings.warn(

2026-08-25 18:06:50,899:WARNING:C:\Users\youne\Desktop\AutoMLapp\.venv\Lib\site-packages\pycaret\internal\metrics.py:204: FitFailedWarning: Metric 'make_scorer(roc_auc_score, response_method=('decision_function', 'predict_proba'), average=weighted, multi_class=ovr)' failed and error score 0.0 has been returned instead. If this is a custom metric, this usually means that the error is in the metric code. Full exception below:
Traceback (most recent call last):
  File "C:\Users\youne\Desktop\AutoMLapp\.venv\Lib\site-packages\pycaret\internal\metrics.py", line 196, in _score
    return super()._score(
           ^^^^^^^^^^^^^^^
  File "C:\Users\youne\Desktop\AutoMLapp\.venv\Lib\site-packages\sklearn\metrics\_scorer.py", line 350, in _score
    return self._sign * self._score_func(y_true, y_pred, **scoring_kwargs)
                        ^^^^^^^^^^^^^^^^^^^^^^^^^^^^^^^^^^^^^^^^^^^^^^^^^^
  File "C:\Users\youne\Desktop\AutoMLapp\.venv\Lib\site-packages\pycaret\internal\metrics.py", line 144, in __call__
    return self.score_func(y_true, y_pred, **kwargs)
           ^^^^^^^^^^^^^^^^^^^^^^^^^^^^^^^^^^^^^^^^^
  File "C:\Users\youne\Desktop\AutoMLapp\.venv\Lib\site-packages\sklearn\utils\_param_validation.py", line 213, in wrapper
    return func(*args, **kwargs)
           ^^^^^^^^^^^^^^^^^^^^^
  File "C:\Users\youne\Desktop\AutoMLapp\.venv\Lib\site-packages\sklearn\metrics\_ranking.py", line 634, in roc_auc_score
    return _multiclass_roc_auc_score(
           ^^^^^^^^^^^^^^^^^^^^^^^^^^
  File "C:\Users\youne\Desktop\AutoMLapp\.venv\Lib\site-packages\sklearn\metrics\_ranking.py", line 707, in _multiclass_roc_auc_score
    raise ValueError(
ValueError: Target scores need to be probabilities for multiclass roc_auc, i.e. they should sum up to 1.0 over classes

  warnings.warn(

2026-08-25 18:06:50,899:WARNING:C:\Users\youne\Desktop\AutoMLapp\.venv\Lib\site-packages\pycaret\internal\metrics.py:204: FitFailedWarning: Metric 'make_scorer(roc_auc_score, response_method=('decision_function', 'predict_proba'), average=weighted, multi_class=ovr)' failed and error score 0.0 has been returned instead. If this is a custom metric, this usually means that the error is in the metric code. Full exception below:
Traceback (most recent call last):
  File "C:\Users\youne\Desktop\AutoMLapp\.venv\Lib\site-packages\pycaret\internal\metrics.py", line 196, in _score
    return super()._score(
           ^^^^^^^^^^^^^^^
  File "C:\Users\youne\Desktop\AutoMLapp\.venv\Lib\site-packages\sklearn\metrics\_scorer.py", line 350, in _score
    return self._sign * self._score_func(y_true, y_pred, **scoring_kwargs)
                        ^^^^^^^^^^^^^^^^^^^^^^^^^^^^^^^^^^^^^^^^^^^^^^^^^^
  File "C:\Users\youne\Desktop\AutoMLapp\.venv\Lib\site-packages\pycaret\internal\metrics.py", line 144, in __call__
    return self.score_func(y_true, y_pred, **kwargs)
           ^^^^^^^^^^^^^^^^^^^^^^^^^^^^^^^^^^^^^^^^^
  File "C:\Users\youne\Desktop\AutoMLapp\.venv\Lib\site-packages\sklearn\utils\_param_validation.py", line 213, in wrapper
    return func(*args, **kwargs)
           ^^^^^^^^^^^^^^^^^^^^^
  File "C:\Users\youne\Desktop\AutoMLapp\.venv\Lib\site-packages\sklearn\metrics\_ranking.py", line 634, in roc_auc_score
    return _multiclass_roc_auc_score(
           ^^^^^^^^^^^^^^^^^^^^^^^^^^
  File "C:\Users\youne\Desktop\AutoMLapp\.venv\Lib\site-packages\sklearn\metrics\_ranking.py", line 707, in _multiclass_roc_auc_score
    raise ValueError(
ValueError: Target scores need to be probabilities for multiclass roc_auc, i.e. they should sum up to 1.0 over classes

  warnings.warn(

2026-08-25 18:06:50,899:WARNING:C:\Users\youne\Desktop\AutoMLapp\.venv\Lib\site-packages\pycaret\internal\metrics.py:204: FitFailedWarning: Metric 'make_scorer(roc_auc_score, response_method=('decision_function', 'predict_proba'), average=weighted, multi_class=ovr)' failed and error score 0.0 has been returned instead. If this is a custom metric, this usually means that the error is in the metric code. Full exception below:
Traceback (most recent call last):
  File "C:\Users\youne\Desktop\AutoMLapp\.venv\Lib\site-packages\pycaret\internal\metrics.py", line 196, in _score
    return super()._score(
           ^^^^^^^^^^^^^^^
  File "C:\Users\youne\Desktop\AutoMLapp\.venv\Lib\site-packages\sklearn\metrics\_scorer.py", line 350, in _score
    return self._sign * self._score_func(y_true, y_pred, **scoring_kwargs)
                        ^^^^^^^^^^^^^^^^^^^^^^^^^^^^^^^^^^^^^^^^^^^^^^^^^^
  File "C:\Users\youne\Desktop\AutoMLapp\.venv\Lib\site-packages\pycaret\internal\metrics.py", line 144, in __call__
    return self.score_func(y_true, y_pred, **kwargs)
           ^^^^^^^^^^^^^^^^^^^^^^^^^^^^^^^^^^^^^^^^^
  File "C:\Users\youne\Desktop\AutoMLapp\.venv\Lib\site-packages\sklearn\utils\_param_validation.py", line 213, in wrapper
    return func(*args, **kwargs)
           ^^^^^^^^^^^^^^^^^^^^^
  File "C:\Users\youne\Desktop\AutoMLapp\.venv\Lib\site-packages\sklearn\metrics\_ranking.py", line 634, in roc_auc_score
    return _multiclass_roc_auc_score(
           ^^^^^^^^^^^^^^^^^^^^^^^^^^
  File "C:\Users\youne\Desktop\AutoMLapp\.venv\Lib\site-packages\sklearn\metrics\_ranking.py", line 707, in _multiclass_roc_auc_score
    raise ValueError(
ValueError: Target scores need to be probabilities for multiclass roc_auc, i.e. they should sum up to 1.0 over classes

  warnings.warn(

2026-08-25 18:06:50,899:WARNING:C:\Users\youne\Desktop\AutoMLapp\.venv\Lib\site-packages\sklearn\metrics\_classification.py:1561: UserWarning: Note that pos_label (set to 'Virginica') is ignored when average != 'binary' (got 'weighted'). You may use labels=[pos_label] to specify a single positive class.
  warnings.warn(

2026-08-25 18:06:50,899:WARNING:C:\Users\youne\Desktop\AutoMLapp\.venv\Lib\site-packages\sklearn\metrics\_classification.py:1561: UserWarning: Note that pos_label (set to 'Virginica') is ignored when average != 'binary' (got 'weighted'). You may use labels=[pos_label] to specify a single positive class.
  warnings.warn(

2026-08-25 18:06:50,900:WARNING:C:\Users\youne\Desktop\AutoMLapp\.venv\Lib\site-packages\sklearn\metrics\_classification.py:1561: UserWarning: Note that pos_label (set to 'Virginica') is ignored when average != 'binary' (got 'weighted'). You may use labels=[pos_label] to specify a single positive class.
  warnings.warn(

2026-08-25 18:06:50,900:WARNING:C:\Users\youne\Desktop\AutoMLapp\.venv\Lib\site-packages\sklearn\metrics\_classification.py:1561: UserWarning: Note that pos_label (set to 'Virginica') is ignored when average != 'binary' (got 'weighted'). You may use labels=[pos_label] to specify a single positive class.
  warnings.warn(

2026-08-25 18:06:50,900:WARNING:C:\Users\youne\Desktop\AutoMLapp\.venv\Lib\site-packages\sklearn\metrics\_classification.py:1561: UserWarning: Note that pos_label (set to 'Virginica') is ignored when average != 'binary' (got 'weighted'). You may use labels=[pos_label] to specify a single positive class.
  warnings.warn(

2026-08-25 18:06:50,901:WARNING:C:\Users\youne\Desktop\AutoMLapp\.venv\Lib\site-packages\sklearn\metrics\_classification.py:1561: UserWarning: Note that pos_label (set to 'Virginica') is ignored when average != 'binary' (got 'weighted'). You may use labels=[pos_label] to specify a single positive class.
  warnings.warn(

2026-08-25 18:06:50,901:WARNING:C:\Users\youne\Desktop\AutoMLapp\.venv\Lib\site-packages\sklearn\metrics\_classification.py:1561: UserWarning: Note that pos_label (set to 'Virginica') is ignored when average != 'binary' (got 'weighted'). You may use labels=[pos_label] to specify a single positive class.
  warnings.warn(

2026-08-25 18:06:50,901:WARNING:C:\Users\youne\Desktop\AutoMLapp\.venv\Lib\site-packages\sklearn\metrics\_classification.py:1561: UserWarning: Note that pos_label (set to 'Virginica') is ignored when average != 'binary' (got 'weighted'). You may use labels=[pos_label] to specify a single positive class.
  warnings.warn(

2026-08-25 18:06:50,902:WARNING:C:\Users\youne\Desktop\AutoMLapp\.venv\Lib\site-packages\sklearn\metrics\_classification.py:1561: UserWarning: Note that pos_label (set to 'Virginica') is ignored when average != 'binary' (got 'weighted'). You may use labels=[pos_label] to specify a single positive class.
  warnings.warn(

2026-08-25 18:06:50,902:WARNING:C:\Users\youne\Desktop\AutoMLapp\.venv\Lib\site-packages\sklearn\metrics\_classification.py:1561: UserWarning: Note that pos_label (set to 'Virginica') is ignored when average != 'binary' (got 'weighted'). You may use labels=[pos_label] to specify a single positive class.
  warnings.warn(

2026-08-25 18:06:50,903:WARNING:C:\Users\youne\Desktop\AutoMLapp\.venv\Lib\site-packages\sklearn\metrics\_classification.py:1561: UserWarning: Note that pos_label (set to 'Virginica') is ignored when average != 'binary' (got 'weighted'). You may use labels=[pos_label] to specify a single positive class.
  warnings.warn(

2026-08-25 18:06:50,905:WARNING:C:\Users\youne\Desktop\AutoMLapp\.venv\Lib\site-packages\sklearn\metrics\_classification.py:1561: UserWarning: Note that pos_label (set to 'Virginica') is ignored when average != 'binary' (got 'weighted'). You may use labels=[pos_label] to specify a single positive class.
  warnings.warn(

2026-08-25 18:06:50,939:WARNING:C:\Users\youne\Desktop\AutoMLapp\.venv\Lib\site-packages\pycaret\internal\metrics.py:204: FitFailedWarning: Metric 'make_scorer(roc_auc_score, response_method=('decision_function', 'predict_proba'), average=weighted, multi_class=ovr)' failed and error score 0.0 has been returned instead. If this is a custom metric, this usually means that the error is in the metric code. Full exception below:
Traceback (most recent call last):
  File "C:\Users\youne\Desktop\AutoMLapp\.venv\Lib\site-packages\pycaret\internal\metrics.py", line 196, in _score
    return super()._score(
           ^^^^^^^^^^^^^^^
  File "C:\Users\youne\Desktop\AutoMLapp\.venv\Lib\site-packages\sklearn\metrics\_scorer.py", line 350, in _score
    return self._sign * self._score_func(y_true, y_pred, **scoring_kwargs)
                        ^^^^^^^^^^^^^^^^^^^^^^^^^^^^^^^^^^^^^^^^^^^^^^^^^^
  File "C:\Users\youne\Desktop\AutoMLapp\.venv\Lib\site-packages\pycaret\internal\metrics.py", line 144, in __call__
    return self.score_func(y_true, y_pred, **kwargs)
           ^^^^^^^^^^^^^^^^^^^^^^^^^^^^^^^^^^^^^^^^^
  File "C:\Users\youne\Desktop\AutoMLapp\.venv\Lib\site-packages\sklearn\utils\_param_validation.py", line 213, in wrapper
    return func(*args, **kwargs)
           ^^^^^^^^^^^^^^^^^^^^^
  File "C:\Users\youne\Desktop\AutoMLapp\.venv\Lib\site-packages\sklearn\metrics\_ranking.py", line 634, in roc_auc_score
    return _multiclass_roc_auc_score(
           ^^^^^^^^^^^^^^^^^^^^^^^^^^
  File "C:\Users\youne\Desktop\AutoMLapp\.venv\Lib\site-packages\sklearn\metrics\_ranking.py", line 707, in _multiclass_roc_auc_score
    raise ValueError(
ValueError: Target scores need to be probabilities for multiclass roc_auc, i.e. they should sum up to 1.0 over classes

  warnings.warn(

2026-08-25 18:06:50,941:WARNING:C:\Users\youne\Desktop\AutoMLapp\.venv\Lib\site-packages\sklearn\metrics\_classification.py:1561: UserWarning: Note that pos_label (set to 'Virginica') is ignored when average != 'binary' (got 'weighted'). You may use labels=[pos_label] to specify a single positive class.
  warnings.warn(

2026-08-25 18:06:50,942:WARNING:C:\Users\youne\Desktop\AutoMLapp\.venv\Lib\site-packages\sklearn\metrics\_classification.py:1561: UserWarning: Note that pos_label (set to 'Virginica') is ignored when average != 'binary' (got 'weighted'). You may use labels=[pos_label] to specify a single positive class.
  warnings.warn(

2026-08-25 18:06:50,944:WARNING:C:\Users\youne\Desktop\AutoMLapp\.venv\Lib\site-packages\sklearn\metrics\_classification.py:1561: UserWarning: Note that pos_label (set to 'Virginica') is ignored when average != 'binary' (got 'weighted'). You may use labels=[pos_label] to specify a single positive class.
  warnings.warn(

2026-08-25 18:06:50,952:INFO:Calculating mean and std
2026-08-25 18:06:50,953:INFO:Creating metrics dataframe
2026-08-25 18:06:50,954:INFO:Uploading results into container
2026-08-25 18:06:50,955:INFO:Uploading model into container now
2026-08-25 18:06:50,955:INFO:_master_model_container: 10
2026-08-25 18:06:50,955:INFO:_display_container: 2
2026-08-25 18:06:50,956:INFO:GradientBoostingClassifier(ccp_alpha=0.0, criterion='friedman_mse', init=None,
                           learning_rate=0.1, loss='log_loss', max_depth=3,
                           max_features=None, max_leaf_nodes=None,
                           min_impurity_decrease=0.0, min_samples_leaf=1,
                           min_samples_split=2, min_weight_fraction_leaf=0.0,
                           n_estimators=100, n_iter_no_change=None,
                           random_state=42, subsample=1.0, tol=0.0001,
                           validation_fraction=0.1, verbose=0,
                           warm_start=False)
2026-08-25 18:06:50,957:INFO:create_model() successfully completed......................................
2026-08-25 18:06:51,097:INFO:SubProcess create_model() end ==================================
2026-08-25 18:06:51,097:INFO:Creating metrics dataframe
2026-08-25 18:06:51,101:INFO:Initializing Linear Discriminant Analysis
2026-08-25 18:06:51,101:INFO:Total runtime is 0.04394635756810506 minutes
2026-08-25 18:06:51,101:INFO:SubProcess create_model() called ==================================
2026-08-25 18:06:51,102:INFO:Initializing create_model()
2026-08-25 18:06:51,102:INFO:create_model(self=<pycaret.classification.oop.ClassificationExperiment object at 0x0000022123C69050>, estimator=lda, fold=StratifiedKFold(n_splits=10, random_state=None, shuffle=False), round=4, cross_validation=True, predict=True, fit_kwargs={}, groups=None, refit=False, probability_threshold=None, experiment_custom_tags=None, verbose=False, system=False, add_to_model_list=True, metrics=None, display=<pycaret.internal.display.display.CommonDisplay object at 0x000002212689B3D0>, model_only=True, return_train_score=False, error_score=0.0, kwargs={})
2026-08-25 18:06:51,102:INFO:Checking exceptions
2026-08-25 18:06:51,102:INFO:Importing libraries
2026-08-25 18:06:51,102:INFO:Copying training dataset
2026-08-25 18:06:51,106:INFO:Defining folds
2026-08-25 18:06:51,106:INFO:Declaring metric variables
2026-08-25 18:06:51,106:INFO:Importing untrained model
2026-08-25 18:06:51,106:INFO:Linear Discriminant Analysis Imported successfully
2026-08-25 18:06:51,106:INFO:Starting cross validation
2026-08-25 18:06:51,107:INFO:Cross validating with StratifiedKFold(n_splits=10, random_state=None, shuffle=False), n_jobs=-1
2026-08-25 18:06:51,146:WARNING:C:\Users\youne\Desktop\AutoMLapp\.venv\Lib\site-packages\pycaret\internal\metrics.py:204: FitFailedWarning: Metric 'make_scorer(roc_auc_score, response_method=('decision_function', 'predict_proba'), average=weighted, multi_class=ovr)' failed and error score 0.0 has been returned instead. If this is a custom metric, this usually means that the error is in the metric code. Full exception below:
Traceback (most recent call last):
  File "C:\Users\youne\Desktop\AutoMLapp\.venv\Lib\site-packages\pycaret\internal\metrics.py", line 196, in _score
    return super()._score(
           ^^^^^^^^^^^^^^^
  File "C:\Users\youne\Desktop\AutoMLapp\.venv\Lib\site-packages\sklearn\metrics\_scorer.py", line 350, in _score
    return self._sign * self._score_func(y_true, y_pred, **scoring_kwargs)
                        ^^^^^^^^^^^^^^^^^^^^^^^^^^^^^^^^^^^^^^^^^^^^^^^^^^
  File "C:\Users\youne\Desktop\AutoMLapp\.venv\Lib\site-packages\pycaret\internal\metrics.py", line 144, in __call__
    return self.score_func(y_true, y_pred, **kwargs)
           ^^^^^^^^^^^^^^^^^^^^^^^^^^^^^^^^^^^^^^^^^
  File "C:\Users\youne\Desktop\AutoMLapp\.venv\Lib\site-packages\sklearn\utils\_param_validation.py", line 213, in wrapper
    return func(*args, **kwargs)
           ^^^^^^^^^^^^^^^^^^^^^
  File "C:\Users\youne\Desktop\AutoMLapp\.venv\Lib\site-packages\sklearn\metrics\_ranking.py", line 634, in roc_auc_score
    return _multiclass_roc_auc_score(
           ^^^^^^^^^^^^^^^^^^^^^^^^^^
  File "C:\Users\youne\Desktop\AutoMLapp\.venv\Lib\site-packages\sklearn\metrics\_ranking.py", line 707, in _multiclass_roc_auc_score
    raise ValueError(
ValueError: Target scores need to be probabilities for multiclass roc_auc, i.e. they should sum up to 1.0 over classes

  warnings.warn(

2026-08-25 18:06:51,147:WARNING:C:\Users\youne\Desktop\AutoMLapp\.venv\Lib\site-packages\pycaret\internal\metrics.py:204: FitFailedWarning: Metric 'make_scorer(roc_auc_score, response_method=('decision_function', 'predict_proba'), average=weighted, multi_class=ovr)' failed and error score 0.0 has been returned instead. If this is a custom metric, this usually means that the error is in the metric code. Full exception below:
Traceback (most recent call last):
  File "C:\Users\youne\Desktop\AutoMLapp\.venv\Lib\site-packages\pycaret\internal\metrics.py", line 196, in _score
    return super()._score(
           ^^^^^^^^^^^^^^^
  File "C:\Users\youne\Desktop\AutoMLapp\.venv\Lib\site-packages\sklearn\metrics\_scorer.py", line 350, in _score
    return self._sign * self._score_func(y_true, y_pred, **scoring_kwargs)
                        ^^^^^^^^^^^^^^^^^^^^^^^^^^^^^^^^^^^^^^^^^^^^^^^^^^
  File "C:\Users\youne\Desktop\AutoMLapp\.venv\Lib\site-packages\pycaret\internal\metrics.py", line 144, in __call__
    return self.score_func(y_true, y_pred, **kwargs)
           ^^^^^^^^^^^^^^^^^^^^^^^^^^^^^^^^^^^^^^^^^
  File "C:\Users\youne\Desktop\AutoMLapp\.venv\Lib\site-packages\sklearn\utils\_param_validation.py", line 213, in wrapper
    return func(*args, **kwargs)
           ^^^^^^^^^^^^^^^^^^^^^
  File "C:\Users\youne\Desktop\AutoMLapp\.venv\Lib\site-packages\sklearn\metrics\_ranking.py", line 634, in roc_auc_score
    return _multiclass_roc_auc_score(
           ^^^^^^^^^^^^^^^^^^^^^^^^^^
  File "C:\Users\youne\Desktop\AutoMLapp\.venv\Lib\site-packages\sklearn\metrics\_ranking.py", line 707, in _multiclass_roc_auc_score
    raise ValueError(
ValueError: Target scores need to be probabilities for multiclass roc_auc, i.e. they should sum up to 1.0 over classes

  warnings.warn(

2026-08-25 18:06:51,148:WARNING:C:\Users\youne\Desktop\AutoMLapp\.venv\Lib\site-packages\pycaret\internal\metrics.py:204: FitFailedWarning: Metric 'make_scorer(roc_auc_score, response_method=('decision_function', 'predict_proba'), average=weighted, multi_class=ovr)' failed and error score 0.0 has been returned instead. If this is a custom metric, this usually means that the error is in the metric code. Full exception below:
Traceback (most recent call last):
  File "C:\Users\youne\Desktop\AutoMLapp\.venv\Lib\site-packages\pycaret\internal\metrics.py", line 196, in _score
    return super()._score(
           ^^^^^^^^^^^^^^^
  File "C:\Users\youne\Desktop\AutoMLapp\.venv\Lib\site-packages\sklearn\metrics\_scorer.py", line 350, in _score
    return self._sign * self._score_func(y_true, y_pred, **scoring_kwargs)
                        ^^^^^^^^^^^^^^^^^^^^^^^^^^^^^^^^^^^^^^^^^^^^^^^^^^
  File "C:\Users\youne\Desktop\AutoMLapp\.venv\Lib\site-packages\pycaret\internal\metrics.py", line 144, in __call__
    return self.score_func(y_true, y_pred, **kwargs)
           ^^^^^^^^^^^^^^^^^^^^^^^^^^^^^^^^^^^^^^^^^
  File "C:\Users\youne\Desktop\AutoMLapp\.venv\Lib\site-packages\sklearn\utils\_param_validation.py", line 213, in wrapper
    return func(*args, **kwargs)
           ^^^^^^^^^^^^^^^^^^^^^
  File "C:\Users\youne\Desktop\AutoMLapp\.venv\Lib\site-packages\sklearn\metrics\_ranking.py", line 634, in roc_auc_score
    return _multiclass_roc_auc_score(
           ^^^^^^^^^^^^^^^^^^^^^^^^^^
  File "C:\Users\youne\Desktop\AutoMLapp\.venv\Lib\site-packages\sklearn\metrics\_ranking.py", line 707, in _multiclass_roc_auc_score
    raise ValueError(
ValueError: Target scores need to be probabilities for multiclass roc_auc, i.e. they should sum up to 1.0 over classes

  warnings.warn(

2026-08-25 18:06:51,148:WARNING:C:\Users\youne\Desktop\AutoMLapp\.venv\Lib\site-packages\pycaret\internal\metrics.py:204: FitFailedWarning: Metric 'make_scorer(roc_auc_score, response_method=('decision_function', 'predict_proba'), average=weighted, multi_class=ovr)' failed and error score 0.0 has been returned instead. If this is a custom metric, this usually means that the error is in the metric code. Full exception below:
Traceback (most recent call last):
  File "C:\Users\youne\Desktop\AutoMLapp\.venv\Lib\site-packages\pycaret\internal\metrics.py", line 196, in _score
    return super()._score(
           ^^^^^^^^^^^^^^^
  File "C:\Users\youne\Desktop\AutoMLapp\.venv\Lib\site-packages\sklearn\metrics\_scorer.py", line 350, in _score
    return self._sign * self._score_func(y_true, y_pred, **scoring_kwargs)
                        ^^^^^^^^^^^^^^^^^^^^^^^^^^^^^^^^^^^^^^^^^^^^^^^^^^
  File "C:\Users\youne\Desktop\AutoMLapp\.venv\Lib\site-packages\pycaret\internal\metrics.py", line 144, in __call__
    return self.score_func(y_true, y_pred, **kwargs)
           ^^^^^^^^^^^^^^^^^^^^^^^^^^^^^^^^^^^^^^^^^
  File "C:\Users\youne\Desktop\AutoMLapp\.venv\Lib\site-packages\sklearn\utils\_param_validation.py", line 213, in wrapper
    return func(*args, **kwargs)
           ^^^^^^^^^^^^^^^^^^^^^
  File "C:\Users\youne\Desktop\AutoMLapp\.venv\Lib\site-packages\sklearn\metrics\_ranking.py", line 634, in roc_auc_score
    return _multiclass_roc_auc_score(
           ^^^^^^^^^^^^^^^^^^^^^^^^^^
  File "C:\Users\youne\Desktop\AutoMLapp\.venv\Lib\site-packages\sklearn\metrics\_ranking.py", line 707, in _multiclass_roc_auc_score
    raise ValueError(
ValueError: Target scores need to be probabilities for multiclass roc_auc, i.e. they should sum up to 1.0 over classes

  warnings.warn(

2026-08-25 18:06:51,148:WARNING:C:\Users\youne\Desktop\AutoMLapp\.venv\Lib\site-packages\sklearn\metrics\_classification.py:1561: UserWarning: Note that pos_label (set to 'Virginica') is ignored when average != 'binary' (got 'weighted'). You may use labels=[pos_label] to specify a single positive class.
  warnings.warn(

2026-08-25 18:06:51,148:WARNING:C:\Users\youne\Desktop\AutoMLapp\.venv\Lib\site-packages\sklearn\metrics\_classification.py:1561: UserWarning: Note that pos_label (set to 'Virginica') is ignored when average != 'binary' (got 'weighted'). You may use labels=[pos_label] to specify a single positive class.
  warnings.warn(

2026-08-25 18:06:51,148:WARNING:C:\Users\youne\Desktop\AutoMLapp\.venv\Lib\site-packages\pycaret\internal\metrics.py:204: FitFailedWarning: Metric 'make_scorer(roc_auc_score, response_method=('decision_function', 'predict_proba'), average=weighted, multi_class=ovr)' failed and error score 0.0 has been returned instead. If this is a custom metric, this usually means that the error is in the metric code. Full exception below:
Traceback (most recent call last):
  File "C:\Users\youne\Desktop\AutoMLapp\.venv\Lib\site-packages\pycaret\internal\metrics.py", line 196, in _score
    return super()._score(
           ^^^^^^^^^^^^^^^
  File "C:\Users\youne\Desktop\AutoMLapp\.venv\Lib\site-packages\sklearn\metrics\_scorer.py", line 350, in _score
    return self._sign * self._score_func(y_true, y_pred, **scoring_kwargs)
                        ^^^^^^^^^^^^^^^^^^^^^^^^^^^^^^^^^^^^^^^^^^^^^^^^^^
  File "C:\Users\youne\Desktop\AutoMLapp\.venv\Lib\site-packages\pycaret\internal\metrics.py", line 144, in __call__
    return self.score_func(y_true, y_pred, **kwargs)
           ^^^^^^^^^^^^^^^^^^^^^^^^^^^^^^^^^^^^^^^^^
  File "C:\Users\youne\Desktop\AutoMLapp\.venv\Lib\site-packages\sklearn\utils\_param_validation.py", line 213, in wrapper
    return func(*args, **kwargs)
           ^^^^^^^^^^^^^^^^^^^^^
  File "C:\Users\youne\Desktop\AutoMLapp\.venv\Lib\site-packages\sklearn\metrics\_ranking.py", line 634, in roc_auc_score
    return _multiclass_roc_auc_score(
           ^^^^^^^^^^^^^^^^^^^^^^^^^^
  File "C:\Users\youne\Desktop\AutoMLapp\.venv\Lib\site-packages\sklearn\metrics\_ranking.py", line 707, in _multiclass_roc_auc_score
    raise ValueError(
ValueError: Target scores need to be probabilities for multiclass roc_auc, i.e. they should sum up to 1.0 over classes

  warnings.warn(

2026-08-25 18:06:51,148:WARNING:C:\Users\youne\Desktop\AutoMLapp\.venv\Lib\site-packages\pycaret\internal\metrics.py:204: FitFailedWarning: Metric 'make_scorer(roc_auc_score, response_method=('decision_function', 'predict_proba'), average=weighted, multi_class=ovr)' failed and error score 0.0 has been returned instead. If this is a custom metric, this usually means that the error is in the metric code. Full exception below:
Traceback (most recent call last):
  File "C:\Users\youne\Desktop\AutoMLapp\.venv\Lib\site-packages\pycaret\internal\metrics.py", line 196, in _score
    return super()._score(
           ^^^^^^^^^^^^^^^
  File "C:\Users\youne\Desktop\AutoMLapp\.venv\Lib\site-packages\sklearn\metrics\_scorer.py", line 350, in _score
    return self._sign * self._score_func(y_true, y_pred, **scoring_kwargs)
                        ^^^^^^^^^^^^^^^^^^^^^^^^^^^^^^^^^^^^^^^^^^^^^^^^^^
  File "C:\Users\youne\Desktop\AutoMLapp\.venv\Lib\site-packages\pycaret\internal\metrics.py", line 144, in __call__
    return self.score_func(y_true, y_pred, **kwargs)
           ^^^^^^^^^^^^^^^^^^^^^^^^^^^^^^^^^^^^^^^^^
  File "C:\Users\youne\Desktop\AutoMLapp\.venv\Lib\site-packages\sklearn\utils\_param_validation.py", line 213, in wrapper
    return func(*args, **kwargs)
           ^^^^^^^^^^^^^^^^^^^^^
  File "C:\Users\youne\Desktop\AutoMLapp\.venv\Lib\site-packages\sklearn\metrics\_ranking.py", line 634, in roc_auc_score
    return _multiclass_roc_auc_score(
           ^^^^^^^^^^^^^^^^^^^^^^^^^^
  File "C:\Users\youne\Desktop\AutoMLapp\.venv\Lib\site-packages\sklearn\metrics\_ranking.py", line 707, in _multiclass_roc_auc_score
    raise ValueError(
ValueError: Target scores need to be probabilities for multiclass roc_auc, i.e. they should sum up to 1.0 over classes

  warnings.warn(

2026-08-25 18:06:51,148:WARNING:C:\Users\youne\Desktop\AutoMLapp\.venv\Lib\site-packages\sklearn\metrics\_classification.py:1561: UserWarning: Note that pos_label (set to 'Virginica') is ignored when average != 'binary' (got 'weighted'). You may use labels=[pos_label] to specify a single positive class.
  warnings.warn(

2026-08-25 18:06:51,149:WARNING:C:\Users\youne\Desktop\AutoMLapp\.venv\Lib\site-packages\pycaret\internal\metrics.py:204: FitFailedWarning: Metric 'make_scorer(roc_auc_score, response_method=('decision_function', 'predict_proba'), average=weighted, multi_class=ovr)' failed and error score 0.0 has been returned instead. If this is a custom metric, this usually means that the error is in the metric code. Full exception below:
Traceback (most recent call last):
  File "C:\Users\youne\Desktop\AutoMLapp\.venv\Lib\site-packages\pycaret\internal\metrics.py", line 196, in _score
    return super()._score(
           ^^^^^^^^^^^^^^^
  File "C:\Users\youne\Desktop\AutoMLapp\.venv\Lib\site-packages\sklearn\metrics\_scorer.py", line 350, in _score
    return self._sign * self._score_func(y_true, y_pred, **scoring_kwargs)
                        ^^^^^^^^^^^^^^^^^^^^^^^^^^^^^^^^^^^^^^^^^^^^^^^^^^
  File "C:\Users\youne\Desktop\AutoMLapp\.venv\Lib\site-packages\pycaret\internal\metrics.py", line 144, in __call__
    return self.score_func(y_true, y_pred, **kwargs)
           ^^^^^^^^^^^^^^^^^^^^^^^^^^^^^^^^^^^^^^^^^
  File "C:\Users\youne\Desktop\AutoMLapp\.venv\Lib\site-packages\sklearn\utils\_param_validation.py", line 213, in wrapper
    return func(*args, **kwargs)
           ^^^^^^^^^^^^^^^^^^^^^
  File "C:\Users\youne\Desktop\AutoMLapp\.venv\Lib\site-packages\sklearn\metrics\_ranking.py", line 634, in roc_auc_score
    return _multiclass_roc_auc_score(
           ^^^^^^^^^^^^^^^^^^^^^^^^^^
  File "C:\Users\youne\Desktop\AutoMLapp\.venv\Lib\site-packages\sklearn\metrics\_ranking.py", line 707, in _multiclass_roc_auc_score
    raise ValueError(
ValueError: Target scores need to be probabilities for multiclass roc_auc, i.e. they should sum up to 1.0 over classes

  warnings.warn(

2026-08-25 18:06:51,149:WARNING:C:\Users\youne\Desktop\AutoMLapp\.venv\Lib\site-packages\sklearn\metrics\_classification.py:1561: UserWarning: Note that pos_label (set to 'Virginica') is ignored when average != 'binary' (got 'weighted'). You may use labels=[pos_label] to specify a single positive class.
  warnings.warn(

2026-08-25 18:06:51,149:WARNING:C:\Users\youne\Desktop\AutoMLapp\.venv\Lib\site-packages\pycaret\internal\metrics.py:204: FitFailedWarning: Metric 'make_scorer(roc_auc_score, response_method=('decision_function', 'predict_proba'), average=weighted, multi_class=ovr)' failed and error score 0.0 has been returned instead. If this is a custom metric, this usually means that the error is in the metric code. Full exception below:
Traceback (most recent call last):
  File "C:\Users\youne\Desktop\AutoMLapp\.venv\Lib\site-packages\pycaret\internal\metrics.py", line 196, in _score
    return super()._score(
           ^^^^^^^^^^^^^^^
  File "C:\Users\youne\Desktop\AutoMLapp\.venv\Lib\site-packages\sklearn\metrics\_scorer.py", line 350, in _score
    return self._sign * self._score_func(y_true, y_pred, **scoring_kwargs)
                        ^^^^^^^^^^^^^^^^^^^^^^^^^^^^^^^^^^^^^^^^^^^^^^^^^^
  File "C:\Users\youne\Desktop\AutoMLapp\.venv\Lib\site-packages\pycaret\internal\metrics.py", line 144, in __call__
    return self.score_func(y_true, y_pred, **kwargs)
           ^^^^^^^^^^^^^^^^^^^^^^^^^^^^^^^^^^^^^^^^^
  File "C:\Users\youne\Desktop\AutoMLapp\.venv\Lib\site-packages\sklearn\utils\_param_validation.py", line 213, in wrapper
    return func(*args, **kwargs)
           ^^^^^^^^^^^^^^^^^^^^^
  File "C:\Users\youne\Desktop\AutoMLapp\.venv\Lib\site-packages\sklearn\metrics\_ranking.py", line 634, in roc_auc_score
    return _multiclass_roc_auc_score(
           ^^^^^^^^^^^^^^^^^^^^^^^^^^
  File "C:\Users\youne\Desktop\AutoMLapp\.venv\Lib\site-packages\sklearn\metrics\_ranking.py", line 707, in _multiclass_roc_auc_score
    raise ValueError(
ValueError: Target scores need to be probabilities for multiclass roc_auc, i.e. they should sum up to 1.0 over classes

  warnings.warn(

2026-08-25 18:06:51,149:WARNING:C:\Users\youne\Desktop\AutoMLapp\.venv\Lib\site-packages\sklearn\metrics\_classification.py:1561: UserWarning: Note that pos_label (set to 'Virginica') is ignored when average != 'binary' (got 'weighted'). You may use labels=[pos_label] to specify a single positive class.
  warnings.warn(

2026-08-25 18:06:51,149:WARNING:C:\Users\youne\Desktop\AutoMLapp\.venv\Lib\site-packages\sklearn\metrics\_classification.py:1561: UserWarning: Note that pos_label (set to 'Virginica') is ignored when average != 'binary' (got 'weighted'). You may use labels=[pos_label] to specify a single positive class.
  warnings.warn(

2026-08-25 18:06:51,150:WARNING:C:\Users\youne\Desktop\AutoMLapp\.venv\Lib\site-packages\sklearn\metrics\_classification.py:1561: UserWarning: Note that pos_label (set to 'Virginica') is ignored when average != 'binary' (got 'weighted'). You may use labels=[pos_label] to specify a single positive class.
  warnings.warn(

2026-08-25 18:06:51,151:WARNING:C:\Users\youne\Desktop\AutoMLapp\.venv\Lib\site-packages\sklearn\metrics\_classification.py:1561: UserWarning: Note that pos_label (set to 'Virginica') is ignored when average != 'binary' (got 'weighted'). You may use labels=[pos_label] to specify a single positive class.
  warnings.warn(

2026-08-25 18:06:51,151:WARNING:C:\Users\youne\Desktop\AutoMLapp\.venv\Lib\site-packages\sklearn\metrics\_classification.py:1561: UserWarning: Note that pos_label (set to 'Virginica') is ignored when average != 'binary' (got 'weighted'). You may use labels=[pos_label] to specify a single positive class.
  warnings.warn(

2026-08-25 18:06:51,151:WARNING:C:\Users\youne\Desktop\AutoMLapp\.venv\Lib\site-packages\sklearn\metrics\_classification.py:1561: UserWarning: Note that pos_label (set to 'Virginica') is ignored when average != 'binary' (got 'weighted'). You may use labels=[pos_label] to specify a single positive class.
  warnings.warn(

2026-08-25 18:06:51,151:WARNING:C:\Users\youne\Desktop\AutoMLapp\.venv\Lib\site-packages\sklearn\metrics\_classification.py:1561: UserWarning: Note that pos_label (set to 'Virginica') is ignored when average != 'binary' (got 'weighted'). You may use labels=[pos_label] to specify a single positive class.
  warnings.warn(

2026-08-25 18:06:51,151:WARNING:C:\Users\youne\Desktop\AutoMLapp\.venv\Lib\site-packages\sklearn\metrics\_classification.py:1561: UserWarning: Note that pos_label (set to 'Virginica') is ignored when average != 'binary' (got 'weighted'). You may use labels=[pos_label] to specify a single positive class.
  warnings.warn(

2026-08-25 18:06:51,152:WARNING:C:\Users\youne\Desktop\AutoMLapp\.venv\Lib\site-packages\sklearn\metrics\_classification.py:1561: UserWarning: Note that pos_label (set to 'Virginica') is ignored when average != 'binary' (got 'weighted'). You may use labels=[pos_label] to specify a single positive class.
  warnings.warn(

2026-08-25 18:06:51,152:WARNING:C:\Users\youne\Desktop\AutoMLapp\.venv\Lib\site-packages\sklearn\metrics\_classification.py:1561: UserWarning: Note that pos_label (set to 'Virginica') is ignored when average != 'binary' (got 'weighted'). You may use labels=[pos_label] to specify a single positive class.
  warnings.warn(

2026-08-25 18:06:51,152:WARNING:C:\Users\youne\Desktop\AutoMLapp\.venv\Lib\site-packages\sklearn\metrics\_classification.py:1561: UserWarning: Note that pos_label (set to 'Virginica') is ignored when average != 'binary' (got 'weighted'). You may use labels=[pos_label] to specify a single positive class.
  warnings.warn(

2026-08-25 18:06:51,153:WARNING:C:\Users\youne\Desktop\AutoMLapp\.venv\Lib\site-packages\sklearn\metrics\_classification.py:1561: UserWarning: Note that pos_label (set to 'Virginica') is ignored when average != 'binary' (got 'weighted'). You may use labels=[pos_label] to specify a single positive class.
  warnings.warn(

2026-08-25 18:06:51,153:WARNING:C:\Users\youne\Desktop\AutoMLapp\.venv\Lib\site-packages\sklearn\metrics\_classification.py:1561: UserWarning: Note that pos_label (set to 'Virginica') is ignored when average != 'binary' (got 'weighted'). You may use labels=[pos_label] to specify a single positive class.
  warnings.warn(

2026-08-25 18:06:51,153:WARNING:C:\Users\youne\Desktop\AutoMLapp\.venv\Lib\site-packages\sklearn\metrics\_classification.py:1561: UserWarning: Note that pos_label (set to 'Virginica') is ignored when average != 'binary' (got 'weighted'). You may use labels=[pos_label] to specify a single positive class.
  warnings.warn(

2026-08-25 18:06:51,153:WARNING:C:\Users\youne\Desktop\AutoMLapp\.venv\Lib\site-packages\sklearn\metrics\_classification.py:1561: UserWarning: Note that pos_label (set to 'Virginica') is ignored when average != 'binary' (got 'weighted'). You may use labels=[pos_label] to specify a single positive class.
  warnings.warn(

2026-08-25 18:06:51,154:WARNING:C:\Users\youne\Desktop\AutoMLapp\.venv\Lib\site-packages\sklearn\metrics\_classification.py:1561: UserWarning: Note that pos_label (set to 'Virginica') is ignored when average != 'binary' (got 'weighted'). You may use labels=[pos_label] to specify a single positive class.
  warnings.warn(

2026-08-25 18:06:51,154:WARNING:C:\Users\youne\Desktop\AutoMLapp\.venv\Lib\site-packages\sklearn\metrics\_classification.py:1561: UserWarning: Note that pos_label (set to 'Virginica') is ignored when average != 'binary' (got 'weighted'). You may use labels=[pos_label] to specify a single positive class.
  warnings.warn(

2026-08-25 18:06:51,155:WARNING:C:\Users\youne\Desktop\AutoMLapp\.venv\Lib\site-packages\sklearn\metrics\_classification.py:1561: UserWarning: Note that pos_label (set to 'Virginica') is ignored when average != 'binary' (got 'weighted'). You may use labels=[pos_label] to specify a single positive class.
  warnings.warn(

2026-08-25 18:06:51,155:WARNING:C:\Users\youne\Desktop\AutoMLapp\.venv\Lib\site-packages\sklearn\metrics\_classification.py:1561: UserWarning: Note that pos_label (set to 'Virginica') is ignored when average != 'binary' (got 'weighted'). You may use labels=[pos_label] to specify a single positive class.
  warnings.warn(

2026-08-25 18:06:51,155:WARNING:C:\Users\youne\Desktop\AutoMLapp\.venv\Lib\site-packages\sklearn\metrics\_classification.py:1561: UserWarning: Note that pos_label (set to 'Virginica') is ignored when average != 'binary' (got 'weighted'). You may use labels=[pos_label] to specify a single positive class.
  warnings.warn(

2026-08-25 18:06:51,155:WARNING:C:\Users\youne\Desktop\AutoMLapp\.venv\Lib\site-packages\sklearn\metrics\_classification.py:1561: UserWarning: Note that pos_label (set to 'Virginica') is ignored when average != 'binary' (got 'weighted'). You may use labels=[pos_label] to specify a single positive class.
  warnings.warn(

2026-08-25 18:06:51,155:WARNING:C:\Users\youne\Desktop\AutoMLapp\.venv\Lib\site-packages\sklearn\metrics\_classification.py:1561: UserWarning: Note that pos_label (set to 'Virginica') is ignored when average != 'binary' (got 'weighted'). You may use labels=[pos_label] to specify a single positive class.
  warnings.warn(

2026-08-25 18:06:51,155:WARNING:C:\Users\youne\Desktop\AutoMLapp\.venv\Lib\site-packages\sklearn\metrics\_classification.py:1561: UserWarning: Note that pos_label (set to 'Virginica') is ignored when average != 'binary' (got 'weighted'). You may use labels=[pos_label] to specify a single positive class.
  warnings.warn(

2026-08-25 18:06:51,171:INFO:Calculating mean and std
2026-08-25 18:06:51,171:INFO:Creating metrics dataframe
2026-08-25 18:06:51,173:INFO:Uploading results into container
2026-08-25 18:06:51,173:INFO:Uploading model into container now
2026-08-25 18:06:51,174:INFO:_master_model_container: 11
2026-08-25 18:06:51,174:INFO:_display_container: 2
2026-08-25 18:06:51,175:INFO:LinearDiscriminantAnalysis(covariance_estimator=None, n_components=None,
                           priors=None, shrinkage=None, solver='svd',
                           store_covariance=False, tol=0.0001)
2026-08-25 18:06:51,175:INFO:create_model() successfully completed......................................
2026-08-25 18:06:51,320:INFO:SubProcess create_model() end ==================================
2026-08-25 18:06:51,320:INFO:Creating metrics dataframe
2026-08-25 18:06:51,323:INFO:Initializing Extra Trees Classifier
2026-08-25 18:06:51,323:INFO:Total runtime is 0.047637653350830075 minutes
2026-08-25 18:06:51,323:INFO:SubProcess create_model() called ==================================
2026-08-25 18:06:51,323:INFO:Initializing create_model()
2026-08-25 18:06:51,323:INFO:create_model(self=<pycaret.classification.oop.ClassificationExperiment object at 0x0000022123C69050>, estimator=et, fold=StratifiedKFold(n_splits=10, random_state=None, shuffle=False), round=4, cross_validation=True, predict=True, fit_kwargs={}, groups=None, refit=False, probability_threshold=None, experiment_custom_tags=None, verbose=False, system=False, add_to_model_list=True, metrics=None, display=<pycaret.internal.display.display.CommonDisplay object at 0x000002212689B3D0>, model_only=True, return_train_score=False, error_score=0.0, kwargs={})
2026-08-25 18:06:51,323:INFO:Checking exceptions
2026-08-25 18:06:51,323:INFO:Importing libraries
2026-08-25 18:06:51,323:INFO:Copying training dataset
2026-08-25 18:06:51,327:INFO:Defining folds
2026-08-25 18:06:51,327:INFO:Declaring metric variables
2026-08-25 18:06:51,327:INFO:Importing untrained model
2026-08-25 18:06:51,327:INFO:Extra Trees Classifier Imported successfully
2026-08-25 18:06:51,327:INFO:Starting cross validation
2026-08-25 18:06:51,327:INFO:Cross validating with StratifiedKFold(n_splits=10, random_state=None, shuffle=False), n_jobs=-1
2026-08-25 18:06:51,542:WARNING:C:\Users\youne\Desktop\AutoMLapp\.venv\Lib\site-packages\sklearn\metrics\_classification.py:1561: UserWarning: Note that pos_label (set to 'Virginica') is ignored when average != 'binary' (got 'weighted'). You may use labels=[pos_label] to specify a single positive class.
  warnings.warn(

2026-08-25 18:06:51,542:WARNING:C:\Users\youne\Desktop\AutoMLapp\.venv\Lib\site-packages\sklearn\metrics\_classification.py:1561: UserWarning: Note that pos_label (set to 'Virginica') is ignored when average != 'binary' (got 'weighted'). You may use labels=[pos_label] to specify a single positive class.
  warnings.warn(

2026-08-25 18:06:51,544:WARNING:C:\Users\youne\Desktop\AutoMLapp\.venv\Lib\site-packages\sklearn\metrics\_classification.py:1561: UserWarning: Note that pos_label (set to 'Virginica') is ignored when average != 'binary' (got 'weighted'). You may use labels=[pos_label] to specify a single positive class.
  warnings.warn(

2026-08-25 18:06:51,546:WARNING:C:\Users\youne\Desktop\AutoMLapp\.venv\Lib\site-packages\sklearn\metrics\_classification.py:1561: UserWarning: Note that pos_label (set to 'Virginica') is ignored when average != 'binary' (got 'weighted'). You may use labels=[pos_label] to specify a single positive class.
  warnings.warn(

2026-08-25 18:06:51,546:WARNING:C:\Users\youne\Desktop\AutoMLapp\.venv\Lib\site-packages\sklearn\metrics\_classification.py:1561: UserWarning: Note that pos_label (set to 'Virginica') is ignored when average != 'binary' (got 'weighted'). You may use labels=[pos_label] to specify a single positive class.
  warnings.warn(

2026-08-25 18:06:51,547:WARNING:C:\Users\youne\Desktop\AutoMLapp\.venv\Lib\site-packages\sklearn\metrics\_classification.py:1561: UserWarning: Note that pos_label (set to 'Virginica') is ignored when average != 'binary' (got 'weighted'). You may use labels=[pos_label] to specify a single positive class.
  warnings.warn(

2026-08-25 18:06:51,548:WARNING:C:\Users\youne\Desktop\AutoMLapp\.venv\Lib\site-packages\sklearn\metrics\_classification.py:1561: UserWarning: Note that pos_label (set to 'Virginica') is ignored when average != 'binary' (got 'weighted'). You may use labels=[pos_label] to specify a single positive class.
  warnings.warn(

2026-08-25 18:06:51,549:WARNING:C:\Users\youne\Desktop\AutoMLapp\.venv\Lib\site-packages\sklearn\metrics\_classification.py:1561: UserWarning: Note that pos_label (set to 'Virginica') is ignored when average != 'binary' (got 'weighted'). You may use labels=[pos_label] to specify a single positive class.
  warnings.warn(

2026-08-25 18:06:51,550:WARNING:C:\Users\youne\Desktop\AutoMLapp\.venv\Lib\site-packages\sklearn\metrics\_classification.py:1561: UserWarning: Note that pos_label (set to 'Virginica') is ignored when average != 'binary' (got 'weighted'). You may use labels=[pos_label] to specify a single positive class.
  warnings.warn(

2026-08-25 18:06:51,550:WARNING:C:\Users\youne\Desktop\AutoMLapp\.venv\Lib\site-packages\sklearn\metrics\_classification.py:1561: UserWarning: Note that pos_label (set to 'Virginica') is ignored when average != 'binary' (got 'weighted'). You may use labels=[pos_label] to specify a single positive class.
  warnings.warn(

2026-08-25 18:06:51,551:WARNING:C:\Users\youne\Desktop\AutoMLapp\.venv\Lib\site-packages\sklearn\metrics\_classification.py:1561: UserWarning: Note that pos_label (set to 'Virginica') is ignored when average != 'binary' (got 'weighted'). You may use labels=[pos_label] to specify a single positive class.
  warnings.warn(

2026-08-25 18:06:51,552:WARNING:C:\Users\youne\Desktop\AutoMLapp\.venv\Lib\site-packages\sklearn\metrics\_classification.py:1561: UserWarning: Note that pos_label (set to 'Virginica') is ignored when average != 'binary' (got 'weighted'). You may use labels=[pos_label] to specify a single positive class.
  warnings.warn(

2026-08-25 18:06:51,553:WARNING:C:\Users\youne\Desktop\AutoMLapp\.venv\Lib\site-packages\sklearn\metrics\_classification.py:1561: UserWarning: Note that pos_label (set to 'Virginica') is ignored when average != 'binary' (got 'weighted'). You may use labels=[pos_label] to specify a single positive class.
  warnings.warn(

2026-08-25 18:06:51,555:WARNING:C:\Users\youne\Desktop\AutoMLapp\.venv\Lib\site-packages\sklearn\metrics\_classification.py:1561: UserWarning: Note that pos_label (set to 'Virginica') is ignored when average != 'binary' (got 'weighted'). You may use labels=[pos_label] to specify a single positive class.
  warnings.warn(

2026-08-25 18:06:51,555:WARNING:C:\Users\youne\Desktop\AutoMLapp\.venv\Lib\site-packages\sklearn\metrics\_classification.py:1561: UserWarning: Note that pos_label (set to 'Virginica') is ignored when average != 'binary' (got 'weighted'). You may use labels=[pos_label] to specify a single positive class.
  warnings.warn(

2026-08-25 18:06:51,555:WARNING:C:\Users\youne\Desktop\AutoMLapp\.venv\Lib\site-packages\sklearn\metrics\_classification.py:1561: UserWarning: Note that pos_label (set to 'Virginica') is ignored when average != 'binary' (got 'weighted'). You may use labels=[pos_label] to specify a single positive class.
  warnings.warn(

2026-08-25 18:06:51,557:WARNING:C:\Users\youne\Desktop\AutoMLapp\.venv\Lib\site-packages\sklearn\metrics\_classification.py:1561: UserWarning: Note that pos_label (set to 'Virginica') is ignored when average != 'binary' (got 'weighted'). You may use labels=[pos_label] to specify a single positive class.
  warnings.warn(

2026-08-25 18:06:51,557:WARNING:C:\Users\youne\Desktop\AutoMLapp\.venv\Lib\site-packages\sklearn\metrics\_classification.py:1561: UserWarning: Note that pos_label (set to 'Virginica') is ignored when average != 'binary' (got 'weighted'). You may use labels=[pos_label] to specify a single positive class.
  warnings.warn(

2026-08-25 18:06:51,557:WARNING:C:\Users\youne\Desktop\AutoMLapp\.venv\Lib\site-packages\sklearn\metrics\_classification.py:1561: UserWarning: Note that pos_label (set to 'Virginica') is ignored when average != 'binary' (got 'weighted'). You may use labels=[pos_label] to specify a single positive class.
  warnings.warn(

2026-08-25 18:06:51,559:WARNING:C:\Users\youne\Desktop\AutoMLapp\.venv\Lib\site-packages\sklearn\metrics\_classification.py:1561: UserWarning: Note that pos_label (set to 'Virginica') is ignored when average != 'binary' (got 'weighted'). You may use labels=[pos_label] to specify a single positive class.
  warnings.warn(

2026-08-25 18:06:51,559:WARNING:C:\Users\youne\Desktop\AutoMLapp\.venv\Lib\site-packages\sklearn\metrics\_classification.py:1561: UserWarning: Note that pos_label (set to 'Virginica') is ignored when average != 'binary' (got 'weighted'). You may use labels=[pos_label] to specify a single positive class.
  warnings.warn(

2026-08-25 18:06:51,560:WARNING:C:\Users\youne\Desktop\AutoMLapp\.venv\Lib\site-packages\sklearn\metrics\_classification.py:1561: UserWarning: Note that pos_label (set to 'Virginica') is ignored when average != 'binary' (got 'weighted'). You may use labels=[pos_label] to specify a single positive class.
  warnings.warn(

2026-08-25 18:06:51,560:WARNING:C:\Users\youne\Desktop\AutoMLapp\.venv\Lib\site-packages\sklearn\metrics\_classification.py:1561: UserWarning: Note that pos_label (set to 'Virginica') is ignored when average != 'binary' (got 'weighted'). You may use labels=[pos_label] to specify a single positive class.
  warnings.warn(

2026-08-25 18:06:51,562:WARNING:C:\Users\youne\Desktop\AutoMLapp\.venv\Lib\site-packages\sklearn\metrics\_classification.py:1561: UserWarning: Note that pos_label (set to 'Virginica') is ignored when average != 'binary' (got 'weighted'). You may use labels=[pos_label] to specify a single positive class.
  warnings.warn(

2026-08-25 18:06:51,564:WARNING:C:\Users\youne\Desktop\AutoMLapp\.venv\Lib\site-packages\sklearn\metrics\_classification.py:1561: UserWarning: Note that pos_label (set to 'Virginica') is ignored when average != 'binary' (got 'weighted'). You may use labels=[pos_label] to specify a single positive class.
  warnings.warn(

2026-08-25 18:06:51,564:WARNING:C:\Users\youne\Desktop\AutoMLapp\.venv\Lib\site-packages\sklearn\metrics\_classification.py:1561: UserWarning: Note that pos_label (set to 'Virginica') is ignored when average != 'binary' (got 'weighted'). You may use labels=[pos_label] to specify a single positive class.
  warnings.warn(

2026-08-25 18:06:51,566:WARNING:C:\Users\youne\Desktop\AutoMLapp\.venv\Lib\site-packages\sklearn\metrics\_classification.py:1561: UserWarning: Note that pos_label (set to 'Virginica') is ignored when average != 'binary' (got 'weighted'). You may use labels=[pos_label] to specify a single positive class.
  warnings.warn(

2026-08-25 18:06:51,578:WARNING:C:\Users\youne\Desktop\AutoMLapp\.venv\Lib\site-packages\sklearn\metrics\_classification.py:1561: UserWarning: Note that pos_label (set to 'Virginica') is ignored when average != 'binary' (got 'weighted'). You may use labels=[pos_label] to specify a single positive class.
  warnings.warn(

2026-08-25 18:06:51,582:WARNING:C:\Users\youne\Desktop\AutoMLapp\.venv\Lib\site-packages\sklearn\metrics\_classification.py:1561: UserWarning: Note that pos_label (set to 'Virginica') is ignored when average != 'binary' (got 'weighted'). You may use labels=[pos_label] to specify a single positive class.
  warnings.warn(

2026-08-25 18:06:51,585:WARNING:C:\Users\youne\Desktop\AutoMLapp\.venv\Lib\site-packages\sklearn\metrics\_classification.py:1561: UserWarning: Note that pos_label (set to 'Virginica') is ignored when average != 'binary' (got 'weighted'). You may use labels=[pos_label] to specify a single positive class.
  warnings.warn(

2026-08-25 18:06:51,593:INFO:Calculating mean and std
2026-08-25 18:06:51,593:INFO:Creating metrics dataframe
2026-08-25 18:06:51,595:INFO:Uploading results into container
2026-08-25 18:06:51,596:INFO:Uploading model into container now
2026-08-25 18:06:51,596:INFO:_master_model_container: 12
2026-08-25 18:06:51,596:INFO:_display_container: 2
2026-08-25 18:06:51,597:INFO:ExtraTreesClassifier(bootstrap=False, ccp_alpha=0.0, class_weight=None,
                     criterion='gini', max_depth=None, max_features='sqrt',
                     max_leaf_nodes=None, max_samples=None,
                     min_impurity_decrease=0.0, min_samples_leaf=1,
                     min_samples_split=2, min_weight_fraction_leaf=0.0,
                     monotonic_cst=None, n_estimators=100, n_jobs=-1,
                     oob_score=False, random_state=42, verbose=0,
                     warm_start=False)
2026-08-25 18:06:51,597:INFO:create_model() successfully completed......................................
2026-08-25 18:06:51,743:INFO:SubProcess create_model() end ==================================
2026-08-25 18:06:51,743:INFO:Creating metrics dataframe
2026-08-25 18:06:51,746:INFO:Initializing Light Gradient Boosting Machine
2026-08-25 18:06:51,746:INFO:Total runtime is 0.05469908714294433 minutes
2026-08-25 18:06:51,746:INFO:SubProcess create_model() called ==================================
2026-08-25 18:06:51,746:INFO:Initializing create_model()
2026-08-25 18:06:51,746:INFO:create_model(self=<pycaret.classification.oop.ClassificationExperiment object at 0x0000022123C69050>, estimator=lightgbm, fold=StratifiedKFold(n_splits=10, random_state=None, shuffle=False), round=4, cross_validation=True, predict=True, fit_kwargs={}, groups=None, refit=False, probability_threshold=None, experiment_custom_tags=None, verbose=False, system=False, add_to_model_list=True, metrics=None, display=<pycaret.internal.display.display.CommonDisplay object at 0x000002212689B3D0>, model_only=True, return_train_score=False, error_score=0.0, kwargs={})
2026-08-25 18:06:51,746:INFO:Checking exceptions
2026-08-25 18:06:51,746:INFO:Importing libraries
2026-08-25 18:06:51,746:INFO:Copying training dataset
2026-08-25 18:06:51,750:INFO:Defining folds
2026-08-25 18:06:51,750:INFO:Declaring metric variables
2026-08-25 18:06:51,750:INFO:Importing untrained model
2026-08-25 18:06:51,751:INFO:Light Gradient Boosting Machine Imported successfully
2026-08-25 18:06:51,751:INFO:Starting cross validation
2026-08-25 18:06:51,751:INFO:Cross validating with StratifiedKFold(n_splits=10, random_state=None, shuffle=False), n_jobs=-1
2026-08-25 18:06:51,799:WARNING:create_model() for lightgbm raised an exception or returned all 0.0, trying without fit_kwargs:
2026-08-25 18:06:51,800:WARNING:Traceback (most recent call last):
  File "C:\Users\youne\Desktop\AutoMLapp\.venv\Lib\site-packages\pycaret\internal\pycaret_experiment\supervised_experiment.py", line 794, in compare_models
    model, model_fit_time = self._create_model(**create_model_args)
                            ^^^^^^^^^^^^^^^^^^^^^^^^^^^^^^^^^^^^^^^
  File "C:\Users\youne\Desktop\AutoMLapp\.venv\Lib\site-packages\pycaret\internal\pycaret_experiment\supervised_experiment.py", line 1533, in _create_model
    model, model_fit_time, model_results, _ = self._create_model_with_cv(
                                              ^^^^^^^^^^^^^^^^^^^^^^^^^^^
  File "C:\Users\youne\Desktop\AutoMLapp\.venv\Lib\site-packages\pycaret\internal\pycaret_experiment\supervised_experiment.py", line 1126, in _create_model_with_cv
    scores = cross_validate(
             ^^^^^^^^^^^^^^^
  File "C:\Users\youne\Desktop\AutoMLapp\.venv\Lib\site-packages\sklearn\utils\_param_validation.py", line 213, in wrapper
    return func(*args, **kwargs)
           ^^^^^^^^^^^^^^^^^^^^^
  File "C:\Users\youne\Desktop\AutoMLapp\.venv\Lib\site-packages\sklearn\model_selection\_validation.py", line 450, in cross_validate
    _warn_or_raise_about_fit_failures(results, error_score)
  File "C:\Users\youne\Desktop\AutoMLapp\.venv\Lib\site-packages\sklearn\model_selection\_validation.py", line 536, in _warn_or_raise_about_fit_failures
    raise ValueError(all_fits_failed_message)
ValueError: 
All the 10 fits failed.
It is very likely that your model is misconfigured.
You can try to debug the error by setting error_score='raise'.

Below are more details about the failures:
--------------------------------------------------------------------------------
10 fits failed with the following error:
Traceback (most recent call last):
  File "C:\Users\youne\Desktop\AutoMLapp\.venv\Lib\site-packages\sklearn\model_selection\_validation.py", line 895, in _fit_and_score
    estimator.fit(X_train, y_train, **fit_params)
  File "C:\Users\youne\Desktop\AutoMLapp\.venv\Lib\site-packages\pycaret\internal\pipeline.py", line 278, in fit
    fitted_estimator = self._memory_fit(
                       ^^^^^^^^^^^^^^^^^
  File "C:\Users\youne\Desktop\AutoMLapp\.venv\Lib\site-packages\joblib\memory.py", line 353, in __call__
    return self.func(*args, **kwargs)
           ^^^^^^^^^^^^^^^^^^^^^^^^^^
  File "C:\Users\youne\Desktop\AutoMLapp\.venv\Lib\site-packages\pycaret\internal\pipeline.py", line 69, in _fit_one
    transformer.fit(*args)
  File "C:\Users\youne\Desktop\AutoMLapp\.venv\Lib\site-packages\lightgbm\sklearn.py", line 1704, in fit
    super().fit(
  File "C:\Users\youne\Desktop\AutoMLapp\.venv\Lib\site-packages\lightgbm\sklearn.py", line 1171, in fit
    self._Booster = train(
                    ^^^^^^
  File "C:\Users\youne\Desktop\AutoMLapp\.venv\Lib\site-packages\lightgbm\engine.py", line 296, in train
    booster = Booster(params=params, train_set=train_set)
              ^^^^^^^^^^^^^^^^^^^^^^^^^^^^^^^^^^^^^^^^^^^
  File "C:\Users\youne\Desktop\AutoMLapp\.venv\Lib\site-packages\lightgbm\basic.py", line 3758, in __init__
    train_set.construct()
  File "C:\Users\youne\Desktop\AutoMLapp\.venv\Lib\site-packages\lightgbm\basic.py", line 2574, in construct
    self._lazy_init(
  File "C:\Users\youne\Desktop\AutoMLapp\.venv\Lib\site-packages\lightgbm\basic.py", line 2189, in _lazy_init
    self.set_label(label)
  File "C:\Users\youne\Desktop\AutoMLapp\.venv\Lib\site-packages\lightgbm\basic.py", line 3097, in set_label
    self.set_field("label", label_array)
  File "C:\Users\youne\Desktop\AutoMLapp\.venv\Lib\site-packages\lightgbm\basic.py", line 2860, in set_field
    _LIB.LGBM_DatasetSetField(
OSError: exception: access violation reading 0x0000000000000000


2026-08-25 18:06:51,800:INFO:Initializing create_model()
2026-08-25 18:06:51,800:INFO:create_model(self=<pycaret.classification.oop.ClassificationExperiment object at 0x0000022123C69050>, estimator=lightgbm, fold=StratifiedKFold(n_splits=10, random_state=None, shuffle=False), round=4, cross_validation=True, predict=True, fit_kwargs={}, groups=None, refit=False, probability_threshold=None, experiment_custom_tags=None, verbose=False, system=False, add_to_model_list=True, metrics=None, display=<pycaret.internal.display.display.CommonDisplay object at 0x000002212689B3D0>, model_only=True, return_train_score=False, error_score=0.0, kwargs={})
2026-08-25 18:06:51,800:INFO:Checking exceptions
2026-08-25 18:06:51,801:INFO:Importing libraries
2026-08-25 18:06:51,801:INFO:Copying training dataset
2026-08-25 18:06:51,804:INFO:Defining folds
2026-08-25 18:06:51,804:INFO:Declaring metric variables
2026-08-25 18:06:51,805:INFO:Importing untrained model
2026-08-25 18:06:51,805:INFO:Light Gradient Boosting Machine Imported successfully
2026-08-25 18:06:51,805:INFO:Starting cross validation
2026-08-25 18:06:51,807:INFO:Cross validating with StratifiedKFold(n_splits=10, random_state=None, shuffle=False), n_jobs=-1
2026-08-25 18:06:51,873:ERROR:create_model() for lightgbm raised an exception or returned all 0.0:
2026-08-25 18:06:51,875:ERROR:Traceback (most recent call last):
  File "C:\Users\youne\Desktop\AutoMLapp\.venv\Lib\site-packages\pycaret\internal\pycaret_experiment\supervised_experiment.py", line 794, in compare_models
    model, model_fit_time = self._create_model(**create_model_args)
                            ^^^^^^^^^^^^^^^^^^^^^^^^^^^^^^^^^^^^^^^
  File "C:\Users\youne\Desktop\AutoMLapp\.venv\Lib\site-packages\pycaret\internal\pycaret_experiment\supervised_experiment.py", line 1533, in _create_model
    model, model_fit_time, model_results, _ = self._create_model_with_cv(
                                              ^^^^^^^^^^^^^^^^^^^^^^^^^^^
  File "C:\Users\youne\Desktop\AutoMLapp\.venv\Lib\site-packages\pycaret\internal\pycaret_experiment\supervised_experiment.py", line 1126, in _create_model_with_cv
    scores = cross_validate(
             ^^^^^^^^^^^^^^^
  File "C:\Users\youne\Desktop\AutoMLapp\.venv\Lib\site-packages\sklearn\utils\_param_validation.py", line 213, in wrapper
    return func(*args, **kwargs)
           ^^^^^^^^^^^^^^^^^^^^^
  File "C:\Users\youne\Desktop\AutoMLapp\.venv\Lib\site-packages\sklearn\model_selection\_validation.py", line 450, in cross_validate
    _warn_or_raise_about_fit_failures(results, error_score)
  File "C:\Users\youne\Desktop\AutoMLapp\.venv\Lib\site-packages\sklearn\model_selection\_validation.py", line 536, in _warn_or_raise_about_fit_failures
    raise ValueError(all_fits_failed_message)
ValueError: 
All the 10 fits failed.
It is very likely that your model is misconfigured.
You can try to debug the error by setting error_score='raise'.

Below are more details about the failures:
--------------------------------------------------------------------------------
10 fits failed with the following error:
Traceback (most recent call last):
  File "C:\Users\youne\Desktop\AutoMLapp\.venv\Lib\site-packages\sklearn\model_selection\_validation.py", line 895, in _fit_and_score
    estimator.fit(X_train, y_train, **fit_params)
  File "C:\Users\youne\Desktop\AutoMLapp\.venv\Lib\site-packages\pycaret\internal\pipeline.py", line 278, in fit
    fitted_estimator = self._memory_fit(
                       ^^^^^^^^^^^^^^^^^
  File "C:\Users\youne\Desktop\AutoMLapp\.venv\Lib\site-packages\joblib\memory.py", line 353, in __call__
    return self.func(*args, **kwargs)
           ^^^^^^^^^^^^^^^^^^^^^^^^^^
  File "C:\Users\youne\Desktop\AutoMLapp\.venv\Lib\site-packages\pycaret\internal\pipeline.py", line 69, in _fit_one
    transformer.fit(*args)
  File "C:\Users\youne\Desktop\AutoMLapp\.venv\Lib\site-packages\lightgbm\sklearn.py", line 1704, in fit
    super().fit(
  File "C:\Users\youne\Desktop\AutoMLapp\.venv\Lib\site-packages\lightgbm\sklearn.py", line 1171, in fit
    self._Booster = train(
                    ^^^^^^
  File "C:\Users\youne\Desktop\AutoMLapp\.venv\Lib\site-packages\lightgbm\engine.py", line 296, in train
    booster = Booster(params=params, train_set=train_set)
              ^^^^^^^^^^^^^^^^^^^^^^^^^^^^^^^^^^^^^^^^^^^
  File "C:\Users\youne\Desktop\AutoMLapp\.venv\Lib\site-packages\lightgbm\basic.py", line 3758, in __init__
    train_set.construct()
  File "C:\Users\youne\Desktop\AutoMLapp\.venv\Lib\site-packages\lightgbm\basic.py", line 2574, in construct
    self._lazy_init(
  File "C:\Users\youne\Desktop\AutoMLapp\.venv\Lib\site-packages\lightgbm\basic.py", line 2189, in _lazy_init
    self.set_label(label)
  File "C:\Users\youne\Desktop\AutoMLapp\.venv\Lib\site-packages\lightgbm\basic.py", line 3097, in set_label
    self.set_field("label", label_array)
  File "C:\Users\youne\Desktop\AutoMLapp\.venv\Lib\site-packages\lightgbm\basic.py", line 2860, in set_field
    _LIB.LGBM_DatasetSetField(
OSError: exception: access violation reading 0x0000000000000000


During handling of the above exception, another exception occurred:

Traceback (most recent call last):
  File "C:\Users\youne\Desktop\AutoMLapp\.venv\Lib\site-packages\pycaret\internal\pycaret_experiment\supervised_experiment.py", line 815, in compare_models
    model, model_fit_time = self._create_model(**create_model_args)
                            ^^^^^^^^^^^^^^^^^^^^^^^^^^^^^^^^^^^^^^^
  File "C:\Users\youne\Desktop\AutoMLapp\.venv\Lib\site-packages\pycaret\internal\pycaret_experiment\supervised_experiment.py", line 1533, in _create_model
    model, model_fit_time, model_results, _ = self._create_model_with_cv(
                                              ^^^^^^^^^^^^^^^^^^^^^^^^^^^
  File "C:\Users\youne\Desktop\AutoMLapp\.venv\Lib\site-packages\pycaret\internal\pycaret_experiment\supervised_experiment.py", line 1126, in _create_model_with_cv
    scores = cross_validate(
             ^^^^^^^^^^^^^^^
  File "C:\Users\youne\Desktop\AutoMLapp\.venv\Lib\site-packages\sklearn\utils\_param_validation.py", line 213, in wrapper
    return func(*args, **kwargs)
           ^^^^^^^^^^^^^^^^^^^^^
  File "C:\Users\youne\Desktop\AutoMLapp\.venv\Lib\site-packages\sklearn\model_selection\_validation.py", line 450, in cross_validate
    _warn_or_raise_about_fit_failures(results, error_score)
  File "C:\Users\youne\Desktop\AutoMLapp\.venv\Lib\site-packages\sklearn\model_selection\_validation.py", line 536, in _warn_or_raise_about_fit_failures
    raise ValueError(all_fits_failed_message)
ValueError: 
All the 10 fits failed.
It is very likely that your model is misconfigured.
You can try to debug the error by setting error_score='raise'.

Below are more details about the failures:
--------------------------------------------------------------------------------
10 fits failed with the following error:
Traceback (most recent call last):
  File "C:\Users\youne\Desktop\AutoMLapp\.venv\Lib\site-packages\sklearn\model_selection\_validation.py", line 895, in _fit_and_score
    estimator.fit(X_train, y_train, **fit_params)
  File "C:\Users\youne\Desktop\AutoMLapp\.venv\Lib\site-packages\pycaret\internal\pipeline.py", line 278, in fit
    fitted_estimator = self._memory_fit(
                       ^^^^^^^^^^^^^^^^^
  File "C:\Users\youne\Desktop\AutoMLapp\.venv\Lib\site-packages\joblib\memory.py", line 353, in __call__
    return self.func(*args, **kwargs)
           ^^^^^^^^^^^^^^^^^^^^^^^^^^
  File "C:\Users\youne\Desktop\AutoMLapp\.venv\Lib\site-packages\pycaret\internal\pipeline.py", line 69, in _fit_one
    transformer.fit(*args)
  File "C:\Users\youne\Desktop\AutoMLapp\.venv\Lib\site-packages\lightgbm\sklearn.py", line 1704, in fit
    super().fit(
  File "C:\Users\youne\Desktop\AutoMLapp\.venv\Lib\site-packages\lightgbm\sklearn.py", line 1171, in fit
    self._Booster = train(
                    ^^^^^^
  File "C:\Users\youne\Desktop\AutoMLapp\.venv\Lib\site-packages\lightgbm\engine.py", line 296, in train
    booster = Booster(params=params, train_set=train_set)
              ^^^^^^^^^^^^^^^^^^^^^^^^^^^^^^^^^^^^^^^^^^^
  File "C:\Users\youne\Desktop\AutoMLapp\.venv\Lib\site-packages\lightgbm\basic.py", line 3758, in __init__
    train_set.construct()
  File "C:\Users\youne\Desktop\AutoMLapp\.venv\Lib\site-packages\lightgbm\basic.py", line 2574, in construct
    self._lazy_init(
  File "C:\Users\youne\Desktop\AutoMLapp\.venv\Lib\site-packages\lightgbm\basic.py", line 2189, in _lazy_init
    self.set_label(label)
  File "C:\Users\youne\Desktop\AutoMLapp\.venv\Lib\site-packages\lightgbm\basic.py", line 3097, in set_label
    self.set_field("label", label_array)
  File "C:\Users\youne\Desktop\AutoMLapp\.venv\Lib\site-packages\lightgbm\basic.py", line 2860, in set_field
    _LIB.LGBM_DatasetSetField(
OSError: exception: access violation reading 0x0000000000000000


2026-08-25 18:06:51,876:INFO:Initializing Dummy Classifier
2026-08-25 18:06:51,876:INFO:Total runtime is 0.05686300198237101 minutes
2026-08-25 18:06:51,876:INFO:SubProcess create_model() called ==================================
2026-08-25 18:06:51,877:INFO:Initializing create_model()
2026-08-25 18:06:51,877:INFO:create_model(self=<pycaret.classification.oop.ClassificationExperiment object at 0x0000022123C69050>, estimator=dummy, fold=StratifiedKFold(n_splits=10, random_state=None, shuffle=False), round=4, cross_validation=True, predict=True, fit_kwargs={}, groups=None, refit=False, probability_threshold=None, experiment_custom_tags=None, verbose=False, system=False, add_to_model_list=True, metrics=None, display=<pycaret.internal.display.display.CommonDisplay object at 0x000002212689B3D0>, model_only=True, return_train_score=False, error_score=0.0, kwargs={})
2026-08-25 18:06:51,877:INFO:Checking exceptions
2026-08-25 18:06:51,877:INFO:Importing libraries
2026-08-25 18:06:51,877:INFO:Copying training dataset
2026-08-25 18:06:51,881:INFO:Defining folds
2026-08-25 18:06:51,882:INFO:Declaring metric variables
2026-08-25 18:06:51,882:INFO:Importing untrained model
2026-08-25 18:06:51,882:INFO:Dummy Classifier Imported successfully
2026-08-25 18:06:51,882:INFO:Starting cross validation
2026-08-25 18:06:51,883:INFO:Cross validating with StratifiedKFold(n_splits=10, random_state=None, shuffle=False), n_jobs=-1
2026-08-25 18:06:51,938:WARNING:C:\Users\youne\Desktop\AutoMLapp\.venv\Lib\site-packages\sklearn\metrics\_classification.py:1561: UserWarning: Note that pos_label (set to 'Virginica') is ignored when average != 'binary' (got 'weighted'). You may use labels=[pos_label] to specify a single positive class.
  warnings.warn(

2026-08-25 18:06:51,938:WARNING:C:\Users\youne\Desktop\AutoMLapp\.venv\Lib\site-packages\sklearn\metrics\_classification.py:1561: UserWarning: Note that pos_label (set to 'Virginica') is ignored when average != 'binary' (got 'weighted'). You may use labels=[pos_label] to specify a single positive class.
  warnings.warn(

2026-08-25 18:06:51,940:WARNING:C:\Users\youne\Desktop\AutoMLapp\.venv\Lib\site-packages\sklearn\metrics\_classification.py:1561: UserWarning: Note that pos_label (set to 'Virginica') is ignored when average != 'binary' (got 'weighted'). You may use labels=[pos_label] to specify a single positive class.
  warnings.warn(

2026-08-25 18:06:51,940:WARNING:C:\Users\youne\Desktop\AutoMLapp\.venv\Lib\site-packages\sklearn\metrics\_classification.py:1561: UserWarning: Note that pos_label (set to 'Virginica') is ignored when average != 'binary' (got 'weighted'). You may use labels=[pos_label] to specify a single positive class.
  warnings.warn(

2026-08-25 18:06:51,940:WARNING:C:\Users\youne\Desktop\AutoMLapp\.venv\Lib\site-packages\sklearn\metrics\_classification.py:1561: UserWarning: Note that pos_label (set to 'Virginica') is ignored when average != 'binary' (got 'weighted'). You may use labels=[pos_label] to specify a single positive class.
  warnings.warn(

2026-08-25 18:06:51,941:WARNING:C:\Users\youne\Desktop\AutoMLapp\.venv\Lib\site-packages\sklearn\metrics\_classification.py:1561: UserWarning: Note that pos_label (set to 'Virginica') is ignored when average != 'binary' (got 'weighted'). You may use labels=[pos_label] to specify a single positive class.
  warnings.warn(

2026-08-25 18:06:51,941:WARNING:C:\Users\youne\Desktop\AutoMLapp\.venv\Lib\site-packages\sklearn\metrics\_classification.py:1561: UserWarning: Note that pos_label (set to 'Virginica') is ignored when average != 'binary' (got 'weighted'). You may use labels=[pos_label] to specify a single positive class.
  warnings.warn(

2026-08-25 18:06:51,942:WARNING:C:\Users\youne\Desktop\AutoMLapp\.venv\Lib\site-packages\sklearn\metrics\_classification.py:1561: UserWarning: Note that pos_label (set to 'Virginica') is ignored when average != 'binary' (got 'weighted'). You may use labels=[pos_label] to specify a single positive class.
  warnings.warn(

2026-08-25 18:06:51,944:WARNING:C:\Users\youne\Desktop\AutoMLapp\.venv\Lib\site-packages\sklearn\metrics\_classification.py:1509: UndefinedMetricWarning: Precision is ill-defined and being set to 0.0 in labels with no predicted samples. Use `zero_division` parameter to control this behavior.
  _warn_prf(average, modifier, f"{metric.capitalize()} is", len(result))

2026-08-25 18:06:51,944:WARNING:C:\Users\youne\Desktop\AutoMLapp\.venv\Lib\site-packages\sklearn\metrics\_classification.py:1561: UserWarning: Note that pos_label (set to 'Virginica') is ignored when average != 'binary' (got 'weighted'). You may use labels=[pos_label] to specify a single positive class.
  warnings.warn(

2026-08-25 18:06:51,946:WARNING:C:\Users\youne\Desktop\AutoMLapp\.venv\Lib\site-packages\sklearn\metrics\_classification.py:1561: UserWarning: Note that pos_label (set to 'Virginica') is ignored when average != 'binary' (got 'weighted'). You may use labels=[pos_label] to specify a single positive class.
  warnings.warn(

2026-08-25 18:06:51,946:WARNING:C:\Users\youne\Desktop\AutoMLapp\.venv\Lib\site-packages\sklearn\metrics\_classification.py:1561: UserWarning: Note that pos_label (set to 'Virginica') is ignored when average != 'binary' (got 'weighted'). You may use labels=[pos_label] to specify a single positive class.
  warnings.warn(

2026-08-25 18:06:51,947:WARNING:C:\Users\youne\Desktop\AutoMLapp\.venv\Lib\site-packages\sklearn\metrics\_classification.py:1561: UserWarning: Note that pos_label (set to 'Virginica') is ignored when average != 'binary' (got 'weighted'). You may use labels=[pos_label] to specify a single positive class.
  warnings.warn(

2026-08-25 18:06:51,947:WARNING:C:\Users\youne\Desktop\AutoMLapp\.venv\Lib\site-packages\sklearn\metrics\_classification.py:1561: UserWarning: Note that pos_label (set to 'Virginica') is ignored when average != 'binary' (got 'weighted'). You may use labels=[pos_label] to specify a single positive class.
  warnings.warn(

2026-08-25 18:06:51,948:WARNING:C:\Users\youne\Desktop\AutoMLapp\.venv\Lib\site-packages\sklearn\metrics\_classification.py:1561: UserWarning: Note that pos_label (set to 'Virginica') is ignored when average != 'binary' (got 'weighted'). You may use labels=[pos_label] to specify a single positive class.
  warnings.warn(

2026-08-25 18:06:51,948:WARNING:C:\Users\youne\Desktop\AutoMLapp\.venv\Lib\site-packages\sklearn\metrics\_classification.py:1509: UndefinedMetricWarning: Precision is ill-defined and being set to 0.0 in labels with no predicted samples. Use `zero_division` parameter to control this behavior.
  _warn_prf(average, modifier, f"{metric.capitalize()} is", len(result))

2026-08-25 18:06:51,948:WARNING:C:\Users\youne\Desktop\AutoMLapp\.venv\Lib\site-packages\sklearn\metrics\_classification.py:1561: UserWarning: Note that pos_label (set to 'Virginica') is ignored when average != 'binary' (got 'weighted'). You may use labels=[pos_label] to specify a single positive class.
  warnings.warn(

2026-08-25 18:06:51,944:WARNING:C:\Users\youne\Desktop\AutoMLapp\.venv\Lib\site-packages\sklearn\metrics\_classification.py:1561: UserWarning: Note that pos_label (set to 'Virginica') is ignored when average != 'binary' (got 'weighted'). You may use labels=[pos_label] to specify a single positive class.
  warnings.warn(

2026-08-25 18:06:51,949:WARNING:C:\Users\youne\Desktop\AutoMLapp\.venv\Lib\site-packages\sklearn\metrics\_classification.py:1561: UserWarning: Note that pos_label (set to 'Virginica') is ignored when average != 'binary' (got 'weighted'). You may use labels=[pos_label] to specify a single positive class.
  warnings.warn(

2026-08-25 18:06:51,950:WARNING:C:\Users\youne\Desktop\AutoMLapp\.venv\Lib\site-packages\sklearn\metrics\_classification.py:1509: UndefinedMetricWarning: Precision is ill-defined and being set to 0.0 in labels with no predicted samples. Use `zero_division` parameter to control this behavior.
  _warn_prf(average, modifier, f"{metric.capitalize()} is", len(result))

2026-08-25 18:06:51,950:WARNING:C:\Users\youne\Desktop\AutoMLapp\.venv\Lib\site-packages\sklearn\metrics\_classification.py:1561: UserWarning: Note that pos_label (set to 'Virginica') is ignored when average != 'binary' (got 'weighted'). You may use labels=[pos_label] to specify a single positive class.
  warnings.warn(

2026-08-25 18:06:51,950:WARNING:C:\Users\youne\Desktop\AutoMLapp\.venv\Lib\site-packages\sklearn\metrics\_classification.py:1509: UndefinedMetricWarning: Precision is ill-defined and being set to 0.0 in labels with no predicted samples. Use `zero_division` parameter to control this behavior.
  _warn_prf(average, modifier, f"{metric.capitalize()} is", len(result))

2026-08-25 18:06:51,950:WARNING:C:\Users\youne\Desktop\AutoMLapp\.venv\Lib\site-packages\sklearn\metrics\_classification.py:1509: UndefinedMetricWarning: Precision is ill-defined and being set to 0.0 in labels with no predicted samples. Use `zero_division` parameter to control this behavior.
  _warn_prf(average, modifier, f"{metric.capitalize()} is", len(result))

2026-08-25 18:06:51,950:WARNING:C:\Users\youne\Desktop\AutoMLapp\.venv\Lib\site-packages\sklearn\metrics\_classification.py:1509: UndefinedMetricWarning: Precision is ill-defined and being set to 0.0 in labels with no predicted samples. Use `zero_division` parameter to control this behavior.
  _warn_prf(average, modifier, f"{metric.capitalize()} is", len(result))

2026-08-25 18:06:51,952:WARNING:C:\Users\youne\Desktop\AutoMLapp\.venv\Lib\site-packages\sklearn\metrics\_classification.py:1561: UserWarning: Note that pos_label (set to 'Virginica') is ignored when average != 'binary' (got 'weighted'). You may use labels=[pos_label] to specify a single positive class.
  warnings.warn(

2026-08-25 18:06:51,952:WARNING:C:\Users\youne\Desktop\AutoMLapp\.venv\Lib\site-packages\sklearn\metrics\_classification.py:1561: UserWarning: Note that pos_label (set to 'Virginica') is ignored when average != 'binary' (got 'weighted'). You may use labels=[pos_label] to specify a single positive class.
  warnings.warn(

2026-08-25 18:06:51,952:WARNING:C:\Users\youne\Desktop\AutoMLapp\.venv\Lib\site-packages\sklearn\metrics\_classification.py:1561: UserWarning: Note that pos_label (set to 'Virginica') is ignored when average != 'binary' (got 'weighted'). You may use labels=[pos_label] to specify a single positive class.
  warnings.warn(

2026-08-25 18:06:51,952:WARNING:C:\Users\youne\Desktop\AutoMLapp\.venv\Lib\site-packages\sklearn\metrics\_classification.py:1561: UserWarning: Note that pos_label (set to 'Virginica') is ignored when average != 'binary' (got 'weighted'). You may use labels=[pos_label] to specify a single positive class.
  warnings.warn(

2026-08-25 18:06:51,952:WARNING:C:\Users\youne\Desktop\AutoMLapp\.venv\Lib\site-packages\sklearn\metrics\_classification.py:1561: UserWarning: Note that pos_label (set to 'Virginica') is ignored when average != 'binary' (got 'weighted'). You may use labels=[pos_label] to specify a single positive class.
  warnings.warn(

2026-08-25 18:06:51,953:WARNING:C:\Users\youne\Desktop\AutoMLapp\.venv\Lib\site-packages\sklearn\metrics\_classification.py:1561: UserWarning: Note that pos_label (set to 'Virginica') is ignored when average != 'binary' (got 'weighted'). You may use labels=[pos_label] to specify a single positive class.
  warnings.warn(

2026-08-25 18:06:51,953:WARNING:C:\Users\youne\Desktop\AutoMLapp\.venv\Lib\site-packages\sklearn\metrics\_classification.py:1509: UndefinedMetricWarning: Precision is ill-defined and being set to 0.0 in labels with no predicted samples. Use `zero_division` parameter to control this behavior.
  _warn_prf(average, modifier, f"{metric.capitalize()} is", len(result))

2026-08-25 18:06:51,956:WARNING:C:\Users\youne\Desktop\AutoMLapp\.venv\Lib\site-packages\sklearn\metrics\_classification.py:1561: UserWarning: Note that pos_label (set to 'Virginica') is ignored when average != 'binary' (got 'weighted'). You may use labels=[pos_label] to specify a single positive class.
  warnings.warn(

2026-08-25 18:06:51,956:WARNING:C:\Users\youne\Desktop\AutoMLapp\.venv\Lib\site-packages\sklearn\metrics\_classification.py:1561: UserWarning: Note that pos_label (set to 'Virginica') is ignored when average != 'binary' (got 'weighted'). You may use labels=[pos_label] to specify a single positive class.
  warnings.warn(

2026-08-25 18:06:51,957:WARNING:C:\Users\youne\Desktop\AutoMLapp\.venv\Lib\site-packages\sklearn\metrics\_classification.py:1561: UserWarning: Note that pos_label (set to 'Virginica') is ignored when average != 'binary' (got 'weighted'). You may use labels=[pos_label] to specify a single positive class.
  warnings.warn(

2026-08-25 18:06:51,958:WARNING:C:\Users\youne\Desktop\AutoMLapp\.venv\Lib\site-packages\sklearn\metrics\_classification.py:1509: UndefinedMetricWarning: Precision is ill-defined and being set to 0.0 in labels with no predicted samples. Use `zero_division` parameter to control this behavior.
  _warn_prf(average, modifier, f"{metric.capitalize()} is", len(result))

2026-08-25 18:06:51,958:WARNING:C:\Users\youne\Desktop\AutoMLapp\.venv\Lib\site-packages\sklearn\metrics\_classification.py:1509: UndefinedMetricWarning: Precision is ill-defined and being set to 0.0 in labels with no predicted samples. Use `zero_division` parameter to control this behavior.
  _warn_prf(average, modifier, f"{metric.capitalize()} is", len(result))

2026-08-25 18:06:51,960:WARNING:C:\Users\youne\Desktop\AutoMLapp\.venv\Lib\site-packages\sklearn\metrics\_classification.py:1561: UserWarning: Note that pos_label (set to 'Virginica') is ignored when average != 'binary' (got 'weighted'). You may use labels=[pos_label] to specify a single positive class.
  warnings.warn(

2026-08-25 18:06:51,961:WARNING:C:\Users\youne\Desktop\AutoMLapp\.venv\Lib\site-packages\sklearn\metrics\_classification.py:1561: UserWarning: Note that pos_label (set to 'Virginica') is ignored when average != 'binary' (got 'weighted'). You may use labels=[pos_label] to specify a single positive class.
  warnings.warn(

2026-08-25 18:06:51,967:INFO:Calculating mean and std
2026-08-25 18:06:51,968:INFO:Creating metrics dataframe
2026-08-25 18:06:51,970:INFO:Uploading results into container
2026-08-25 18:06:51,970:INFO:Uploading model into container now
2026-08-25 18:06:51,970:INFO:_master_model_container: 13
2026-08-25 18:06:51,970:INFO:_display_container: 2
2026-08-25 18:06:51,971:INFO:DummyClassifier(constant=None, random_state=42, strategy='prior')
2026-08-25 18:06:51,971:INFO:create_model() successfully completed......................................
2026-08-25 18:06:52,115:INFO:SubProcess create_model() end ==================================
2026-08-25 18:06:52,115:INFO:Creating metrics dataframe
2026-08-25 18:06:52,117:WARNING:C:\Users\youne\Desktop\AutoMLapp\.venv\Lib\site-packages\pycaret\internal\pycaret_experiment\supervised_experiment.py:339: FutureWarning:

Styler.applymap has been deprecated. Use Styler.map instead.


2026-08-25 18:06:52,119:INFO:Initializing create_model()
2026-08-25 18:06:52,119:INFO:create_model(self=<pycaret.classification.oop.ClassificationExperiment object at 0x0000022123C69050>, estimator=QuadraticDiscriminantAnalysis(priors=None, reg_param=0.0,
                              store_covariance=False, tol=0.0001), fold=StratifiedKFold(n_splits=10, random_state=None, shuffle=False), round=4, cross_validation=False, predict=False, fit_kwargs={}, groups=None, refit=True, probability_threshold=None, experiment_custom_tags=None, verbose=False, system=False, add_to_model_list=True, metrics=None, display=None, model_only=True, return_train_score=False, error_score=0.0, kwargs={})
2026-08-25 18:06:52,119:INFO:Checking exceptions
2026-08-25 18:06:52,119:INFO:Importing libraries
2026-08-25 18:06:52,119:INFO:Copying training dataset
2026-08-25 18:06:52,121:INFO:Defining folds
2026-08-25 18:06:52,121:INFO:Declaring metric variables
2026-08-25 18:06:52,121:INFO:Importing untrained model
2026-08-25 18:06:52,121:INFO:Declaring custom model
2026-08-25 18:06:52,122:INFO:Quadratic Discriminant Analysis Imported successfully
2026-08-25 18:06:52,123:INFO:Cross validation set to False
2026-08-25 18:06:52,123:INFO:Fitting Model
2026-08-25 18:06:52,134:INFO:QuadraticDiscriminantAnalysis(priors=None, reg_param=0.0,
                              store_covariance=False, tol=0.0001)
2026-08-25 18:06:52,134:INFO:create_model() successfully completed......................................
2026-08-25 18:06:52,298:INFO:_master_model_container: 13
2026-08-25 18:06:52,298:INFO:_display_container: 2
2026-08-25 18:06:52,298:INFO:QuadraticDiscriminantAnalysis(priors=None, reg_param=0.0,
                              store_covariance=False, tol=0.0001)
2026-08-25 18:06:52,298:INFO:compare_models() successfully completed......................................
2026-08-25 18:06:52,304:INFO:Initializing save_model()
2026-08-25 18:06:52,304:INFO:save_model(model=QuadraticDiscriminantAnalysis(priors=None, reg_param=0.0,
                              store_covariance=False, tol=0.0001), model_name=best_model, prep_pipe_=Pipeline(memory=FastMemory(location=C:\Users\youne\AppData\Local\Temp\joblib),
         steps=[('label_encoding',
                 TransformerWrapperWithInverse(exclude=None, include=None,
                                               transformer=LabelEncoder())),
                ('numerical_imputer',
                 TransformerWrapper(exclude=None,
                                    include=['sepal.length', 'sepal.width',
                                             'petal.length', 'petal.width'],
                                    transformer=SimpleImputer(add_indicator=F...
                ('categorical_imputer',
                 TransformerWrapper(exclude=None, include=[],
                                    transformer=SimpleImputer(add_indicator=False,
                                                              copy=True,
                                                              fill_value=None,
                                                              keep_empty_features=False,
                                                              missing_values=nan,
                                                              strategy='most_frequent'))),
                ('clean_column_names',
                 TransformerWrapper(exclude=None, include=None,
                                    transformer=CleanColumnNames(match='[\\]\\[\\,\\{\\}\\"\\:]+')))],
         verbose=False), verbose=True, use_case=MLUsecase.CLASSIFICATION, kwargs={})
2026-08-25 18:06:52,304:INFO:Adding model into prep_pipe
2026-08-25 18:06:52,307:INFO:best_model.pkl saved in current working directory
2026-08-25 18:06:52,314:INFO:Pipeline(memory=Memory(location=None),
         steps=[('label_encoding',
                 TransformerWrapperWithInverse(exclude=None, include=None,
                                               transformer=LabelEncoder())),
                ('numerical_imputer',
                 TransformerWrapper(exclude=None,
                                    include=['sepal.length', 'sepal.width',
                                             'petal.length', 'petal.width'],
                                    transformer=SimpleImputer(add_indicator=False,
                                                              copy=True,
                                                              fill_value=None,
                                                              keep_empt...
                                                              copy=True,
                                                              fill_value=None,
                                                              keep_empty_features=False,
                                                              missing_values=nan,
                                                              strategy='most_frequent'))),
                ('clean_column_names',
                 TransformerWrapper(exclude=None, include=None,
                                    transformer=CleanColumnNames(match='[\\]\\[\\,\\{\\}\\"\\:]+'))),
                ('trained_model',
                 QuadraticDiscriminantAnalysis(priors=None, reg_param=0.0,
                                               store_covariance=False,
                                               tol=0.0001))],
         verbose=False)
2026-08-25 18:06:52,314:INFO:save_model() successfully completed......................................
